,cluster.init
AAACAAGTATCTCCCA-1,3
AAACAATCTACTAGCA-1,255
AAACACCAATAACTGC-1,255
AAACAGAGCGACTCCT-1,3
AAACAGCTTTCAGAAG-1,255
AAACAGGGTCTATATT-1,255
AAACAGTGTTCCTGGG-1,255
AAACATTTCCCGGATT-1,3
AAACCCGAACGAAATC-1,255
AAACCGGGTAGGTACC-1,6
AAACCGTTCGTCCAGG-1,255
AAACCTAAGCAGCCGG-1,255
AAACCTCATGAAGTTG-1,5
AAACGAAGAACATACC-1,255
AAACGAGACGGTTGAT-1,255
AAACGGGCGTACGGGT-1,255
AAACGGTTGCGAACTG-1,255
AAACTCGGTTCGCAAT-1,255
AAACTCGTGATATAAG-1,255
AAACTGCTGGCTCCAA-1,6
AAACTTAATTGCACGC-1,255
AAACTTGCAAACGTAT-1,6
AAAGACATGAAGTTTA-1,2
AAAGACCCAAGTCGCG-1,255
AAAGACTGGGCGCTTT-1,255
AAAGGCCCTATAATAC-1,255
AAAGGCTACGGACCAT-1,255
AAAGGCTCTCGCGCCG-1,255
AAAGGGATGTAGCAAG-1,255
AAAGGGCAGCTTGAAT-1,255
AAAGGTAAGCTGTACC-1,255
AAAGTAGCATTGCTCA-1,255
AAAGTCACTGATGTAA-1,255
AAAGTCGACCCTCAGT-1,255
AAAGTGTGATTTATCT-1,255
AAAGTTGACTCCCGTA-1,255
AAATAACCATACGGGA-1,255
AAATAAGGTAGTGCCC-1,2
AAATACCTATAAGCAT-1,255
AAATAGCTTAGACTTT-1,3
AAATAGGGTGCTATTG-1,5
AAATCCGATACACGCC-1,255
AAATCGTGTACCACAA-1,255
AAATCTAGCCCTGCTA-1,3
AAATGATTCGATCAGC-1,255
AAATGCTCGTTACGTT-1,255
AAATGGCATGTCTTGT-1,3
AAATGGCCCGTGCCCT-1,255
AAATGGTCAATGTGCC-1,255
AAATGTGGGTGCTCCT-1,1
AAATTAACGGGTAGCT-1,255
AAATTACACGACTCTG-1,255
AAATTACCTATCGATG-1,255
AAATTGATAGTCCTTT-1,7
AAATTGCGGCGGTTCT-1,255
AAATTTACCGAAATCC-1,255
AAATTTGCGGGTGTGG-1,255
AACAACTGGTAGTTGC-1,5
AACAATACATTGTCGA-1,7
AACAATTACTCTACGC-1,255
AACACACGCTCGCCGC-1,255
AACACGACTGTACTGA-1,3
AACACGAGACGCGGCC-1,6
AACACGCGGCCGCGAA-1,1
AACAGCTGTGTGGCAA-1,255
AACAGGAAATCGAATA-1,255
AACAGGATGGGCCGCG-1,255
AACAGGTAGTATGGAT-1,255
AACATATCAACTGGTG-1,255
AACATCGATACGTCTA-1,255
AACATTGAAGTTGATC-1,255
AACATTGGTCAGCCGT-1,255
AACATTGTGACTCGAG-1,255
AACCAAGACTTCTCTG-1,5
AACCAGTATCACTCTT-1,255
AACCATAGGGTTGAAC-1,255
AACCATGGGATCGCTA-1,255
AACCCAGAGACGGAGA-1,3
AACCCATCCCATGATC-1,255
AACCCGACAACCCGTG-1,255
AACCCGAGCAGAATCG-1,2
AACCCTACTGTCAATA-1,255
AACCCTGGTGGAACCA-1,3
AACCGAGCTTGGTCAT-1,255
AACCGCTAAGGGATGC-1,255
AACCGTTGTGTTTGCT-1,3
AACCTAAAGCCGTCCG-1,2
AACCTCGCTTTAGCCC-1,255
AACCTTTAAATACGGT-1,255
AACCTTTACGACGTCT-1,255
AACGAAAGTCGTCCCA-1,255
AACGATAATGCCGTAG-1,255
AACGATAGAAGGGCCG-1,255
AACGATATGTCAACTG-1,255
AACGCATGATCTGGGT-1,3
AACGCGACCTTGGGCG-1,255
AACGCGGTCTCCAGCC-1,255
AACGCTGTTGCTGAAA-1,255
AACGGACGTACGTATA-1,4
AACGGCCATCTCCGGT-1,255
AACGTACTGTGGGTAC-1,255
AACGTAGTCTACCCAT-1,255
AACGTCAGACTAGTGG-1,255
AACGTGATGAAGGACA-1,3
AACGTGCGAAAGTCTC-1,255
AACTACCCGTTTGTCA-1,255
AACTAGCGTATCGCAC-1,255
AACTAGGCTTGGGTGT-1,6
AACTCAAGTTAATTGC-1,6
AACTCCAGAGCGTGTT-1,255
AACTCCTAATCCCATG-1,255
AACTCGATAAACACGT-1,255
AACTCGATGGCGCAGT-1,255
AACTCTCAATAGAGCG-1,255
AACTCTCAGTGTGCTC-1,255
AACTGATATTAGGCCT-1,255
AACTGGGTCCCGACGT-1,5
AACTGGGTTCGAGCCG-1,255
AACTGGTGTGGGCCTT-1,2
AACTTCTGCGTCTATC-1,255
AACTTGCCCGTATGCA-1,255
AACTTGCGTTCTCGCG-1,255
AACTTTAGCTGCTGAG-1,255
AAGAAGGATCAGTTAG-1,255
AAGACATACGTGGTTT-1,255
AAGACCAAATAACTCA-1,255
AAGACCCAACTGAACA-1,255
AAGACTAACCCGTTGT-1,255
AAGACTCACGCCCACT-1,255
AAGACTGCAAGCTACT-1,255
AAGAGATGAATCGGTA-1,4
AAGAGCTCTTTATCGG-1,255
AAGAGGATGTACGCGA-1,255
AAGAGGCATGGATCGC-1,255
AAGAGGCCCTTTGGAA-1,255
AAGATGGCACCGGACC-1,7
AAGATTGGCGGAACGT-1,255
AAGCACCCTGCGTATC-1,255
AAGCATACTCTCCTGA-1,255
AAGCCGAAGCGGTTTA-1,255
AAGCCGCCGTGAAATC-1,255
AAGCGCAGGGCTTTGA-1,255
AAGCGGCGTCATGGGT-1,255
AAGCGTCCCTCATCGA-1,255
AAGCTAGATCGAGTAA-1,255
AAGCTCGTGCCAAGTC-1,255
AAGCTCTTTCATGGTG-1,255
AAGGAGAACTTATAAG-1,255
AAGGAGCGGTTGGTGC-1,255
AAGGATCGATCGCTTG-1,255
AAGGATGAGGGACCTC-1,255
AAGGCAGGCTGTCTCC-1,255
AAGGCGCGTAAAGCTT-1,255
AAGGCTGTGCTCATCG-1,255
AAGGGAACGACTGGCT-1,255
AAGGGACAGATTCTGT-1,4
AAGGGACTATGCATTC-1,255
AAGGTATCCTAATATA-1,5
AAGGTGATAAACCAGC-1,255
AAGTAAGCTTCCAAAC-1,255
AAGTAGAAGACCGGGT-1,255
AAGTAGTGACGCGAGG-1,5
AAGTCAATTGTCGTCA-1,255
AAGTGACGACCGAATT-1,255
AAGTGAGTCGGGTTTA-1,255
AAGTGCAAAGGTAGAC-1,255
AAGTGCCTTGACTGTA-1,3
AAGTGCGTTAGAATCT-1,255
AAGTGCTTCTCTATTG-1,255
AAGTGTTTGGAGACGG-1,5
AAGTTCACTCCAAGCT-1,255
AAGTTCAGTCTGCGTA-1,255
AAGTTCGGCCAACAGG-1,255
AAGTTGTGATGTTATA-1,255
AAGTTTACTAATGGCA-1,255
AAGTTTATGGGCCCAA-1,255
AATAACAACGCTCGGC-1,255
AATAACACTAGAACAA-1,255
AATAAGTCCTCGAGAC-1,255
AATACAATGTTTCAGG-1,3
AATACCGGAGGGCTGT-1,7
AATACCTGATGTGAAC-1,255
AATAGAACAGAGTGGC-1,255
AATAGAATCTGTTTCA-1,255
AATAGCTACCGCGTGC-1,2
AATAGTCCGTCCCGAC-1,255
AATATCAAGGTCGGAT-1,255
AATATCGAATCAATGC-1,255
AATATCGAGGGTTCTC-1,3
AATATTGGAGTATTGA-1,5
AATCAGACTGCAGGAC-1,255
AATCATGTAAAGACTC-1,3
AATCCAAGGGCCTGAG-1,3
AATCCATGCAAGGGTG-1,255
AATCGCCTCAGCGCCA-1,255
AATCGCGCAGAGGACT-1,255
AATCGGGACACTACGA-1,255
AATCGGTATAGCCCTC-1,255
AATCGTGAGCCGAGCA-1,255
AATCTAGGTTTACTTG-1,255
AATCTATGCCGGAGCC-1,255
AATCTCTACTGTGGTT-1,255
AATCTGCGTTGGGACG-1,255
AATCTGGCTTTCTAGT-1,255
AATCTGGGTAGACCCT-1,255
AATGACAGCAATGTCT-1,255
AATGACGTAGGATGTC-1,255
AATGACTGTCAGCCGG-1,255
AATGAGTTCGCATATG-1,2
AATGATGATACGCTAT-1,255
AATGATGCGACTCCTG-1,3
AATGCAACCGGGTACC-1,255
AATGCACCAAGCAATG-1,3
AATGGTCCACCGTTCA-1,255
AATGGTTCTCACAAGC-1,3
AATGTATGGCACTGTA-1,255
AATGTGCCCGAGGTGT-1,7
AATGTGCTAATCTGAG-1,255
AATTAAAGGTCGGCGT-1,255
AATTAACGGATTTCCA-1,255
AATTACGAGACCCATC-1,255
AATTACTCGTACGCTC-1,255
AATTAGCGCTGCAGCG-1,6
AATTCATAAGGGATCT-1,4
AATTCATTGTCATGCA-1,255
AATTCCAAGCATGTAC-1,255
AATTCGATTCGAGGAT-1,255
AATTCTAGAGTTAGGC-1,6
AATTGAACGCTCTGGT-1,5
AATTGCAGCAATCGAC-1,255
AATTGCGTGGATTACA-1,255
AATTTGGGACATAGTA-1,3
AATTTGGTTCCAAAGA-1,3
ACAAACCATGCGTCCT-1,255
ACAAACCGACAAGGCG-1,2
ACAAAGCATGACCTAG-1,3
ACAAATCGCACCGAAT-1,5
ACAAATGGTAGTGTTT-1,5
ACAAATTCAGATCTGA-1,255
ACAACAGCATGAGCTA-1,255
ACAACGGTCCCTGCGA-1,255
ACAAGCAGTGCCTAGC-1,255
ACAAGGAAATCCGCCC-1,255
ACAAGGACAAGAGGTT-1,255
ACAAGGATGCTTTAGG-1,255
ACAAGGGCAGGCTCTG-1,255
ACAATAGTCGTACGTT-1,255
ACAATCCATTTAAACC-1,255
ACAATCGATCTTTATA-1,255
ACAATGAATACGGAGA-1,255
ACAATTGTGTCTCTTT-1,255
ACAATTTGAGCAGTGG-1,5
ACACAAAGACGGGTGG-1,255
ACACACCAGGACCAGT-1,255
ACACACTTTCTACACG-1,255
ACACATGATCAAATCT-1,255
ACACATTGACGCAACA-1,255
ACACCCAGCATGCAGC-1,5
ACACCCGAGAAATCCG-1,255
ACACCGGTCTGACCGC-1,255
ACACCTTAAGTAGGGC-1,255
ACACCTTACTACTTGC-1,255
ACACGAGACTCCTTCT-1,255
ACACGGCACTATGCAT-1,255
ACACGGGAACTTAGGG-1,255
ACACGTAGGCCACAAG-1,255
ACACTCCAATGTCACT-1,255
ACACTGATCAAGGTGT-1,255
ACACTGGGACAGTCGT-1,255
ACAGAACTGAGAACAA-1,255
ACAGATTAGGTTAGTG-1,255
ACAGCATAGAGCCAGT-1,255
ACAGCGACATTCTCAT-1,3
ACAGCGCACCCGCAGC-1,3
ACAGGCTTGCCCGACT-1,255
ACAGGTGGAGGTGAGG-1,255
ACAGTAATACAACTTG-1,255
ACATAAGTCGTGGTGA-1,255
ACATAATAAGGCGGTG-1,5
ACATCAGCTGGGACGC-1,255
ACATCCCGGCCATACG-1,255
ACATCCTGGTAACTGT-1,255
ACATCGATCGTTTACC-1,255
ACATCGGTCAGCCGCG-1,255
ACATCGTATGCAATGG-1,255
ACATCGTTAACCTAGT-1,3
ACATCTCAACGCGTAA-1,255
ACATGGCGCCAAAGTA-1,3
ACATGGCTCAATTTAG-1,255
ACATTAGTTTATATCC-1,6
ACCAAACTAGAAATCC-1,255
ACCAACACCACACACT-1,255
ACCAACCGCACTCCAC-1,255
ACCAACGCTTATTTAT-1,255
ACCAAGAACGCGTGTC-1,255
ACCAATATGCAAGTTA-1,5
ACCACAACTCAGAACA-1,255
ACCACAAGTTTCTATC-1,255
ACCACCAATGTAACAA-1,3
ACCACGTGCAGCTATA-1,255
ACCACTGTTCAAGAAG-1,255
ACCAGCCCGGTCTTTG-1,255
ACCAGGAGTGTGATCT-1,1
ACCAGTGCCCGGTCAA-1,2
ACCAGTGCGGGAGACG-1,255
ACCATATCCGCAATAA-1,255
ACCATCCGCCAACTAG-1,255
ACCATCGTATATGGTA-1,255
ACCCAACGCCCGTGGC-1,255
ACCCACCTACATGCTC-1,255
ACCCATCTTGAGGGTA-1,255
ACCCATTTGTCCCTCT-1,3
ACCCGAGCGAAATTAC-1,255
ACCCGGAAACTCCCAG-1,255
ACCCGGATGACGCATC-1,255
ACCCGGTTACACTTCC-1,255
ACCCGTGTCATCAGTA-1,255
ACCCTATAGGACTGAG-1,255
ACCCTATGCCATATCG-1,7
ACCCTCCCTTGCTATT-1,5
ACCCTTCATCTGCGAA-1,3
ACCCTTTAGTTCTCCA-1,255
ACCGAAAGGGCCCTGC-1,255
ACCGAAGAGTCTGGTT-1,255
ACCGACACATCTCCCA-1,255
ACCGACTGAGTCCCAC-1,255
ACCGATGGTAGCATCG-1,255
ACCGCAATAACTGCCT-1,255
ACCGCGGTGGAAGTCG-1,3
ACCGGGCCTTTGTTGA-1,255
ACCGGTCAGGTACACC-1,255
ACCGGTCTGAGTACGG-1,255
ACCGTCCACTGGGCCC-1,255
ACCGTGACCACGTGGG-1,7
ACCGTTCCCGCTCTGA-1,255
ACCTAAGTACCTTTCA-1,255
ACCTAATCGACTTCCT-1,255
ACCTACAGTATGTGGT-1,255
ACCTACTATAAATCTA-1,255
ACCTCCGCCCTCGCTG-1,255
ACCTCCGTTATTCACC-1,255
ACCTCGAACTTATGCT-1,255
ACCTGCGTGTCATGTT-1,6
ACCTTTCCTTTAGAAG-1,255
ACGAAATGGGCGGCAC-1,255
ACGACTGGTCATACTC-1,7
ACGAGAACCCATCACG-1,1
ACGAGATATTTGCTTA-1,3
ACGAGGATACCACTCT-1,255
ACGAGGTTTACAACGT-1,255
ACGAGTACGGATGCCC-1,3
ACGATACATAGAACTA-1,5
ACGATCATACATAGAG-1,255
ACGATCATCTTGTAAA-1,3
ACGATGCATATGTTAT-1,6
ACGATGGATCCGATGC-1,3
ACGCAAACTAATAGAT-1,255
ACGCAATCACTACAGC-1,255
ACGCATACGTTTACTA-1,3
ACGCATTCGTGAGTAC-1,255
ACGCCAGATGATTTCT-1,4
ACGCCCAGCTGTCGAT-1,255
ACGCCGCTAGACGACC-1,255
ACGCGAAGTCAGACGA-1,255
ACGCGCTACACAGGGT-1,6
ACGCGGGCCAAGGACA-1,255
ACGCTAGTGATACACT-1,3
ACGCTGTGAGGCGTAG-1,255
ACGCTTAGTGTCTCTC-1,255
ACGGAATTTAGCAAAT-1,255
ACGGACTCTCAAAGCG-1,5
ACGGAGCGCAAATTAC-1,255
ACGGATGGTGCGGATA-1,5
ACGGCACTTGCTTGGG-1,255
ACGGCCAACATGGACT-1,255
ACGGCGACGATGGGAA-1,255
ACGGCGGGTTGCCCTG-1,255
ACGGCTGGATGTAGAA-1,255
ACGGGAGTGTCGGCCC-1,255
ACGGGTCATGTGACTT-1,255
ACGTACAGATTTCTCT-1,3
ACGTAGATTGCTGATG-1,255
ACGTATTACTCCGATC-1,255
ACGTCCTAAACGAGAT-1,255
ACGTGCGCCTCGTGCA-1,4
ACGTGGTCGAATGTGC-1,255
ACGTTAATGTCGAAGA-1,6
ACGTTAGATTTGCCCG-1,6
ACGTTCCGCGCTCCGT-1,255
ACGTTCGCAATCAATT-1,255
ACGTTCGTTCAGGAAA-1,255
ACGTTCTGTACAAGTC-1,255
ACGTTTAGTTGTGATC-1,255
ACTAATACGTCAGGCG-1,255
ACTACATCCCGACAAG-1,255
ACTACCAGCTCTCTGG-1,255
ACTACGCGTTAGAATT-1,255
ACTAGTTGCGATCGTC-1,3
ACTATATGCTGTGTTC-1,255
ACTATCCAGGGCATGG-1,3
ACTATCTGCCCGCGTA-1,255
ACTATGTCCAGCTGCC-1,255
ACTATTCGTCCGTGGT-1,255
ACTATTTCCGGGCCCA-1,7
ACTCAACGAATGTATT-1,1
ACTCAAGTGCAAGGCT-1,4
ACTCAATAAAGGCACG-1,255
ACTCAGACCTGCTTCT-1,2
ACTCATGGCAGCCTTC-1,255
ACTCCAATATCATCAT-1,255
ACTCCCATTCCTAAAG-1,6
ACTCCCGAATTCGTTT-1,3
ACTCCCTAATGCTAAA-1,255
ACTCCCTAGAATAGTA-1,255
ACTCGCCGTTCGATAA-1,255
ACTCGTAACCCGTCCT-1,255
ACTCGTCAGTAATCCC-1,255
ACTCTCTGACTTAGGT-1,255
ACTCTCTTATACACGA-1,3
ACTCTTGTATAGTAAC-1,255
ACTGAAACGCCGTTAG-1,255
ACTGAATGGCGAAAGT-1,5
ACTGATTTAGTGATTC-1,255
ACTGCCCGCCATTCTC-1,255
ACTGCCGTCGTAACTC-1,255
ACTGCTCGGAAGGATG-1,255
ACTGTACGATACACAT-1,255
ACTGTAGCACTTTGGA-1,255
ACTGTATACGCGAGCA-1,255
ACTGTCCAGGATTATA-1,255
ACTGTCTTCTTTAGAA-1,255
ACTGTGCTAGTAGATC-1,255
ACTGTTTAGTGTAGGC-1,255
ACTTACCGGGCGCGCA-1,255
ACTTACGCATCCACGC-1,5
ACTTAGTACGACAAGA-1,255
ACTTATACTTACCCGG-1,255
ACTTATCTGATCTATA-1,255
ACTTATTAGGATCGGT-1,255
ACTTATTTATGTGCCA-1,255
ACTTCAGGCTGATCCC-1,5
ACTTCCATGCGGGACA-1,4
ACTTCGCCATACGCAC-1,255
ACTTGACTCCCTCTTT-1,255
ACTTGCCATATTGTAC-1,255
ACTTGGGACCCGGTGG-1,255
ACTTGTAGTCCCTTCA-1,255
ACTTGTGGATGGAACG-1,255
ACTTTACCCTCATGAA-1,3
ACTTTCCTATAGCTTC-1,255
ACTTTGACTGCATCCT-1,255
ACTTTGGTCGTGCTCC-1,255
AGAAATTATGACTCGC-1,2
AGAACCCTCAATTGGG-1,255
AGAACGTGGTACATTC-1,255
AGAAGAGCGCCGTTCC-1,255
AGAAGGTACACTTCAC-1,255
AGAAGGTTGCCGAATT-1,255
AGAAGGTTGTAGGTCG-1,255
AGAAGTGATTCGTGAT-1,255
AGAATAAATCTTCAGG-1,255
AGAATGCGGGTTCGGA-1,255
AGAATTATGGATTCGA-1,255
AGAATTGTTTGACATA-1,255
AGACATAGATCCTTCC-1,255
AGACCAAACCACACCT-1,255
AGACCATGGGATACAA-1,3
AGACCCACCGCTGATC-1,6
AGACCCGCCCTCCTCG-1,255
AGACCGCTCCGCGGTT-1,255
AGACCGGGAAACCCTG-1,255
AGACGAAGTGCCGGTC-1,255
AGACGACGATGCCGCT-1,7
AGACGGGATTGGTATA-1,255
AGACGGGCCGATTTAA-1,2
AGACTAGCCTTCCAGA-1,255
AGACTGTTACCGGGTC-1,255
AGAGAAACACCAGAAA-1,255
AGAGAACCGTCTAGGA-1,255
AGAGAAGGAGTACAAT-1,255
AGAGATCTCTAAAGCG-1,255
AGAGCAGTTATGAGAC-1,255
AGAGCCGCCGAGATTT-1,255
AGAGCGGGCTAATCAT-1,255
AGAGCGTACAAGCTCG-1,255
AGAGGCTTCGGAAACC-1,3
AGAGGTATCTCGGTCC-1,1
AGAGTAAACTTCACTA-1,3
AGAGTTAGAGACCGAT-1,255
AGATAACTTCAGGGCC-1,255
AGATACCGGTGTTCAC-1,6
AGATACGACTTCATAT-1,255
AGATACTCAAGATCGA-1,5
AGATATAATACGACTA-1,255
AGATCGTGCATAAGAT-1,3
AGATCTCAGGTGTGAT-1,255
AGATGACTCGCCCACG-1,255
AGATGAGGGTTGCGAT-1,3
AGATGATGGAGTCTGG-1,3
AGATGCAAGACGTGCA-1,255
AGATGCTATAACGAGC-1,255
AGATTATAGGACGTTT-1,6
AGATTCACAACCGATA-1,255
AGCAAAGGCCGCTAGT-1,255
AGCAACATATCTTATT-1,255
AGCAACCGAAAGTAAT-1,7
AGCACACGTTTAGACT-1,255
AGCACCAGTACTCACG-1,255
AGCACTACCGGCCTGT-1,255
AGCACTACCTCACCAG-1,5
AGCACTTAAGGACGCC-1,5
AGCAGAAGGAGAAAGA-1,255
AGCAGCCAGATGAATA-1,255
AGCATATCAATATGCT-1,255
AGCATCATTTCGAAAG-1,255
AGCATCGTCGATAATT-1,255
AGCATTACGAGGCAAG-1,255
AGCCAAGCTTTGTGTC-1,6
AGCCACAGGTTACCCG-1,255
AGCCACTCCCGTGCTT-1,5
AGCCCATACATGTAAG-1,255
AGCCCGGCATTAGAGG-1,255
AGCCCGGTAGCCTGTA-1,255
AGCCCTAAGCGAAGTT-1,255
AGCCCTCCCTGGTGGC-1,255
AGCCCTTCTAATCCGA-1,3
AGCCGTGGCTAAATGT-1,255
AGCCTAATACCCACGT-1,255
AGCCTTAAAGCGGAAG-1,255
AGCGACAGGAACGGTC-1,255
AGCGACATCCCATTCA-1,4
AGCGACCAACGATATT-1,255
AGCGAGACGTGAAGGC-1,255
AGCGATGCGCCTAATA-1,255
AGCGCATAATGAATCG-1,255
AGCGCGGGTGCCAATG-1,4
AGCGCTTATGGGCAAG-1,255
AGCGGACACTTCGTAG-1,255
AGCGGCGGTTAGCGGT-1,255
AGCGGGAAGGGTCCAT-1,255
AGCGGGTCTGACACTC-1,255
AGCGGTTGAGATGTAC-1,2
AGCGTAGCGCTAGACC-1,255
AGCGTCTGAACCCGCA-1,1
AGCGTGGTATTCTACT-1,255
AGCGTTCCGATTTAAA-1,255
AGCTAACAAGCAATGT-1,255
AGCTAAGTACGCAGGC-1,255
AGCTAGAAGCAGAAGT-1,3
AGCTATTTAATCCAAC-1,255
AGCTCCATATATGTTC-1,255
AGCTCCTTCGCACATC-1,255
AGCTCTAGACGTTCCA-1,255
AGCTCTTCCCAGTGCA-1,255
AGCTCTTCGTAACCTT-1,3
AGCTCTTTACTCAGTT-1,255
AGCTGAAGTAAACCAA-1,255
AGCTGTAACCTCAATC-1,7
AGCTTATAGAGACCTG-1,255
AGCTTCAATACTTTGA-1,2
AGCTTGATCTTAACTT-1,255
AGGAAAGCCTCTGATG-1,255
AGGAAGCTGTCCGCCG-1,255
AGGACAGTCGAATCCC-1,5
AGGACATCGCACGTCG-1,3
AGGACGACCCATTAGA-1,255
AGGACGCTCGATGTTG-1,3
AGGAGGCCTTCGCGCG-1,255
AGGATAAAGTCGGGAT-1,6
AGGATATAGGGATTTA-1,255
AGGATCACGCGATCTG-1,6
AGGCAAAGAGGAATCA-1,255
AGGCACGTGACTGTCC-1,255
AGGCAGATGCGTAAAC-1,255
AGGCAGGGAGCGTACT-1,255
AGGCATTGTCGTAGGG-1,255
AGGCCACCCGTTATGA-1,255
AGGCCCATTGTACAGG-1,255
AGGCCCTAGAACGCCA-1,255
AGGCCTGAGAATCTCG-1,255
AGGCGGTTTGTCCCGC-1,255
AGGCGTCTATGGACGG-1,255
AGGCTATGGTTAGCTT-1,4
AGGCTTCCCGAAGAAG-1,255
AGGCTTGCTAGACACC-1,3
AGGGAAACGAGGTACT-1,3
AGGGACAGCACGGCGG-1,255
AGGGACCGGCTGCGTT-1,255
AGGGACTCTACGCGAC-1,255
AGGGAGACATACTTCG-1,2
AGGGCAGCGGCGTGGT-1,3
AGGGCGAGCAGCTGAT-1,255
AGGGCGTGATCGGCTA-1,255
AGGGCTGCAGTTACAG-1,255
AGGGTCAGAGCACTCG-1,255
AGGGTCGATGCGAACT-1,255
AGGGTGCCGTTCTTTA-1,7
AGGGTGCTCTCGAGGG-1,255
AGGGTGGATAGTGCAT-1,255
AGGGTTCCCTTTGGTT-1,255
AGGGTTTAGTTCGGGA-1,255
AGGTAACCTCCTATTC-1,255
AGGTACGATATTGCCA-1,3
AGGTAGATCGAGATAT-1,7
AGGTAGGTACAAAGCT-1,255
AGGTATAATTGATAGT-1,255
AGGTCAGGTGAGAGTG-1,6
AGGTCGCCACTTCGGT-1,255
AGGTCGCGGAGTTACT-1,3
AGGTGGTGACCTTCGC-1,6
AGGTGTATCGCCATGA-1,255
AGGTTACACCATGCCG-1,255
AGGTTCTCCTTTCCGG-1,255
AGGTTGAGGCACGCTT-1,5
AGGTTTCACACACCTT-1,6
AGTAACGTTCATCCTG-1,255
AGTAACTATAGCAGCC-1,255
AGTAATGTCTTGCCGC-1,255
AGTAATTTGCAAGCGT-1,255
AGTACATCATTTATCA-1,255
AGTACCTTCGAGTGCT-1,1
AGTACGGCCCGTATCG-1,255
AGTACGGGCACCTGGC-1,5
AGTACGTGGCCTGTCT-1,255
AGTACTCTTATGCCCA-1,4
AGTAGAAGGCGCCTCA-1,255
AGTAGCGTGAACGAAC-1,255
AGTAGCTAGACGCCGA-1,1
AGTAGGAAGGAAGTTG-1,3
AGTAGGTAACATACAT-1,3
AGTATAATACTAGGCA-1,255
AGTATACACAGCGACA-1,255
AGTATCCATAATAACG-1,255
AGTATGCTGGAGACCA-1,255
AGTATTTGGCACGACC-1,255
AGTCAAATGATGTGAT-1,7
AGTCAACACCACCATC-1,255
AGTCAAGATGACACTT-1,255
AGTCACTAGCTCTCGA-1,3
AGTCACTCCGCCTCAT-1,255
AGTCAGCCACCGCCTG-1,255
AGTCCAGCGGGTACGT-1,255
AGTCCATTGGCTGATG-1,255
AGTCCCGCCTTTAATT-1,255
AGTCGACGGTCTCAAG-1,255
AGTCGGCCCAAACGAC-1,255
AGTCGGCTCAACTTTA-1,255
AGTCGGTTGCGTGAGA-1,255
AGTCGTATAAAGCAGA-1,255
AGTCGTCGACCACCAA-1,255
AGTCGTGGGCATTACG-1,255
AGTCTAAAGTATACTC-1,255
AGTCTCACAAGACTAC-1,7
AGTCTGGACATCCTTG-1,255
AGTCTTCTCCTCAAAT-1,255
AGTCTTTAAAGTGTCC-1,255
AGTGAACAAACTTCTC-1,3
AGTGACCTACTTTACG-1,255
AGTGACTGTGACACAA-1,255
AGTGAGACTTCCAGTA-1,5
AGTGAGCCTCGCCGCC-1,3
AGTGAGGGTTTCTGAC-1,3
AGTGATAACCTGCGCG-1,255
AGTGATATGAGTAGTT-1,255
AGTGATTCAAGCAGGA-1,5
AGTGCACGCTTAAGAA-1,255
AGTGCGTAGCTCGTAA-1,255
AGTGCTAAACACAGCA-1,255
AGTGCTTGCACGAATA-1,255
AGTGGCGGCAATTTGA-1,255
AGTGGCGTCTGAAGGT-1,255
AGTGGCTCCGTCGGCC-1,255
AGTGGTGTTACCCGTG-1,255
AGTGTATTGCGCATTG-1,3
AGTGTGCTAAGATCGC-1,255
AGTGTGGTCTATTGTG-1,3
AGTTAAACACTTGCGA-1,255
AGTTAAGCGGTCCCGG-1,255
AGTTAAGTCAACCGCT-1,255
AGTTACCGCACATGGT-1,255
AGTTACTCTATCGTGG-1,255
AGTTATTGAAAGGTAA-1,255
AGTTCCTACAGAATTA-1,255
AGTTCCTATTTATGTT-1,6
AGTTCTGCGTTGTATC-1,255
AGTTGACATCGGCTGG-1,1
AGTTGACGGTCCTTGC-1,255
AGTTGCTGACTGATAT-1,255
AGTTTCGCAGGTCGGA-1,3
AGTTTGCACCTGCCTC-1,255
AGTTTGGCACGGGTTG-1,3
AGTTTGGCCAGACCTA-1,255
ATAAACCATTGGACGG-1,255
ATAAACGGACCCGTAA-1,255
ATAAACGTTGCACCAC-1,255
ATAAAGGCTCGGTCGT-1,255
ATAAAGGTCAAGTACG-1,255
ATAAATATTAGCAGCT-1,255
ATAACGCCGGAGGGTC-1,255
ATAACGGAGTCCAACG-1,255
ATAAGGTGGAGAACAT-1,255
ATAAGTAGGATTCAGA-1,3
ATAAGTAGGGCGACTC-1,3
ATAAGTTACCGCGACG-1,255
ATAATACCGTTAGCCG-1,255
ATAATAGCTGTTGAAT-1,6
ATAATAGTGTAGGGAC-1,3
ATAATCTTGGAGAACC-1,5
ATAATTAGCTAAGTAG-1,255
ATACAGGCCCTCCAAT-1,255
ATACCACGGGCAACTT-1,255
ATACCAGCAAATTGCT-1,2
ATACCAGGCTAATAGA-1,255
ATACCAGGTGAGCGAT-1,1
ATACCTAACCAAGAAA-1,255
ATACGCCGATCTACCG-1,255
ATACGCCGGCGAAACC-1,255
ATACGGAACGTCGTTT-1,7
ATACGGGTTTCGATTG-1,5
ATACGGTGAAGATGCA-1,255
ATACGTACTTAGCCAC-1,255
ATACGTCCACTCCTGT-1,4
ATACGTTATGCACGGA-1,255
ATACTACCCGTACCAC-1,255
ATACTAGCATGACCCT-1,5
ATACTCTCGCCACTCT-1,1
ATACTGCCTTACACCG-1,255
ATACTTGTTCTCGAGC-1,255
ATAGACAACGGGACCT-1,4
ATAGACGAAGAGAAAG-1,255
ATAGAGTACTGGGACA-1,5
ATAGAGTTATCAACTT-1,4
ATAGATTTGCAGTCGG-1,255
ATAGCAACTAGGGAAG-1,3
ATAGCCTCAGTACCCA-1,255
ATAGCTGCTCTTGTTA-1,255
ATAGGAATCTAAGCTT-1,1
ATAGGCGGCTATAGAA-1,255
ATAGGCTAGCTTCGCA-1,255
ATAGGGATATCCTTGA-1,5
ATAGGTTGGGCAGATG-1,255
ATAGTCTTTGACGTGC-1,255
ATAGTGAAGCGTTCTC-1,255
ATAGTTCCACCCACTC-1,3
ATATAAAGCGCTCGTG-1,255
ATATAAATGTAGCTGC-1,255
ATATAACACGGGCGCA-1,255
ATATACGCTCGTGACG-1,255
ATATAGAGTATTGGTC-1,255
ATATCAACCTACAGAG-1,3
ATATCAATTCCAGCCT-1,255
ATATCGGTAGGGAGAT-1,255
ATATCGTGCCAGACCC-1,255
ATATCGTTCCTCGAAC-1,255
ATATCTCCCTCGTTAA-1,4
ATATCTTAGGGCCTTC-1,6
ATATGTCTCCCTAGCC-1,255
ATATTCAGTTAAACCT-1,255
ATATTCCACATAGTGA-1,255
ATATTCCCACAGGTCA-1,3
ATATTGCTGTCAAAGT-1,3
ATATTTAACCCTCAAG-1,255
ATCAAACACTGTTCCA-1,3
ATCAAACGAAGGTTTG-1,255
ATCAATCTGGGCTGCA-1,255
ATCAATGCCGTGGCTG-1,255
ATCACATTAGAATATC-1,255
ATCACGTGCTAATTAA-1,255
ATCACTTCATCCTCGC-1,5
ATCAGACGGCACGCCG-1,255
ATCAGCCTCATGCTGC-1,4
ATCAGCTCGTCCACTA-1,255
ATCAGGTCGCCATTGC-1,255
ATCAGTAGGCAGGGAT-1,255
ATCATAGCCCTATGTA-1,255
ATCATCCAATATTTGT-1,255
ATCATCTGCCCAGTGT-1,255
ATCCAACGCAGTCATA-1,255
ATCCAATGGAGGGTCC-1,6
ATCCACATCGACAGAA-1,255
ATCCACGCTAAATGTT-1,255
ATCCAGAGCAACAACC-1,255
ATCCAGGATTCGTGAA-1,255
ATCCCATCCACAGCGC-1,255
ATCCTACCTAAGCTCT-1,255
ATCCTGAATCGCTGCG-1,255
ATCCTGCGTGGAATGG-1,255
ATCCTGCTGCAGATAG-1,255
ATCGACCCAATACAGA-1,255
ATCGACTCTTTCCGTT-1,255
ATCGCACGATTGTTCA-1,255
ATCGCACGCCGGGAGA-1,255
ATCGCCAGTCAACATT-1,3
ATCGCTGCGTGCAGCA-1,2
ATCGGAGACAGACGGC-1,255
ATCGGCAAGCAGTCCA-1,255
ATCGTGGAAAGTCTGG-1,255
ATCGTTAGCTAGCGGA-1,3
ATCGTTCACTTTCGCC-1,3
ATCTAATATCCTACGG-1,255
ATCTAGCTTGTGAGGG-1,255
ATCTCCCACGGAATAT-1,255
ATCTCCCTGCAATCTA-1,255
ATCTCGTGAGCGAAAC-1,2
ATCTGACATGGAAGGA-1,255
ATCTGATAGTGTCTTA-1,255
ATCTGCACCTCTGCGA-1,3
ATCTGCTGTTATCGCC-1,255
ATCTGGGCTGTTCTTG-1,255
ATCTGGTTAAGACTGT-1,255
ATCTGTAATTGTACCC-1,255
ATCTTAGGGCATTAAT-1,255
ATCTTATCGCACACCC-1,255
ATCTTGACCTGCAACG-1,5
ATCTTGACTTGTCCAA-1,255
ATGAAGCCAAGGAGCC-1,255
ATGACGCCGGCTCTAA-1,255
ATGACGCGTTCTATCC-1,255
ATGACTATCAGCTGTG-1,255
ATGACTATGCGACATT-1,255
ATGAGGAGTGTTAATC-1,255
ATGATCGGGAATAGAC-1,255
ATGATGCAATGGTACA-1,255
ATGCACGCGCTGTTCA-1,255
ATGCACTACCGCATTG-1,5
ATGCATGATCCAGGAT-1,255
ATGCATTCCGTGATGG-1,255
ATGCCAATCGCTCTGC-1,255
ATGCCATTTGCGACCA-1,255
ATGCCGGTCTTGCATA-1,255
ATGCCGGTTGATGGGA-1,255
ATGCGACAATTGGTCC-1,255
ATGCGACAGTCCCATT-1,255
ATGCGAGTCCCACCAC-1,3
ATGCTCAGTGTTGCAT-1,3
ATGCTCTGGCGCGGTA-1,5
ATGCTTAGGAGTTGAT-1,255
ATGGAAATTTAAGGAG-1,255
ATGGAGCAGGCCGTGA-1,255
ATGGATCCGGCGTCCG-1,255
ATGGATTGACCAAACG-1,255
ATGGCAGCATTACGAT-1,255
ATGGCTGGAAATGGCC-1,255
ATGGGAACGGAAGCGG-1,255
ATGGGACCTGCTGAAC-1,255
ATGGGCCTCGGCCTCT-1,255
ATGGGTGTATACCTCC-1,255
ATGGTATTTACTGATT-1,255
ATGGTCGCGTGGTTTC-1,5
ATGGTGCTCAAAGCCA-1,1
ATGTAAGGCTGCTCTT-1,255
ATGTACATGCGGTGAG-1,255
ATGTACGATGACGTCG-1,255
ATGTAGCGCGCGTAGG-1,255
ATGTGAAAGCCTAATG-1,255
ATGTGCATCCGACGCA-1,5
ATGTGGACATCTTGAT-1,255
ATGTGTAGTTTAGTCA-1,255
ATGTTACGAGCAATAC-1,255
ATGTTCGTCGACCCAC-1,255
ATGTTGTAGTCTGTTT-1,255
ATTAAACATGCGGACC-1,255
ATTAATACTACGCGGG-1,5
ATTAATGAACCAGTCG-1,5
ATTAATTCGGTCACTC-1,255
ATTACAACTACCGGCC-1,3
ATTACATGTCAGTCTT-1,3
ATTACCACACTGCCTG-1,255
ATTACGCGCTGGCAGG-1,255
ATTACTAGCCTCTTGC-1,255
ATTACTTACTGGGCAT-1,3
ATTAGATTCCTCAGCA-1,3
ATTAGATTGATAGCGG-1,4
ATTAGGCGATGCTTTC-1,255
ATTATACTTTGCTCGT-1,255
ATTATAGCTACTTTAC-1,2
ATTATCTCGACAGATC-1,255
ATTATGAGACCCAATT-1,255
ATTATGCCATAGGGAG-1,255
ATTATTATGTCCGTCA-1,7
ATTCAAAGTACCTGTT-1,255
ATTCAACCATTTAAGG-1,3
ATTCACTGATGTTGGA-1,255
ATTCAGGACCTATTTC-1,3
ATTCAGGATCGCCTCT-1,255
ATTCAGTAGCAGGGTC-1,255
ATTCATATACTGTCCA-1,255
ATTCATCGTTGAGGCA-1,255
ATTCCCACATAAACAA-1,255
ATTCCTAAGACGTGGA-1,255
ATTCCTCCGCCAGTGC-1,255
ATTCCTTCCAGGCGGT-1,1
ATTCGACGCCGGGCCT-1,255
ATTCGTGCTATCTCTT-1,255
ATTCTCGTCTCTTTAG-1,255
ATTCTGAGTATGAACT-1,255
ATTCTTCGTACTTATG-1,3
ATTGAAGATCTTAGTG-1,255
ATTGACGTAACTCGGT-1,3
ATTGATAGCAACGAGA-1,255
ATTGATCACCACATTT-1,255
ATTGATGAGTCCTAAC-1,255
ATTGCCTATTAGACCG-1,255
ATTGCCTTTATGTTTG-1,4
ATTGCGATCAGTAACT-1,255
ATTGCTGCTCCTCCAT-1,255
ATTGGATTACAGCGTA-1,3
ATTGGGAATATCTTGG-1,255
ATTGGTTGTGCATTAC-1,255
ATTGTACAACTCGGCT-1,3
ATTGTCGCAATACCTT-1,255
ATTGTGACTTCGCTGC-1,1
ATTTAACTCGTATTAC-1,3
ATTTACAGTTTACTGG-1,5
ATTTACTAAGTCCATT-1,255
ATTTCATTATTTCGCG-1,255
ATTTCCGGGTTCTGCG-1,7
ATTTGCCTAGTTACGA-1,255
ATTTGCGCGAGTAGCT-1,7
ATTTGTCTTGGGAGCT-1,5
ATTTGTTCCAGGGCTC-1,255
CAAACGAGTATCGCAG-1,255
CAAACGGTCGCACTTT-1,5
CAAACGTGGTCTTGCG-1,255
CAAACTACGATAGAGA-1,255
CAAACTATTGAGCTTC-1,3
CAAACTCGCGACGCCG-1,255
CAAAGATTATTGGGCC-1,255
CAAATCTCTCACAAGG-1,6
CAAATGCGGAGTGTTC-1,1
CAAATGTCCTTCCGTG-1,255
CAAATTGTCAGCAAGC-1,3
CAACAGAATAACGCTA-1,2
CAACAGTGCCAAACGG-1,255
CAACATGGCCTGATAA-1,255
CAACCTACCGAGCAGT-1,3
CAACGACCCGTTTACA-1,255
CAACGGTTCTTGATAC-1,3
CAACGTGGTGGAGTCT-1,255
CAACTATATCGAATGC-1,255
CAACTCCAACGTTTAG-1,255
CAACTCCGTAACTTGC-1,255
CAACTCCTTGATCCCG-1,255
CAACTGCTCATCCGAT-1,255
CAACTTGTAGTGGGCA-1,255
CAAGAGGGCGGAGTAC-1,255
CAAGATATTATAACGT-1,255
CAAGCAACGTCGGAGT-1,255
CAAGCACCAAATGCCT-1,255
CAAGCGGCACATAATT-1,255
CAAGGATCGCATGTTC-1,6
CAAGGTCCTATAGGCT-1,255
CAAGTGAACTTTGGTT-1,2
CAAGTGTGGTTGCAAA-1,4
CAATAAACCTTGGCCC-1,255
CAATACGCTCTGAGGC-1,255
CAATATGTAGATTTAC-1,255
CAATATTCTTGACCTA-1,255
CAATCCATTATCCGTT-1,255
CAATCCCTATACCAGC-1,255
CAATCCTGCCGTGGAG-1,2
CAATGCGAGAAGTATC-1,255
CAATGGAATCTACATA-1,3
CAATGGATCTCTACCA-1,255
CAATGGTCGGCCTGGG-1,2
CAATGTGCCAACCCTT-1,2
CAATTAAGGGTGATGA-1,255
CAATTTCGTATAAGGG-1,6
CAATTTGACCGGGAAG-1,255
CACAAGAAAGATATTA-1,1
CACAAGCTAAGAAAGG-1,255
CACAATGAGCTGCTAT-1,255
CACACACGCTAACGAG-1,3
CACACAGCTTGCGCTC-1,255
CACACAGGGATAGATT-1,255
CACACGCGCTGTCTTA-1,255
CACACGTTTCAATGGG-1,255
CACACTTGTATTGCGA-1,255
CACAGAGACGAGGACG-1,255
CACAGCACCCACGGCA-1,255
CACAGCTAGGGAGTGA-1,255
CACAGGGCCATATAGT-1,3
CACAGGGCCGTTGTCA-1,6
CACAGTCCCGCTTCGC-1,2
CACAGTTCGCTTCCCA-1,2
CACATAAGGCGACCGT-1,255
CACATATTAGCAGGAT-1,255
CACATCGTGCACGCGC-1,7
CACATCTCACCGACGA-1,255
CACATGATTCAGCAAC-1,255
CACATGTTTGGACATG-1,255
CACATTCTTTCGATGG-1,255
CACATTTCTTGTCAGA-1,3
CACCAGTCAGCATGCA-1,255
CACCATCGGAGGAGAC-1,3
CACCCAAATCTTATGT-1,3
CACCCACACGTCACCC-1,255
CACCCACGAGGCAATT-1,255
CACCCGGTTTGTGACT-1,255
CACCCTAACAAGATCT-1,5
CACCCTTGGTGAGACC-1,255
CACCCTTTCCTCGCTC-1,255
CACCGATACACCGAGC-1,3
CACCGCCAGAAGGTTT-1,255
CACCGCCGACCAGCGA-1,3
CACCGCGTCCACTCTA-1,255
CACCGGAGATATCTCC-1,255
CACCGGTAGAGACATT-1,255
CACCGTATCCCATCCG-1,3
CACCGTTAGGGATCAC-1,7
CACCGTTGCGCGATAT-1,255
CACCTAATAGAGTCGT-1,255
CACCTAATCAGTTTAC-1,255
CACCTCGATGGTGGAC-1,255
CACCTTGCGAAACTCG-1,255
CACCTTGGCGCCTTTG-1,3
CACGAAAGTTAGTCCC-1,5
CACGACCACAGACTTT-1,1
CACGACGTAATAGTAA-1,255
CACGACTAAAGTTCTG-1,1
CACGATTGGTCGTTAA-1,255
CACGCACAGCGCAGCT-1,255
CACGCAGCGAGGCTTT-1,255
CACGCGGAACTGTTGC-1,255
CACGGCGCGCCAAAGG-1,255
CACGGGATTGAGGGTT-1,255
CACGTCGGCAACCTCT-1,255
CACGTCTATGATGTGG-1,255
CACGTTCGTGCTCTAG-1,255
CACGTTTCGTACACAC-1,255
CACTAAAGTTGCCTAT-1,255
CACTACGGGAGCTGCC-1,255
CACTACTCAGTTCTGT-1,255
CACTCAAGAGCTATGG-1,255
CACTCAGCTCTTGAGG-1,3
CACTCCTATGTAAGAT-1,7
CACTCCTCTCGGTCGG-1,255
CACTCGAGCTGAACAA-1,255
CACTCGGTTAGGAGGA-1,255
CACTCTTCTGCTAGCC-1,3
CACTGACGATTGTGGA-1,255
CACTGTCCAAGTGAGA-1,255
CACTTAATCAGACGGA-1,255
CACTTCGCCACAGGCT-1,255
CACTTCGTCTTATCTC-1,255
CAGAACTTAGCCCTCT-1,255
CAGAATAACACACGGA-1,255
CAGACACCGATCGCTG-1,255
CAGACCTGTAAGTGTT-1,255
CAGACGAACCTGATAC-1,255
CAGAGACGGTCACCCA-1,255
CAGAGCATGAGCTTGC-1,255
CAGAGGCGATGCATGA-1,255
CAGAGTGATTTAACGT-1,3
CAGATACTAACATAGT-1,5
CAGATATGAAGATGAC-1,255
CAGATCATTTAAAGTC-1,255
CAGATCCTGGTTTGAA-1,255
CAGCAGCCCGTTCCTT-1,255
CAGCAGTCCAGACTAT-1,255
CAGCAGTCTGTGCTGC-1,5
CAGCCCTCACAGGCAG-1,2
CAGCCGGGCCCTCTAT-1,3
CAGCCTCCTGCAGAGG-1,5
CAGCCTCTCCTCAAGA-1,3
CAGCGATTCCCTTCAA-1,255
CAGCTCACTGAGACAT-1,255
CAGCTCGACAAGTTAA-1,255
CAGCTCGTGCTTGTGT-1,3
CAGCTGGCGTAACCGT-1,255
CAGCTTAGTAGGTAGC-1,255
CAGGAAGACTTTATAT-1,255
CAGGATATATCGTTGT-1,255
CAGGATCCGCCCGACC-1,255
CAGGCAGTCTTACCAG-1,255
CAGGCCGTTTGGGTGT-1,255
CAGGCGCACGGTGGTC-1,255
CAGGCGCCATGCTAGG-1,255
CAGTAACTATTTATTG-1,3
CAGTAATCCCTCCCAG-1,3
CAGTACATTCTCTAAA-1,3
CAGTACCAGTTTACGT-1,255
CAGTAGCCCACGCGGT-1,255
CAGTAGCGAGGTAGTA-1,255
CAGTCGAGGATGCAAT-1,3
CAGTCTCTCGGCTAAT-1,255
CAGTCTGTATACTGGG-1,6
CAGTGAATAAATGACT-1,5
CAGTGGTTGCACATGA-1,255
CAGTGTCCGCAGAATG-1,3
CAGTGTCGGCTGGCCC-1,255
CAGTGTTAATCTCTCA-1,255
CAGTTCAAATTGACAC-1,255
CAGTTCCGCGGGTCGA-1,255
CATAACGGACAGTCGT-1,4
CATAAGAAGCTTGGCT-1,255
CATAAGCTCTCCGTCT-1,255
CATAATGAGCGGGCGA-1,255
CATACAAAGCCGAACC-1,255
CATACACGGTTCCCAC-1,255
CATACCCGTACCCAGT-1,255
CATACGAACTAGCTGG-1,255
CATACGGCGTCTGGGC-1,255
CATACGGGTGCATGAT-1,255
CATACTATGTAATTGT-1,6
CATACTTAGGCAATAC-1,255
CATAGCCGCCCGGGAT-1,255
CATAGCGTTGCCCACC-1,255
CATAGTACATTGAGAG-1,255
CATAGTAGCATAGTAG-1,255
CATAGTCAAATACATA-1,255
CATAGTCCACAAGAAC-1,255
CATATACTACTGATAA-1,3
CATATAGGTACAGTCA-1,255
CATATGTCAGGCTACG-1,255
CATATTATTTGCCCTA-1,3
CATCATCTACCCGGAC-1,3
CATCATTACCCTGAGG-1,255
CATCCAATATAGTTTG-1,255
CATCCGCAGGCCCGAA-1,255
CATCCTCTCAAAGATC-1,255
CATCGAATGGATCTCT-1,255
CATCGCCCGCGGCCAA-1,3
CATCGGACGGGTTAAT-1,255
CATCTATCCCGTGTCT-1,3
CATCTTACACCACCTC-1,255
CATGAACCGACATTTG-1,255
CATGAACCTCTTATCA-1,255
CATGACTTCGCTGAAT-1,3
CATGAGATGCACTCTC-1,255
CATGATCGCTTTGAGA-1,255
CATGATGCACAATTCT-1,5
CATGATGGAAGTTAGC-1,3
CATGCACGTGTTACTG-1,255
CATGCATGGAGACCCT-1,255
CATGCCAACTCGCAAA-1,255
CATGCGACCAGTTTAA-1,255
CATGCGTTAGACAGAA-1,255
CATGCTGGCTCCAATT-1,3
CATGGAAATGGGACCA-1,1
CATGGATTGTCTTCCG-1,3
CATGGCAGGAAGATCG-1,4
CATGGGTATGCCTTAT-1,255
CATGGGTCGGGTGTGG-1,255
CATGGTAAGTAGCGTT-1,255
CATGGTATTAGTTTGT-1,255
CATGGTCTAGATACCG-1,255
CATGTAAGAGACATTT-1,255
CATGTAGGAGCGCCAA-1,255
CATGTCTCATTTATGG-1,255
CATTACGTCGGCCCGT-1,255
CATTATAACAGGGTCC-1,255
CATTATCCCATTAACG-1,255
CATTATGCTTGTTGTG-1,255
CATTCACTGACAGCTA-1,255
CATTCAGGTCAGTGCG-1,255
CATTCCCTAAGTACAA-1,1
CATTGCAAAGCATAAT-1,255
CATTGCGAAATGGGCG-1,255
CATTGTGTGCTAGATC-1,1
CATTTAGCGGACCATG-1,255
CATTTATCGTTCAAGA-1,255
CATTTCTAGCAGACTA-1,255
CATTTGAGTGGTACGT-1,255
CCAAACAGAACCCTCG-1,255
CCAAAGCAGTTGGTTG-1,255
CCAAATAACAAGATTC-1,255
CCAACCTTATGTAACT-1,255
CCAACGATGCACTGAT-1,5
CCAACGCTTGCCAGGG-1,255
CCAAGAAAGTGGGCGA-1,255
CCAAGACTTCTGCGAA-1,5
CCAAGCGTAACTCGTA-1,255
CCAAGGAACAGAGAGG-1,3
CCAATAGTGCCGTCGA-1,255
CCAATCGGTAGATCGA-1,255
CCAATGTCACAGCAAG-1,6
CCAATTACGGGTCGAG-1,255
CCAATTGAATGTTAAT-1,4
CCACAATGTACGTCTT-1,5
CCACACTGAGATATTA-1,255
CCACAGCTGAAATCAT-1,255
CCACAGTACCCATCCT-1,4
CCACATACTGCACCCA-1,2
CCACCAACTTTACTGT-1,255
CCACCCAAGGAAAGTG-1,255
CCACGAATTTAACCTC-1,255
CCACGAGAAGAGAATC-1,4
CCACGGAGCCATAAGA-1,255
CCACGGTGCCCGGTAG-1,3
CCACTAAACTGAATCG-1,255
CCACTGGTGGCTGGTT-1,255
CCACTGTTTGGATTAA-1,255
CCAGAAAGCAACTCAT-1,255
CCAGAGACAAAGCCGG-1,3
CCAGATAGTTGAGTGA-1,5
CCAGCCTGGACCAATA-1,6
CCAGCTACGCCTCATA-1,255
CCAGCTCGAACGCATT-1,255
CCAGCTGATGGTACTT-1,5
CCAGCTTCCGCCCGCA-1,255
CCAGGGACGTGGCCTC-1,255
CCAGTAGTCTGATCCA-1,255
CCAGTCAAATCTCTTA-1,255
CCAGTCCATTATTCGA-1,1
CCAGTCTAGACGGCGC-1,255
CCAGTCTTGTCATAGA-1,6
CCATAAACAACCCGAC-1,255
CCATACCTTTACTTGT-1,3
CCATAGGTTGGCGTGG-1,255
CCATAGTCAGTAACCC-1,255
CCATATGGAAACTATA-1,3
CCATATTGGATCATGA-1,255
CCATCCATACCAAGTC-1,3
CCATCGCAGTTAAACT-1,6
CCATCTCACCAGTGAA-1,255
CCATCTTGTTCACAAT-1,255
CCATGCCCTAGATTTC-1,3
CCATGCCTGTTTAGTA-1,255
CCATGCTCTGCAGGAA-1,4
CCATGGCCCTTGTACC-1,255
CCATGTTCATCTATAT-1,255
CCATTAGCGATAATCC-1,255
CCATTCCCTGCCCACA-1,255
CCATTTCTACCTATTA-1,255
CCCAAACATGCTGCTC-1,5
CCCAACATACGTCGCG-1,255
CCCAACCACACTAACA-1,255
CCCAAGAATGCACGGT-1,255
CCCAAGACAGAGTATG-1,255
CCCAATGAGATTTGCA-1,7
CCCAATTTCACAACTT-1,255
CCCAGAGGAGGGCGTA-1,3
CCCAGGTCTGAAGGCT-1,255
CCCAGTAAACTTGGGA-1,255
CCCAGTTAAGGCGCCG-1,255
CCCATATAGGTCGATT-1,255
CCCGAAGTTTCGCGAA-1,255
CCCGACCATAGTCCGC-1,255
CCCGAGTTTCTCCGTA-1,255
CCCGCAGCGCGAACTA-1,6
CCCGCAGGGCCCAAAG-1,3
CCCGCCATGCTCCCGT-1,255
CCCGCGCAATGCACCC-1,3
CCCGCTAGAGGGTTAA-1,2
CCCGGCACGTGTCAGG-1,255
CCCGGGTCGTTCAGGG-1,255
CCCGGTGGAAGAACCT-1,3
CCCGGTGTATCGGAAT-1,255
CCCGTAAGTCTAGGCC-1,255
CCCGTAGCTGGGAAGA-1,7
CCCGTCAGCGTCTGAC-1,255
CCCGTTTCGCAGATGT-1,3
CCCTAGTGTCAGGTGT-1,255
CCCTATGTAGAGCAGA-1,255
CCCTCATTCTGGAATT-1,3
CCCTCCTCGCTCGTAT-1,3
CCCTCGGGAGCCTTGT-1,255
CCCTGAAATGAGTTGA-1,255
CCCTGACTAACAAATT-1,255
CCCTGATGTAACTCGT-1,255
CCCTGCCCAATCCGCT-1,255
CCCTGCGCTACGCATA-1,255
CCCTGGTATGGGCGGC-1,255
CCCTGTTGGCAAAGAC-1,255
CCCTTCTCGTACGCGA-1,255
CCCTTTAATGGAGTTC-1,255
CCCTTTGACAGGTCTT-1,255
CCGAAAGTGGTGAGCA-1,255
CCGAACACTGGGCCTC-1,255
CCGAACCTTCCCGGCC-1,255
CCGAAGTATATTGTTC-1,3
CCGACAAACACATGAG-1,255
CCGACAAAGGGAGTGC-1,255
CCGACAATAGGCCGCC-1,255
CCGACGGGCATGAGGT-1,7
CCGACGTAAACACAAC-1,3
CCGACTCGCATAGTCT-1,255
CCGAGAAGTCGCATAA-1,255
CCGAGCTGTGCTTGTC-1,2
CCGAGGGATGTTAGGC-1,255
CCGATCTCAACCTTAT-1,255
CCGATTCGAGGGACCC-1,255
CCGATTGGTCAATGAA-1,255
CCGCACAAAGACCAAC-1,255
CCGCACGTGACCTCGG-1,4
CCGCATGTGGTACGAT-1,255
CCGCCACCACAATCCA-1,255
CCGCCGGAACTTCTCG-1,255
CCGCCGGTCAACACAC-1,3
CCGCCGTTGAGGATAA-1,255
CCGCCTGCGAATTGGT-1,3
CCGCGATTTGGTAGGT-1,255
CCGCGGAATGCGTCAC-1,255
CCGCGGGTACGAAGAA-1,255
CCGCGTAGGTAAGGGC-1,255
CCGCTATCAGCACCAG-1,255
CCGCTCTTCCGAACTA-1,3
CCGCTGGTGCCATTCA-1,255
CCGCTTACCTCACTCT-1,255
CCGCTTCGCGGTTAAC-1,255
CCGCTTGCTGACATGG-1,255
CCGGAATGGTTTCAGT-1,255
CCGGAGCGTACTTTCT-1,255
CCGGCACGACCGTTTC-1,255
CCGGCGCATATTGGAT-1,255
CCGGCGTGAGACTCTG-1,255
CCGGGACCCGCAGAGA-1,255
CCGGGCGGTCTCGTCA-1,255
CCGGGCTAAGAATTTC-1,255
CCGGGCTGCTCCATAC-1,5
CCGGGTTCGAGGTTAC-1,255
CCGGTAATGGCTAGTC-1,255
CCGGTTTGTAATTGTG-1,255
CCGTAAGTTGGTCCCA-1,255
CCGTACCCAAGCGCCA-1,255
CCGTAGGAAATCCCTG-1,3
CCGTAGGGTTGTTTAC-1,255
CCGTATCTCGTCGTAG-1,7
CCGTATTAGCGCAGTT-1,2
CCGTCAACCTCTGGCG-1,255
CCGTGCCCATGACGGC-1,255
CCGTGGAACGATCCAA-1,255
CCGTGTTAAATTCCAT-1,255
CCGTTACGTTAGAACA-1,4
CCGTTCCGAATCTCGG-1,255
CCTAAACAGGGTCCGT-1,1
CCTAAAGGCTGACGCT-1,255
CCTAAATTAACGGTTC-1,6
CCTAAATTGTATCCTA-1,255
CCTAACCCAAACAAGT-1,255
CCTAACTAAGGCTCTA-1,255
CCTAAGTGTCTAACCG-1,255
CCTACAAGTCCGGAAT-1,255
CCTACATTCACAGACG-1,255
CCTACGCGACCTTACA-1,255
CCTACGGCTCAGTCGA-1,3
CCTACTGCTTACACTT-1,255
CCTAGGCGTAGCGATC-1,255
CCTAGGTAAAGGTAGC-1,255
CCTAGTTAGTCGCATG-1,3
CCTATAATGAGTGCCC-1,5
CCTATACCGTCCTGTC-1,255
CCTATATCGTGTCACG-1,255
CCTATATTTGTCCTGG-1,255
CCTATCTATATCGGAA-1,255
CCTATGAAGTGGTGCC-1,255
CCTATGGCTCCTAGTG-1,255
CCTATGGGTTACCGTC-1,255
CCTATGGTCAAAGCTG-1,255
CCTATGTCCACTCCAC-1,255
CCTCACCAATCTTGAC-1,3
CCTCACCTGAGGGAGC-1,3
CCTCACCTTAGCATCG-1,255
CCTCATGCAGCTACGA-1,255
CCTCCCGACAATCCCT-1,3
CCTCCGACAATTCAAG-1,255
CCTCCTAGCTAGAGTC-1,255
CCTCCTGTTGTGTCGT-1,3
CCTCGAAGTGGACGGG-1,255
CCTCGACCCACTGCCT-1,255
CCTCGCCAGCAAATTA-1,255
CCTCGCGCGATATAGG-1,255
CCTCGCGCTGTGCGAT-1,6
CCTCGGACCGGGATAG-1,5
CCTCGGATGCTACCTG-1,255
CCTCGGTTTCCTTGCC-1,255
CCTCTAATCTGCCAAG-1,5
CCTCTACAAGGATTGG-1,255
CCTCTATCGATTAGCA-1,255
CCTCTCTCCCATCTAG-1,255
CCTCTGGCCTAGACGG-1,255
CCTCTGTACTATTCTA-1,6
CCTGAACGATATATTC-1,5
CCTGAATATTTACATA-1,255
CCTGACCACCGATGGT-1,255
CCTGACGCAACCTTTA-1,255
CCTGCGTTCTACGCTT-1,255
CCTGCTATTTGAGAAG-1,255
CCTGGAAACGTTCTGC-1,255
CCTGGCTAGACCCGCC-1,5
CCTGGTCGAATGTGGG-1,255
CCTGTAAGACATGATA-1,255
CCTGTACTCACGCCCA-1,255
CCTGTCACCCGGGCTC-1,255
CCTGTCCCTCACGTTA-1,2
CCTGTCGCCCGTAAAT-1,6
CCTGTGCATAGGAGAC-1,255
CCTGTGCGGATTGTAA-1,255
CCTGTTTGAAGACACG-1,255
CCTTCAGTTAAAGTGA-1,255
CCTTCGTATAGAATCC-1,255
CCTTCTCAGCGTTCCT-1,255
CCTTCTTGATCCAGTG-1,255
CCTTGACCACTTTATT-1,255
CCTTTAAGGGAGCACT-1,255
CCTTTCAATGAAGAAA-1,255
CCTTTGAATTATGGCT-1,255
CGAAACATAGATGGCA-1,3
CGAAACGCAATTCATG-1,6
CGAACAGTATGGGCGT-1,255
CGAACCCGCATGCGTC-1,255
CGAACGCCCAGTGCCG-1,255
CGAACGGCCGGACAAC-1,6
CGAAGACTGCCCGGGA-1,255
CGAAGCTATAAATTCA-1,255
CGAAGGGTTTCAGATT-1,255
CGAAGTTGCTCTGTGT-1,255
CGAATCTGCTCGACGC-1,255
CGAATGAAGTCATTGC-1,255
CGAATGACGCATAATG-1,6
CGAATTACATGGTGTT-1,2
CGACAATTTGATCTAA-1,4
CGACACGCTCCGACAG-1,4
CGACAGTTCGCGTTAT-1,255
CGACATGCGATCTTCT-1,255
CGACCCTTAACGCCGG-1,255
CGACGCATCCGTACCT-1,255
CGACTCAGGATGTTAT-1,255
CGACTTTGTATAGCCT-1,255
CGAGACCCTAGAGTGT-1,255
CGAGAGATGTGAACCT-1,255
CGAGAGCGCGTAGATA-1,255
CGAGAGCTTTCACTAC-1,255
CGAGAGGGTAGCCGCG-1,3
CGAGATGTTGCCTATA-1,255
CGAGATTTCGCTCGGG-1,2
CGAGCACTTCAAGTTT-1,3
CGAGCGTTGATCAGCC-1,255
CGAGCTGGGCTTTAGG-1,4
CGAGGCCAGGCATTGG-1,255
CGAGGCTAAATATGGC-1,255
CGAGGGACTGCGGTCG-1,255
CGAGGGTATCCAGGTG-1,6
CGAGTACTAAAGAGGA-1,255
CGAGTGAAGGTACCAG-1,7
CGAGTGCTATAGTTCG-1,2
CGAGTTCTGTCCCACC-1,5
CGAGTTTATCGGACTG-1,255
CGATAATACTCAGGTT-1,2
CGATACCTCGCGGACA-1,255
CGATAGCGATACAGTG-1,255
CGATAGTCGTACTGCA-1,255
CGATATTAGCCGCAGG-1,1
CGATCCGACCCAGTGC-1,255
CGATCCTCGCAACATA-1,255
CGATCTGTTGGAGGAC-1,255
CGATGGACCCTACGCC-1,255
CGATGTTGTTATCTAC-1,255
CGATTAAATATCTCCT-1,6
CGATTCGCCTGGCTGC-1,255
CGCAAACACGAGTTAC-1,255
CGCAATTACTTTCGGT-1,255
CGCAATTAGGGTAATA-1,5
CGCAATTCTACAATAA-1,255
CGCACATGTCCACTAC-1,5
CGCACGTCTGTTTATG-1,255
CGCACGTGCGCTATCA-1,255
CGCAGAAACATTTGCG-1,255
CGCAGATCTTCACCCG-1,2
CGCAGGCGATCCAAAC-1,3
CGCATCATGGCTTCAG-1,3
CGCATGGTGCGATGCT-1,255
CGCATTAGCTAATAGG-1,255
CGCCAAGAAGCCGAGT-1,255
CGCCACAGGTCGCGAT-1,255
CGCCACCCGCATTAAC-1,255
CGCCATCCGATTATGA-1,5
CGCCCAGCACGCCTAG-1,255
CGCCCAGCGTTTCACG-1,255
CGCCCGCTTCCGTACA-1,255
CGCCCTAATTGTTCAA-1,255
CGCCCTTACATCCACC-1,1
CGCCCTTGAAGGCTGA-1,3
CGCCGCCCATGCCTGT-1,255
CGCCGCGTTCTGAACG-1,255
CGCCGTTCAGCATAGT-1,3
CGCCTCCCTCCTCTAT-1,255
CGCCTGGCCTACGTAA-1,255
CGCCTTTAGCATGCTC-1,2
CGCGAAGTGGCATACT-1,3
CGCGACCGCGACAGAT-1,255
CGCGAGAGGGACTTGT-1,255
CGCGAGTCTGCCGGGT-1,255
CGCGCAAATGTCCAGA-1,7
CGCGCAAGGAACTACA-1,255
CGCGCATGTTTGATTG-1,255
CGCGCCCGACTTAATA-1,5
CGCGGCAGTATTACGG-1,1
CGCGGCTCAACTTGAA-1,255
CGCGGGAATTAGGCAG-1,255
CGCGGTCACAAACCAA-1,255
CGCGTCATATTAAACC-1,255
CGCGTGCTATCAACGA-1,255
CGCGTTCATGAAATAC-1,255
CGCTACGGGACATTTA-1,255
CGCTAGAGACCGCTGC-1,255
CGCTATACCGCCCACT-1,255
CGCTATTCAATGTATG-1,3
CGCTATTCTTAGGCTC-1,255
CGCTCGACATAATGAT-1,255
CGCTCTCCGTAGATTA-1,255
CGCTGAGGACGTCCAA-1,1
CGCTGGTGACTACCCT-1,255
CGCTGTGACGCCGCAC-1,5
CGCTGTGTGGATGTTG-1,255
CGCTTAGTATTGATAC-1,255
CGCTTATTCCCGGTCG-1,6
CGCTTCCACTGAAATC-1,255
CGCTTCGGTCTAAGAC-1,255
CGCTTTCATACCGGTG-1,3
CGCTTTCTTGCATTCG-1,5
CGGAAAGAATCAAACG-1,255
CGGAAATTTCACATCC-1,255
CGGAACGTAAACATAG-1,255
CGGAGCAATTTAATCG-1,6
CGGAGCATGGCGATCC-1,6
CGGAGCTTATAACACC-1,3
CGGAGTTTGAGAGACA-1,255
CGGATAAGCGGACATG-1,255
CGGATCCTCAAGGACT-1,255
CGGCAAACATCGTGCG-1,6
CGGCAATAAGATCGCC-1,255
CGGCACCGTTAGCGCC-1,3
CGGCACTCAAGAAAGT-1,255
CGGCAGGGTCGGGTTG-1,4
CGGCCACGCACAAAGT-1,6
CGGCCAGAGCGACCAT-1,255
CGGCCCAACCTGTAGT-1,2
CGGCCCAGGTATATCC-1,3
CGGCGCCATCAATCCC-1,255
CGGCTCTAAAGCTGCA-1,255
CGGCTCTTCGTCGAAC-1,3
CGGCTGCAAGATTAAG-1,255
CGGCTTTGTATGATAA-1,255
CGGGAATATAGTATAC-1,3
CGGGAATTTATGTAAA-1,6
CGGGAGCTTCAGTGTA-1,255
CGGGAGTATACCGCCG-1,255
CGGGATCAATGTAAGA-1,255
CGGGCAGCTAAACCGC-1,255
CGGGCCATAGCCGCAC-1,255
CGGGCCTTCTTTGTAA-1,255
CGGGTGTACCCATTTA-1,5
CGGGTTCGGCACGTAT-1,255
CGGGTTGTAGCTTTGG-1,255
CGGGTTTGTTAGGGCT-1,2
CGGTACTAGAATCAAA-1,5
CGGTAGAGGTGCAGGT-1,255
CGGTATAGGTATTAGC-1,255
CGGTCAAGTGGGAACC-1,5
CGGTCCGTCGCAAGCC-1,255
CGGTCTATCAACCCGT-1,255
CGGTGAAGACTAAAGT-1,5
CGGTGCAGATAGAACG-1,255
CGGTGCGCGTTGGTCC-1,255
CGGTGGGCTCCAGCCT-1,3
CGGTGTACTTGATCCC-1,3
CGGTTATCCAACAGTG-1,255
CGGTTCAAGTAGGTGT-1,255
CGGTTCCGGCTTCTTG-1,1
CGGTTGACCTGGCATA-1,255
CGGTTGAGTATCCTTC-1,255
CGGTTGGGTTCAAGTT-1,255
CGGTTTATGAAGGAAC-1,2
CGTAAACGCTTGAGTG-1,255
CGTAACTTCGACACTT-1,255
CGTACCTGATAGGCCT-1,5
CGTAGAGAGTAATTAT-1,255
CGTAGCGAATTGTCAG-1,3
CGTAGCGCCGACGTTG-1,255
CGTATTAAGAGATCTA-1,255
CGTCAAGGCTATAAAT-1,255
CGTCAATCTTTAACAT-1,255
CGTCACGTCCATTGGT-1,255
CGTCAGTGCGCACAAG-1,255
CGTCAGTTTATCGTCT-1,255
CGTCATACCATATCCA-1,255
CGTCGCATGTGAGCCA-1,255
CGTCGCGGCGGGATTT-1,255
CGTCGCTTGGTTATAC-1,255
CGTCGGATAGTGTTGA-1,255
CGTCGGGTCTAAGCGC-1,255
CGTCGTCCTTCGCGAA-1,255
CGTCTGGAAGGGCCCG-1,255
CGTGAAGTTAATTCAC-1,255
CGTGACATTGGGTCGT-1,255
CGTGACCAGTCCTCTG-1,255
CGTGCAGACTGGGACA-1,255
CGTGCATTGTCGACGC-1,255
CGTGCCCGACATTTGT-1,255
CGTGCCCTCCCGAAGA-1,255
CGTGCTTCTACCTAAA-1,255
CGTGGCCGAATATCTA-1,255
CGTGGTACCCAAAGGC-1,255
CGTGTATGGGAGCTGA-1,255
CGTGTCCCATTCGCGA-1,5
CGTGTCTCGTTACGAC-1,255
CGTGTGTTAAACCCTG-1,255
CGTTAAACTAGTTAGG-1,255
CGTTAATGTCCCGACG-1,255
CGTTAGCTCACAACTG-1,255
CGTTCAGACCCGCGAA-1,6
CGTTCATGGTGCGCGT-1,255
CGTTCTTCGCACACCT-1,255
CGTTGAATACCGCGCT-1,5
CGTTGAGCGACCGTCG-1,255
CGTTGAGTAATTGCGT-1,255
CGTTGCCCGCGTGGGA-1,255
CGTTGTAAACGTCAGG-1,255
CGTTGTAAGATTGATT-1,255
CGTTGTCGGCAATTGA-1,255
CGTTGTTTCAATTCCC-1,255
CGTTTAAGCGGAGCAC-1,3
CGTTTCACTTCGGGCG-1,255
CGTTTCGCTCATTACA-1,255
CGTTTGTGTAGAGGGT-1,255
CTAAACGGGTGTAATC-1,1
CTAAAGAATGCCTACT-1,255
CTAAAGGGAAATAGGA-1,255
CTAAAGTCCGAAGCTA-1,255
CTAAATCCGGTGTACA-1,255
CTAAATCCTATTCCGG-1,5
CTAACCGCGCGCCCGT-1,255
CTAACGAAACTTGCTG-1,4
CTAACTGATAATCGCC-1,3
CTAACTGGTCCGGTTC-1,255
CTAAGGGAATGATTGG-1,255
CTAAGTACAGGGCTAC-1,255
CTAATTCGCACGCGCT-1,255
CTAATTCTCAGATATT-1,3
CTAATTTCAACAACAC-1,3
CTACAAGAAATAACCC-1,7
CTACACTAGCTTGTTC-1,1
CTACACTCGCAGATGG-1,3
CTACATATCGCGGGAC-1,255
CTACCCTAAGGTCATA-1,255
CTACGAACTAGGTCGA-1,255
CTACGACTAGCTATAA-1,255
CTACGATCCTATCCTA-1,255
CTACGCACGGAGTACC-1,255
CTACGCCATTTCCGAT-1,255
CTACGTGTTGCCACCA-1,255
CTACTATCATAGGTTT-1,255
CTACTATCTTTCAGAG-1,4
CTACTCAAGGTATAGT-1,255
CTACTCTAGGCCCGGC-1,255
CTACTGCCACCTGACC-1,255
CTAGACATATATGTAG-1,255
CTAGACTGCATTTCGT-1,255
CTAGATAAACTCCTCG-1,255
CTAGATGTGAGTGTAA-1,3
CTAGATTTACGACGGC-1,255
CTAGCAACTAATTTAC-1,255
CTAGCATAGTATAATG-1,255
CTAGCCGATGTTATGA-1,3
CTAGGCGCCCTATCAG-1,4
CTAGGCGGCAGAGAAT-1,255
CTAGGGATAGGGACAA-1,255
CTAGGTCTGAAGGAAT-1,3
CTAGGTTCGGACGTGA-1,255
CTAGTAGAAAGGGATT-1,255
CTAGTATTCGGAATTA-1,255
CTAGTCACGTCTTAAG-1,6
CTAGTGAAGGACAGGA-1,255
CTAGTTACAACCCGGT-1,255
CTAGTTGGGCCCGGTA-1,255
CTATAAGAGCCAATCG-1,3
CTATAGGCGTTGATGT-1,7
CTATCGACGAAATACA-1,255
CTATCGGGTCTCAACA-1,255
CTATGCCCGAATGCAA-1,6
CTATGGGAAGCGGAAT-1,3
CTATGTCACTAGCCCA-1,255
CTATGTCTATTGAAAC-1,255
CTATGTGAGTCACGGC-1,255
CTATTCATGTGTCCCA-1,6
CTATTGTGTTTGGTCA-1,255
CTATTTGCTTGGAGGA-1,255
CTATTTGGTTACGGAT-1,255
CTCAAACCACTGCCCG-1,7
CTCAACTAACCCGGAT-1,255
CTCAAGACATTAGCGC-1,255
CTCACATTTACTAAAT-1,255
CTCACTGTGATACTTA-1,5
CTCACTTGGCTGGTAA-1,255
CTCAGGACTCACCTGT-1,255
CTCAGTCACGACAAAT-1,255
CTCATAAATGTGTATA-1,255
CTCATGGCTCACAATC-1,3
CTCATGGTAATTTGCG-1,255
CTCATTGCTCTAACAA-1,5
CTCATTTGATGGGCGG-1,255
CTCCCAATGAGTCGCG-1,2
CTCCCTCCTTTCGATC-1,255
CTCCGCCCACATGAGG-1,255
CTCCGGCCTAATATGC-1,255
CTCCGGCTTGTAGACA-1,255
CTCCTAAGTTATGTCT-1,2
CTCCTCCAGCTCACAC-1,255
CTCCTGTTCAAGGCAG-1,255
CTCCTTTACGCAAGTC-1,255
CTCGAATGGAACGTAT-1,2
CTCGAGACATACGATA-1,255
CTCGAGGTCGAACAGT-1,255
CTCGATATTTGCGAGC-1,3
CTCGCACCTATATAGT-1,255
CTCGCATTGCATAGCC-1,255
CTCGCCGAATGTAGGG-1,255
CTCGGGCATCGTCGGG-1,255
CTCGGGTTCTCTGGCC-1,255
CTCGGTACCACTGCTC-1,255
CTCGGTCCGTAGCCTG-1,255
CTCGGTTGTCGGCCCT-1,7
CTCGTCGAGGGCTCAT-1,255
CTCGTTACGGCTACCA-1,255
CTCGTTTCTAATGTTT-1,3
CTCTAATGCATTGATC-1,255
CTCTACACTGGCGATT-1,255
CTCTAGCCCTCGGAAA-1,255
CTCTATTTGGCTGCAG-1,255
CTCTCACAATCGATGA-1,255
CTCTCGATGTGCGCCT-1,2
CTCTCTAACTGCCTAG-1,7
CTCTGCGAAGCAAGCA-1,255
CTCTGGACGCCTGGTG-1,255
CTCTGTGCCTGCTATG-1,255
CTCTGTTTGAGGATTC-1,255
CTCTTCTATTGACTGG-1,255
CTCTTCTGGAAGTTAG-1,7
CTCTTGTCCCGCTTGG-1,255
CTGAAAGAGATCCGAC-1,255
CTGAATCCGAGACCTC-1,255
CTGAATTTATTGCCAG-1,255
CTGACATAGAAATAGA-1,255
CTGACTGCGCAGCTCG-1,3
CTGAGAAAGTTCGGCG-1,2
CTGAGCAAGTAACAAG-1,255
CTGATAGTGTATCTCA-1,4
CTGCAAATGGGCTCCA-1,255
CTGCAAGCACGTTCCG-1,255
CTGCACAACTACATAT-1,255
CTGCACCTGGAACCGC-1,255
CTGCACTCCAGTACAG-1,255
CTGCAGAGAATCAGAG-1,3
CTGCCAAGGTTGGAAG-1,255
CTGCCATGCATCACAT-1,255
CTGCCTAGCCACCAAG-1,3
CTGCCTTTAATACCTT-1,255
CTGCCTTTCTAGTAAA-1,255
CTGCGGGTGAAATGTT-1,255
CTGCGGTAGTCACGTG-1,3
CTGCGTTACGATATAA-1,255
CTGCTGAGGCCACGAA-1,255
CTGCTGTCTAACGAGC-1,255
CTGCTTGGCGATAGCT-1,255
CTGCTTTATGTCCGCG-1,2
CTGGAAATGGATGCTT-1,255
CTGGAAGACACGGTGG-1,255
CTGGACGCAGTCCGGC-1,255
CTGGATTTACACTTGA-1,255
CTGGCATCCGAATGAG-1,255
CTGGCGACATAAGTCC-1,4
CTGGCGATTTACATGT-1,255
CTGGCGCACAGGTCTG-1,255
CTGGCGGGAATAAGTA-1,255
CTGGCTCCTGCGGGAT-1,255
CTGGCTGATTCATCCT-1,4
CTGGCTGCTAACGTAA-1,255
CTGGCTGGTTGTCAGT-1,255
CTGGGATAAATAATGG-1,5
CTGGGATACGCTACCC-1,255
CTGGGATCGCCCAGAT-1,255
CTGGGCACTAGTCGGA-1,255
CTGGGCCTGCTATATC-1,255
CTGGGCGGCCAAATGT-1,255
CTGGGTAGGCAGTTAA-1,255
CTGGGTTGAGTTAAAG-1,255
CTGGTAAAGTGTGGGC-1,255
CTGGTAACACATAGAA-1,255
CTGGTAACGAGCTCTT-1,255
CTGGTCATTCCAATCC-1,255
CTGGTCCTAACTTGGC-1,255
CTGGTGAATGGGCCTA-1,255
CTGGTTCAACGCATCA-1,255
CTGGTTTCGAGCAAGA-1,255
CTGTACTTCTTAGCAT-1,255
CTGTAGCCATCTCACT-1,255
CTGTAGTGAGGATCGA-1,255
CTGTATGGTGTAGAAA-1,3
CTGTCAAATGGCTCGG-1,255
CTGTCACGCCAGGCGC-1,255
CTGTGCAGGGTAGGTC-1,6
CTGTGGTCGGGAGATA-1,4
CTGTTACCCAATCTAG-1,255
CTGTTCACTGCCTGTG-1,5
CTGTTCATCTCACGGG-1,255
CTGTTGTTCAGTCGTA-1,255
CTTAACTTCGAAGTAC-1,3
CTTACACGGTATTCCA-1,255
CTTACACTGGGAAATA-1,255
CTTAGCCTTCCACATG-1,5
CTTAGGTATAGACCAG-1,255
CTTAGTAGGCCTACAG-1,3
CTTAGTGTAGTAGCAT-1,255
CTTAGTTGAGGAATCG-1,255
CTTATGCGCTCAGGGC-1,255
CTTATGTTGACTACCA-1,2
CTTCAACTCCACTTGG-1,5
CTTCAGTGGTCGCCTA-1,255
CTTCATAGCTCAAGAA-1,255
CTTCATTGTCAGTGGA-1,6
CTTCCGCTCCGTGAAG-1,255
CTTCCTGCATATTTAC-1,255
CTTCGGCCAATTGTTT-1,255
CTTCGTAGATAGGTGA-1,255
CTTCGTGCCCGCATCG-1,255
CTTCTATGTTGAAGTA-1,255
CTTCTATTAATGCTAG-1,255
CTTCTGGGCGTACCTA-1,7
CTTCTTACGTCGTATA-1,255
CTTGACCCGAAAGATA-1,255
CTTGAGGTTATCCCGA-1,255
CTTGAGTTAGGGTAAT-1,255
CTTGCAACCGCCTCCT-1,6
CTTGCCCAGGCTCTAC-1,255
CTTGGCCAAGCTGGGA-1,6
CTTGTACTTGTTGACT-1,255
CTTGTCAACATTCGAG-1,6
CTTGTCGTACGTGTCA-1,255
CTTGTGAGGACAGCGG-1,255
CTTGTGAGTCTTTGAC-1,255
CTTGTGCTCACCGATT-1,255
CTTGTTGCTGAGTCAA-1,255
CTTGTTTATGTAGCCA-1,3
CTTTAACTTTCAAAGG-1,255
CTTTAATATTGGTCGA-1,255
CTTTACCGAATAGTAG-1,255
CTTTAGGAACACTGTT-1,5
CTTTAGTGCTATTATT-1,255
CTTTCTGTGCGGGCTT-1,255
CTTTGAAACATATTCC-1,255
CTTTGCATCGCTCTTG-1,3
CTTTGGCGCTTTATAC-1,255
CTTTGGCTTTAGTAAA-1,255
CTTTGGGATTGTTGCA-1,255
CTTTGTCGAATGCTCC-1,255
GAAACAGATGACCACC-1,255
GAAACAGCCATGCAGT-1,3
GAAACATAGGAAACAG-1,255
GAAACCATGGTGCGCT-1,255
GAAACCGAATTACCTT-1,255
GAAACCTATACAAATG-1,255
GAAACTCGTGCGATGC-1,255
GAAACTCTAATGAAGG-1,3
GAAAGAACAGCGTTAT-1,3
GAAAGCAGTGCACTTT-1,255
GAAAGCCCTTTGGACC-1,255
GAAAGTGACTAACTGC-1,4
GAAATACCTGCTGGCT-1,255
GAAATACTAAACGTTT-1,255
GAAATATCACCATCAG-1,255
GAAATATGCTTGAATG-1,2
GAAATCGCGCGCAACT-1,255
GAAATGGCGGTGTTAG-1,255
GAAATGGGATGTAAAC-1,255
GAAATTAGCACGGATA-1,3
GAAATTCACATCGCTG-1,3
GAAATTGTCTCTATAA-1,255
GAACAACTGGGATGAA-1,255
GAACACACATCAACCA-1,255
GAACAGATTACTAAAT-1,255
GAACCATCTGGGAGAC-1,255
GAACCCTCTGTGTTCT-1,255
GAACCTCGACCTACAC-1,255
GAACCTTTAACGATCC-1,255
GAACGACCGAATGATA-1,255
GAACGCGGGTCACACG-1,255
GAACGTCTCATGGTCG-1,255
GAACGTTAGGAAGACG-1,255
GAACTGTGGAGAGACA-1,255
GAACTTAGCGCCCGGT-1,255
GAAGAAACGATATTGT-1,255
GAAGAACGGTGCAGGT-1,3
GAAGACTTCAATGCCG-1,255
GAAGCAAGGCAATGTT-1,255
GAAGCCACTGATTATG-1,255
GAAGCCTGCACATTCC-1,6
GAAGCGTGAGGAATTT-1,255
GAAGCTCGGACCCGTC-1,7
GAAGCTTGCTGACCGC-1,255
GAAGGACTAAATTGAA-1,255
GAAGGAGTCGAGTGCG-1,6
GAAGGGCATAACCATG-1,255
GAAGTCAGTTGCACTA-1,255
GAAGTCTCCCTAGCGA-1,255
GAAGTGATTTATCGTG-1,255
GAAGTGCTGGATAGCT-1,255
GAAGTTTCCACTCAAT-1,255
GAATAGACGCGACCCA-1,255
GAATAGCATTTAGGGT-1,255
GAATAGCCCTGCGGTC-1,255
GAATAGTGCTCGATTA-1,7
GAATATTCGGAGTCCC-1,255
GAATCGACATGGTCAC-1,255
GAATCGCCGGACACGG-1,255
GAATCTATACTCGGAC-1,255
GAATCTGAACATTCTC-1,6
GAATGCCGAAATGACC-1,255
GAATGCGAATCGGTTC-1,255
GAATGTATGGCAGGTC-1,255
GAATGTGGTCCGGATT-1,255
GAATGTTGGGTAATCT-1,255
GAATTATAGTGAAAGG-1,255
GAATTCACCCGGGTGT-1,255
GAATTTCTCGCTGCAG-1,255
GACAAACATATGCAGG-1,255
GACAACGACCATTGAA-1,255
GACAACGCAGCTTACG-1,255
GACAAGAGATGAGATT-1,255
GACACAAGGGAAGAAA-1,255
GACACGAGTTAGAGGA-1,3
GACACTGAGTTCAGTG-1,255
GACACTGGAACCCGAT-1,255
GACAGATTTCTGGCTC-1,255
GACAGCCAGACCTGAC-1,5
GACAGGCACACACTAT-1,255
GACATCCGTCGAACTG-1,255
GACATCGATTTATAAC-1,255
GACCAAACGTTGACTG-1,255
GACCAGAGCCCTGTAG-1,255
GACCAGGTCATTCATA-1,255
GACCCAATTATGATAC-1,255
GACCCGTCGCCGGCTA-1,255
GACCGACGTGAAAGCA-1,255
GACCGACTGAAGCGTC-1,255
GACCGATTAAATATGT-1,255
GACCGCGTCTGACGTG-1,255
GACCGTCAGGTCGTGA-1,255
GACCGTGCTGACGGTG-1,255
GACCTTCCACGTCTAC-1,5
GACGACGATCCGCGTT-1,255
GACGAGGCTAATAAAC-1,3
GACGCATACCCGTCGG-1,255
GACGCCGTAAAGGCTA-1,255
GACGCCTGTTGCAGGG-1,255
GACGCTTGCTTCTAAA-1,255
GACGGACCGCGTTCCT-1,255
GACGGGATGTCTTATG-1,255
GACGGGTTGGCCCGTA-1,255
GACGGTCAATAGAAGC-1,3
GACGTGAGACTCCATG-1,1
GACGTGTAGGGATTAT-1,255
GACTAACACAGCACCT-1,3
GACTAAGATCATGCAC-1,5
GACTAAGTAGGCTCAC-1,5
GACTACAAAGCGGTGG-1,255
GACTACAATTGCTCGT-1,3
GACTAGGCCGTTAGGT-1,255
GACTCACCCACGTGAG-1,3
GACTCCCAGAATAAGG-1,2
GACTCCTTCCAATTGA-1,255
GACTCGCGGGAATGAC-1,255
GACTCGGTCGGCGGAT-1,1
GACTGATTGGTCACAA-1,255
GACTGCAAATCGAGCT-1,5
GACTGCACCAGCCCAG-1,255
GACTGCGGCACGTGTA-1,255
GACTGCTGGTGAGAAA-1,255
GACTGGGCGCCGCAAC-1,255
GAGACTGATGGGTAGA-1,255
GAGACTTCGCGACCGA-1,255
GAGAGGGCGCGAGGTT-1,6
GAGAGGTGCATTCTGG-1,255
GAGAGTCTCGGGAGAG-1,255
GAGATCTGCTTGGCAT-1,255
GAGATCTGTCACTCCG-1,255
GAGATCTTCCATGACA-1,255
GAGATGGGAGTCGACA-1,255
GAGCACCTGTGTCCAG-1,255
GAGCATCAACAACTTG-1,255
GAGCATCATCCCTGGG-1,255
GAGCCACGGTAGTAGG-1,255
GAGCCAGCTACCTGTG-1,4
GAGCCGAGCGTTTATT-1,2
GAGCGAGGGAGTACCG-1,255
GAGCGCAAATACTCCG-1,3
GAGCGCGCACGAGTAG-1,4
GAGCGCTATGTCAGGC-1,255
GAGCGCTGTTAGGTAA-1,255
GAGCGGAATGCGGTGT-1,255
GAGCTAAGGGCATATC-1,5
GAGCTCTCGGACCTAA-1,255
GAGCTGTCGTCTCGGA-1,255
GAGGAATGGAGAGGTT-1,255
GAGGAGATCCTCATGC-1,255
GAGGAGTAATTCCTAC-1,1
GAGGATAAACAGTGCT-1,255
GAGGCCCGACTCCGCA-1,7
GAGGCCTGTTGATACA-1,255
GAGGCTATCAAAGTCG-1,255
GAGGGAGTCAGATCGC-1,255
GAGGGCATCGCGTATC-1,2
GAGGGCGCAGCTCTGC-1,255
GAGGGTAGTAACAAAG-1,255
GAGGTACATCCATCTT-1,3
GAGGTACGCGTGTCCC-1,255
GAGGTCCCAAAGATCT-1,255
GAGGTCTTAGTGGGTC-1,255
GAGTAAACCGGAAAGT-1,2
GAGTAAGGCCACGGGA-1,6
GAGTACGGGTATACAA-1,3
GAGTAGATACTAGTTG-1,255
GAGTATGCCCGCCTTG-1,255
GAGTATGCGCGTGCAT-1,255
GAGTCAGACCAGAATC-1,255
GAGTCCGCTTACCGGA-1,255
GAGTGTCAACCAGAAA-1,4
GAGTGTGCGGTACCCA-1,255
GAGTTGATGGCAATTT-1,255
GAGTTGTCACCAGTCT-1,255
GATAAATCGGTGGATG-1,3
GATAACTCGCACTGTG-1,255
GATAAGGCAGATGCAA-1,255
GATACGATGGGAGTCA-1,255
GATAGGTAACGTTGAC-1,255
GATAGTGCGAGTAAGT-1,255
GATATCTCATGCAATA-1,3
GATATGAGACACTAAC-1,255
GATATGCGGTAGCCAA-1,255
GATATGGATTACGCGG-1,255
GATATTGAGATTGGCG-1,255
GATATTTCCTACATGG-1,255
GATCAACATAAAGGGA-1,7
GATCATTCCAAACATT-1,255
GATCCCTTTATACTGC-1,255
GATCCGGGAATTAACA-1,255
GATCCTAAATCGGGAC-1,255
GATCCTCGACACTGGC-1,255
GATCCTCTTGCGCTTA-1,255
GATCGACACTATCTGA-1,5
GATCGCGGGCTCTCCA-1,6
GATCGCTACCCGATTT-1,255
GATCGCTATATCTCAG-1,255
GATCGGATAGAACCAT-1,255
GATCGGCGATAAGTCG-1,255
GATCGGTGGCCATAAC-1,255
GATCGTGACTGATATC-1,255
GATCTCGACGCTGTGG-1,255
GATCTGCTATCTAAGG-1,255
GATCTTGGAGGGCATA-1,255
GATCTTTGCAGGGTAT-1,255
GATGACAAGTAGGGCA-1,255
GATGACGATGATCGCG-1,255
GATGAGGAACCTTCGG-1,255
GATGATTTGAAACTGG-1,255
GATGCCACACTACAGC-1,255
GATGCCAGCAGAAGGC-1,255
GATGCCTTCTGCGGCA-1,7
GATGCGTCCTGCATTC-1,6
GATGCTACAAGCGCCT-1,255
GATGCTGTATTTCATC-1,255
GATGGCGCACACATTA-1,3
GATGGTGCCCTAGGCA-1,3
GATGTAACGAACCACC-1,255
GATGTCCGGATCACAT-1,1
GATGTCGGTCAACTGC-1,3
GATGTGTTGTCACAAG-1,255
GATGTTCAATCCACGA-1,255
GATGTTTGTGCGAGAT-1,3
GATTAACCGAAAGCCC-1,255
GATTAATCCTGGCTCA-1,255
GATTACTGAATTTGGG-1,255
GATTCCCTTGTCGCAG-1,255
GATTCCGCGTTTCCGT-1,255
GATTCCTATACGGCGC-1,255
GATTCGACGGTTCACG-1,255
GATTGACACTCTGCTC-1,255
GATTGCTCCAGTTGCA-1,255
GATTGGGAAAGGTTGT-1,255
GCAAACCCTACATTAT-1,5
GCAAACCTTGGCCATA-1,255
GCAAACGTAAGCGACC-1,255
GCAAACGTCGCCAGGT-1,2
GCAAAGGGCGTTAGCC-1,255
GCAAATATTACGCTTT-1,255
GCAACACACTAGAACT-1,6
GCAACAGCAGTATGCG-1,3
GCAACCACCAGACCGG-1,3
GCAACCACGGCCGCGT-1,6
GCAACGGCTAGTTATG-1,255
GCAAGAATTCCTTGGC-1,255
GCAAGATGTGTTCGCG-1,2
GCAAGTGCACAGAGAA-1,255
GCAAGTGTAAAGCATG-1,255
GCACAAACCCTAGATG-1,255
GCACAAACGAGGCGTG-1,255
GCACAACCTCGGGCGT-1,255
GCACAAGTGTCGGAAG-1,3
GCACACACTGGTAGCC-1,255
GCACACGCCCATGGTC-1,255
GCACAGCACGGGCCGA-1,255
GCACGCCTACTTAGAT-1,7
GCACGTGGTTTACTTA-1,255
GCACTAGTCGCGCTAT-1,255
GCACTGCCTACCTTTA-1,255
GCACTGTGCAAATGTA-1,255
GCAGACCCAGCACGTA-1,3
GCAGATCCATAAGACT-1,255
GCAGATCCTCGCAAAT-1,255
GCAGATTAGGGATATC-1,6
GCAGCACACAGCCCAG-1,6
GCAGCCTATATCACAT-1,2
GCAGCGGTGGGCATTA-1,255
GCAGGAACTTAGATCT-1,255
GCAGGACTATAGAATA-1,255
GCAGGTAGAGTATGGT-1,255
GCAGTGTGGCTATAGG-1,255
GCATACGAGGTCTTTA-1,255
GCATAGAGCACTCAGG-1,255
GCATCCCTAACTTTGA-1,3
GCATCGGCCGTGTAGG-1,3
GCATGAGGGACGCGGC-1,255
GCATTCAAGGCAACGC-1,255
GCATTCGAAATGAACA-1,255
GCATTGTAATTCATAT-1,255
GCATTTCCAAGGCTCC-1,255
GCCAACCATTTCCGGA-1,255
GCCAAGAATACTTCTG-1,255
GCCAATAGGGCATCTC-1,3
GCCACAATTTAAGGAC-1,255
GCCACTCAGAGCGCGA-1,3
GCCAGGAAAGAACACT-1,255
GCCAGGAGTAACCGAT-1,4
GCCAGGCGTTCGCATG-1,3
GCCATATTGCACACAG-1,4
GCCATCGAGCTGCGTG-1,255
GCCATCGATGCTGCAT-1,255
GCCATTAGCCTCAAAC-1,255
GCCCACCAAGGCTGTC-1,255
GCCCAGTTGGTATGCC-1,255
GCCCATGGGTGCAATG-1,2
GCCCGACTTCTTCCCG-1,255
GCCCGAGAGTCTAAAT-1,255
GCCCGATCTGTGGTCG-1,6
GCCCGCGCGTAAACGG-1,255
GCCCGCGCGTTTGACA-1,255
GCCCGTAATACCTTCT-1,255
GCCCTAGCCGTCGCGA-1,255
GCCCTGAGGATGGGCT-1,255
GCCGAAATTCCTACGT-1,255
GCCGACCCACGACTGC-1,255
GCCGATTGGCCAAGCT-1,255
GCCGCATTAGTCCGGC-1,255
GCCGCTAGATACGCAG-1,255
GCCGCTTGTGAGAAAC-1,255
GCCGGAAACACATCTT-1,1
GCCGGGTTAGGGTCGC-1,255
GCCGGTTTGGGCGGAT-1,255
GCCGTCGGTTTCGGGC-1,255
GCCGTGGAAGAAATGT-1,2
GCCTAGCGATCTGACC-1,255
GCCTATAGTGTCAGGG-1,255
GCCTATTCCGATATAG-1,255
GCCTATTTGCTACACA-1,255
GCCTCATCTGGAAATA-1,4
GCCTCCGACAATTCAC-1,3
GCCTCTATACATAGCA-1,255
GCCTGCTACACTGAGA-1,1
GCCTTCAGCCCTACCG-1,255
GCCTTGTATATGCAGT-1,255
GCCTTTGTCAGTGGAC-1,255
GCGAAACGATCGGGAG-1,3
GCGAAACTTAACTGGA-1,255
GCGAAGAATCTGACGG-1,255
GCGAAGCCATACCCGT-1,255
GCGACATGTAAACATC-1,3
GCGACCCAACCATCTG-1,255
GCGACGATAGTTGTAC-1,255
GCGAGAAACGGGAGTT-1,1
GCGAGAGGCCATGTAA-1,2
GCGAGAGTTGCGTCCA-1,3
GCGAGCGCATGCTCCC-1,3
GCGAGGCCCGAGCAGA-1,6
GCGAGTTCTGCAAAGA-1,255
GCGATTCTGGAAGCAG-1,3
GCGATTGTTAACGTTA-1,255
GCGCAAATATATTCAA-1,255
GCGCAAGAGCGCGCTG-1,255
GCGCATCCAGTCAGCA-1,255
GCGCCGTTCCACGATA-1,6
GCGCCTCCCACTCCGA-1,255
GCGCGGTCTAGTAACT-1,255
GCGCGTCATTGGTACA-1,255
GCGCTAAGTATGCATG-1,255
GCGCTAATTGAATAGA-1,255
GCGCTATGCCGAGGCA-1,255
GCGCTGATCCAGACTC-1,255
GCGCTGCTTTGCATTT-1,255
GCGCTTAAATAATTGG-1,255
GCGGACCGCGTTGTGG-1,255
GCGGAGAAACTTCGCA-1,7
GCGGAGAGGGAGAACG-1,255
GCGGCAAAGTATTGCC-1,255
GCGGCTCTGACGTACC-1,255
GCGGGAACCAGGCCCT-1,255
GCGGGCGAGCCTTACC-1,255
GCGGTCCCTAGACGCA-1,255
GCGGTGAACTGCGCTC-1,255
GCGGTTCCCTATCATG-1,255
GCGTAAATGGCCATAA-1,3
GCGTCCCTAAGACATA-1,255
GCGTCGAAATGTCGGT-1,4
GCGTCGCCAGGGTGAT-1,6
GCGTCTCTGCATTGGG-1,6
GCGTGGTACTGGGTTA-1,4
GCGTGTATGTCGTATT-1,255
GCGTTATATTTGGAAC-1,255
GCGTTCGGAGACCGGG-1,3
GCTAAACCTGAGGTGA-1,3
GCTAACTGAAGTCTGA-1,255
GCTAAGTAAAGGCGAT-1,255
GCTAAGTAGTTTCTCT-1,255
GCTAATACCGAATGCC-1,255
GCTACAATCGAGGATA-1,255
GCTACAGTACGGACCG-1,255
GCTACGACTTATTGGG-1,6
GCTACTATAGTAGAGT-1,255
GCTAGACCGTCTACTG-1,3
GCTAGAGTAGAGATGT-1,255
GCTAGCAGGGAGTGGG-1,3
GCTAGCGATAGGTCTT-1,255
GCTAGCTTGAATAGCT-1,255
GCTAGGCACCACGGAG-1,255
GCTAGTAGAGCTTGTA-1,255
GCTAGTTTCATTGAGG-1,3
GCTATACGTCTCGGAC-1,255
GCTATCATACTCATGG-1,5
GCTATCGCGGCGCAAC-1,3
GCTCAATCCGTTTATT-1,7
GCTCAATGTAATACCG-1,6
GCTCATTACTGCATGT-1,3
GCTCCCAGTCGGTCCA-1,255
GCTCCGCTCGCTTCAG-1,255
GCTCCGGACGTTGATA-1,255
GCTCCTGACATACTGG-1,255
GCTCGCGGTTCCGCTC-1,255
GCTCGCTCATGTCCAA-1,255
GCTCGGAATTTAAAGC-1,255
GCTCTAAACCCTGACG-1,255
GCTCTATGTTACGTGC-1,255
GCTCTCGGGTACCGAA-1,255
GCTCTTTCCGCTAGTG-1,255
GCTGAATCTTCCAATC-1,255
GCTGAGGCGTGAGTAT-1,255
GCTGCACGGTTTCTTA-1,255
GCTGCTAAGTAGTCGA-1,255
GCTGCTACTGCGTAGC-1,255
GCTGCTCTCCGGACAC-1,255
GCTGGACCCAAAGTGG-1,255
GCTGGCATATTCACCT-1,255
GCTGGCGGCGCATGCT-1,6
GCTGGGTCCGCTGTTA-1,255
GCTGGTTTAGGCCATA-1,255
GCTGTATTACTGGCCC-1,255
GCTGTCTGTGATCGAC-1,255
GCTGTTGCTACCGAAC-1,4
GCTTAATGTAACTAAC-1,5
GCTTACGTAGTTAGTA-1,255
GCTTATGAAGCAGGAA-1,255
GCTTCCATGTAACCGC-1,255
GCTTCCGTCCCTAGAC-1,255
GCTTCGACGTTCAATC-1,255
GCTTGATGATAATCAG-1,255
GCTTGGATCGATTAGG-1,255
GCTTTCAGAGGAGGTG-1,4
GGAAACCTTGTTGAAT-1,255
GGAAACTAAATGGGCC-1,3
GGAAAGTGCCCATGCC-1,255
GGAACCGTGTAAATTG-1,255
GGAACCTTGACTCTGC-1,255
GGAACGGCCTGCAGCC-1,255
GGAACTTTGGCGATTA-1,255
GGAAGCTCGCTTACAG-1,3
GGAATAACCTCAAGAA-1,255
GGAATGCGCTAGCGTG-1,255
GGACACAAGTTTACAC-1,255
GGACCAACAGGATAAC-1,255
GGACCTACGGTAACGT-1,255
GGACCTCTAGGCCGCC-1,255
GGACGGCTTGCGCAAC-1,2
GGACTCGACAGCGCAT-1,255
GGACTCGTGAGTGGTC-1,7
GGAGAAGTCATTGGCA-1,255
GGAGACCATCTACATA-1,255
GGAGACGACACCTTTG-1,6
GGAGCAACATTTCAAG-1,3
GGAGCACCAAGAACTA-1,5
GGAGCGAGGCCTACTT-1,255
GGAGGATTGAAAGGAG-1,255
GGAGGCCGAAGTCGTC-1,2
GGAGGCGAAGAACCGC-1,1
GGAGGGCTTGGTTGGC-1,255
GGAGGGTCAAGTAAGA-1,255
GGAGTGCCGCCCTGGA-1,255
GGAGTTGATTCTGTGT-1,255
GGATACTCATGAATTG-1,255
GGATCAAAGGACGAGG-1,255
GGATCATCCCGTACGC-1,3
GGATCCCTACCAGCTA-1,255
GGATCCGGAATATACT-1,255
GGATCTTACTGCCCTT-1,7
GGATCTTGACTCAACC-1,255
GGATGAAGATCGCTGA-1,4
GGATGACGCGAGTTTA-1,6
GGATGCTGGCGTTCCT-1,255
GGATGTCCTTACCGCA-1,255
GGATTAAGCTAAGGTC-1,255
GGATTCAGTACGGTGG-1,3
GGATTCCGCTATACCC-1,255
GGATTGAAGTAGCCTC-1,255
GGATTGCTGTGACTCC-1,255
GGATTTCACTTCTATA-1,5
GGCAAAGGCGCCAATA-1,7
GGCAAATTACTTTACT-1,255
GGCAAGCCCATAGTGG-1,6
GGCAAGGCGAAATAGC-1,255
GGCAATAGTCAATGAG-1,255
GGCACTCCACTGGGCA-1,255
GGCAGCAAACCTATGC-1,3
GGCAGCGGTAATCCTA-1,3
GGCATACAGGTAGCGG-1,255
GGCATATCGGTTCTGC-1,4
GGCATCAACGAGCACG-1,255
GGCCACAAGCGATGGC-1,255
GGCCCTCACCCACTTA-1,255
GGCCGAGACTCTGGTG-1,255
GGCCGGCGTCTGCTAT-1,255
GGCCGTTTGGGTTTCA-1,255
GGCCTGCTTCTCCCGA-1,2
GGCGAAATCTAACTTG-1,255
GGCGAGCATCGAGGAC-1,255
GGCGAGCGAAACGGCA-1,255
GGCGCAGGACATCTTC-1,255
GGCGCATGAATTGATG-1,255
GGCGCGGAGATCTTTC-1,4
GGCGCGTTCGAGTTTA-1,255
GGCGCTCCTCATCAAT-1,255
GGCGCTTCATTCCCTG-1,255
GGCGGAGTAATATTAG-1,255
GGCGGTAGGATCATTG-1,255
GGCGGTTTGCCGGTGC-1,255
GGCGTACCCTATATAA-1,1
GGCGTAGGGAAAGCTG-1,255
GGCGTCCTATCCGCTG-1,255
GGCTAAAGGGCGGGTC-1,3
GGCTACTATACACTCC-1,255
GGCTATTAAGTTGTAT-1,255
GGCTCCTCCACCTGTT-1,255
GGCTCGCGTTGAGGTA-1,4
GGCTCGTGCCACCAGC-1,255
GGCTCTGCTCCAACGC-1,255
GGCTGAAATAGCAAAG-1,255
GGCTGAGCATCGTAAG-1,255
GGCTGGCTAGCTTAAA-1,255
GGCTTTCAATAAGGGT-1,255
GGGAACCACCTGTTTC-1,255
GGGAACGGGAGGTTAG-1,6
GGGAACGGTTTCAGAT-1,255
GGGAAGACGGTCTGTC-1,5
GGGAAGGGCTTTCTCA-1,255
GGGAATGAGCCCTCAC-1,255
GGGACAGAGTTACTCC-1,7
GGGACCCGTATATCTT-1,255
GGGACTGCATAGATAG-1,255
GGGAGAACTCACAGTA-1,255
GGGAGGATGCCCGAAA-1,6
GGGAGTAATGGCTGGC-1,255
GGGAGTTAATGAGGCG-1,255
GGGATGGACCCGCGTC-1,255
GGGATGGTCGTAACCG-1,255
GGGATTTACCGCACCT-1,255
GGGCAACCGCACGTGC-1,7
GGGCAGAGCAATCGTT-1,6
GGGCAGGATTTCTGTG-1,255
GGGCCATTCGTGCTGG-1,255
GGGCCCGTCTTAAACA-1,255
GGGCCCTACGAAAGGG-1,5
GGGCCGGCCGAAGTAC-1,5
GGGCCTAAATGGGCTA-1,255
GGGCGATATGTGTGAA-1,255
GGGCGGCAAATGAATT-1,255
GGGCGGGTTCCCTACG-1,255
GGGCGGTCCTATTGTC-1,255
GGGCGTACATTTATAT-1,5
GGGCGTCACCACGTAA-1,255
GGGCGTCCACTGGCTC-1,255
GGGCGTGGTTTCCCAG-1,255
GGGCGTTTACATTCAT-1,255
GGGCTATGATCGATGG-1,255
GGGCTCATCGAACCCA-1,255
GGGCTGCCTAGGGCGA-1,255
GGGCTGGTTAGTCGCG-1,255
GGGTAATGCTGTGTTT-1,255
GGGTACACTCTGGAGG-1,255
GGGTACCCACGGTCCT-1,2
GGGTACTTCATGAACT-1,255
GGGTATGTATGCACTT-1,255
GGGTATTCTAGCAAAC-1,255
GGGTCACCGTGACGGT-1,255
GGGTCACGTGCTTATG-1,255
GGGTCAGGAGCTAGAT-1,255
GGGTCATGCGTACCAT-1,255
GGGTCGTGGCAAGTGT-1,255
GGGTCTATCGCTTTCC-1,255
GGGTGACACCTTAACT-1,255
GGGTGCATATGAAAGC-1,255
GGGTGGTCCAGCCTGT-1,255
GGGTGTTTCAGCTATG-1,255
GGGTTAACATTTGAGT-1,255
GGGTTCAGACGAACAA-1,255
GGGTTTAGGATAGGAT-1,3
GGTAAACTCTGCGCTG-1,255
GGTAAATGTGCGTTAC-1,3
GGTAACCGGGAGGATA-1,255
GGTAACTATGTATCTG-1,255
GGTACAAACATGCTAT-1,255
GGTACATCTGGGACGA-1,5
GGTACCATTAAGACGG-1,3
GGTAGAAGACCGCCTG-1,255
GGTAGACCGTTGGGCG-1,255
GGTAGTGCTCGCACCA-1,255
GGTATAGTGACACATA-1,2
GGTATTGCCGAGTTTA-1,255
GGTCAAGACTACTTCG-1,3
GGTCACGTTAGATTCA-1,1
GGTCAGTGGGTCCCAC-1,255
GGTCATTGTAGTCATA-1,255
GGTCCTTCATACGACT-1,255
GGTCGGATAAACGGCG-1,255
GGTCGGCCAGGAGCTT-1,5
GGTCGGTAATTAGACA-1,255
GGTCGGTCGTCCACAG-1,255
GGTCGTAAGCTCGCAC-1,255
GGTCTCCGTCCAGGTT-1,255
GGTCTCTGAATGGACT-1,255
GGTCTGAGAATCTGGA-1,255
GGTCTTGAGCGCTCTT-1,255
GGTGAAACCGGGAATG-1,255
GGTGAACGGGCTAGCC-1,1
GGTGAAGTACAGGGAT-1,255
GGTGAGATGCAGATAA-1,3
GGTGATAAGGAGCAGT-1,255
GGTGATTTCATCTTGT-1,255
GGTGCAGAGCCTATCG-1,255
GGTGCATAAATGATTA-1,255
GGTGCGGATAAGTGGC-1,3
GGTGCTGATCACAAAG-1,255
GGTGCTGGTACACATT-1,255
GGTGGACCACGTGTTA-1,1
GGTGGACTGCTCTGGC-1,255
GGTGTAAATCGATTGT-1,255
GGTGTTCTGTTTCTAC-1,255
GGTTACCACCCTCGGG-1,255
GGTTAGCTATATGTCT-1,255
GGTTAGGCTTGGAGAA-1,255
GGTTAGTTACGGCGCC-1,255
GGTTCCACCCGCTTCT-1,255
GGTTCTACTCGTCTGA-1,3
GGTTGTATCGTGAAAT-1,255
GGTTGTGTAGCCTGGC-1,255
GGTTTAATTACCATCG-1,7
GGTTTACAATCTCAAT-1,255
GGTTTAGCCTTTCTTG-1,3
GGTTTCAATCGGTCAG-1,255
GGTTTGAGTGCTGGAA-1,255
GGTTTGTGACCTGAGG-1,255
GTAACATCTAAGATAA-1,255
GTAACTGCCCAAGGAG-1,255
GTAACTTGCGGCAGTC-1,255
GTAAGCGGGCAGTCAG-1,255
GTAAGGATTTGTCGGA-1,3
GTAAGTAACAGTCTGG-1,255
GTAAGTAGGGTATACC-1,255
GTAATAAAGGGCTCCC-1,3
GTAATCTGATTCTTCG-1,255
GTACACTTACCTGAAG-1,6
GTACAGAGGCAAGGGT-1,255
GTACGACGGCGCTGCG-1,255
GTACGAGATTGCGACA-1,255
GTACGCTTCATTGCAC-1,255
GTACGTCACGTATTAA-1,255
GTACGTTTGCCCGTCA-1,6
GTACTAAGATTTGGAG-1,255
GTACTCCCTTATCGCT-1,255
GTACTCCTGGGTATGC-1,3
GTACTGAGGTCGTAAC-1,255
GTACTGCATGAAGCGT-1,255
GTACTGGAGTTAGACC-1,255
GTACTTGGGCACTTCT-1,3
GTAGAAACGGGTGGAG-1,255
GTAGACAACCGATGAA-1,255
GTAGACACGCCTGACT-1,255
GTAGACGTCGTTACAT-1,255
GTAGAGGGAGACAAGT-1,255
GTAGCCAAACATGGGA-1,255
GTAGCGCTGTTGTAGT-1,255
GTAGCGGCTATACACT-1,6
GTAGCTAGTAAGCGCG-1,255
GTAGCTCCGGGAGGCT-1,7
GTAGCTTCCTCTTGTT-1,255
GTAGGTGATCCGTGTA-1,4
GTAGTCGCGGGAATCA-1,5
GTAGTCTACGATATTG-1,255
GTAGTTCGAAGGCGAA-1,7
GTATAATCTCCCGGAT-1,255
GTATAGGACTCAGTAG-1,255
GTATAGTGGCCCATGT-1,255
GTATATGTTACGGCGG-1,255
GTATCAAACGTTAGCT-1,255
GTATCAGCTTGGGTTC-1,255
GTATCCTTTGGTAACC-1,255
GTATCGGGACGAGCTG-1,255
GTATCTCAGTCTTGAC-1,255
GTATCTCCCTAACTGT-1,1
GTATCTTGTTGCTCAC-1,1
GTATCTTTCATAACCA-1,6
GTATGAAATTTCACTC-1,255
GTATGACGTGGGAAAC-1,255
GTATGTGGGTCTAGTT-1,255
GTATTAAGGCGTCTAA-1,3
GTATTCTGAGAAACGA-1,255
GTATTTAATGGCATAA-1,255
GTCAAAGAAGTGGTGT-1,7
GTCAAAGTTTACATAG-1,2
GTCAACCAGGCCTATA-1,255
GTCAAGCGGACTCGGG-1,255
GTCAATTGTACTGAAG-1,255
GTCACAAAGTTTCCAA-1,255
GTCACCTGTCTATGTC-1,2
GTCACTCTCCAAATCT-1,255
GTCAGAATAGTCTATG-1,255
GTCAGTTGTGCTCGTT-1,3
GTCAGTTTGGTAGTCG-1,255
GTCATCTCCTACAGCT-1,255
GTCATGCACCTCCGTT-1,255
GTCATGCGCGAGGGCT-1,255
GTCATGGACATGACTA-1,255
GTCATTAGAGCGAACG-1,6
GTCATTGCATTGACCC-1,255
GTCCAATATTTAGCCT-1,255
GTCCATTACTGCTACG-1,3
GTCCCAACGTAAAGTA-1,255
GTCCCGCGACGTTATG-1,255
GTCCGGACCTGAAATT-1,4
GTCCGGCTGAATTGCG-1,255
GTCCTACAGGCGGCTC-1,255
GTCCTACGAATAGTCT-1,255
GTCCTAGGATACCTTA-1,255
GTCCTTCTAGTGGGTT-1,3
GTCCTTTAATGACTTC-1,255
GTCGAATTTGGGCGCT-1,255
GTCGCCGTTGTGTGTT-1,255
GTCGCGTAACCCGTTG-1,255
GTCGGATATCTCAGAC-1,255
GTCGGATGTAGCGCGC-1,4
GTCGGGAAGCAGAAAC-1,255
GTCGTACCATCTCGGG-1,255
GTCGTATTGGCGTACA-1,255
GTCGTCAATTATAAGG-1,255
GTCGTGTCTGGTCATC-1,255
GTCGTTATTCGCTTAT-1,255
GTCTACTCAATTACAA-1,255
GTCTAGTGAGCCGCTT-1,255
GTCTATCTGAGTTTCT-1,255
GTCTATTGGTTCCGGT-1,255
GTCTCAAGGCCCGGCT-1,255
GTCTCCTGCCAGTATG-1,255
GTCTCGACTAAGTTTG-1,255
GTCTCGATCTGCTTTC-1,255
GTCTCGCCAACACGCC-1,2
GTCTGGGCGGTCGAGA-1,255
GTCTGTAGGTTGAACA-1,255
GTCTTAGTACAGCCGG-1,255
GTCTTGAGGAGCAGTG-1,2
GTCTTGTAGCTATTCA-1,255
GTGAAACGGCGCCACC-1,255
GTGAAACGTGCTCCAC-1,255
GTGAACTCCCATTCGA-1,3
GTGAAGATTTCAAGTG-1,3
GTGAAGCCGTATAGTC-1,255
GTGAAGTCACGACTCG-1,255
GTGACAGCTTCCCACT-1,5
GTGACCGCACACTACG-1,255
GTGACGAGGGTGACCC-1,2
GTGACGCAGGTTTCAT-1,5
GTGACTTCAGTAGTGC-1,255
GTGAGATAACCTTATA-1,255
GTGAGCGTGCTGCACT-1,255
GTGAGGACACTTAAGG-1,255
GTGAGGAGCGGTTGAG-1,255
GTGAGTGGTACAACGC-1,255
GTGATCAAGCGTGCAC-1,255
GTGATCACTAACGCCT-1,255
GTGATCATAGATCTGC-1,255
GTGATCCTTGTCATGA-1,4
GTGATGCACAACATCT-1,255
GTGATTCGCCGCTCAA-1,255
GTGCAACAAATGTGGC-1,255
GTGCACCAGCTTCAAC-1,255
GTGCACGAAAGTGACT-1,4
GTGCCATCACACGGTG-1,255
GTGCCCGTTCGGATTC-1,5
GTGCCGCTTCAAAGGT-1,255
GTGCCTAGCTATGCTT-1,255
GTGCCTCAGTGTACGG-1,3
GTGCGAAATCGAACAC-1,255
GTGCGACAGGGAGTGT-1,255
GTGCGCAGCTTGCTCC-1,255
GTGCGCTTACAAATGA-1,255
GTGCGGGACCATCGGC-1,255
GTGCGGGTCTCCAAAT-1,255
GTGCGTGTATATGAGC-1,255
GTGCTCAAGTACTGTC-1,255
GTGCTTACATCAGCGC-1,2
GTGGAACCTACATGCG-1,255
GTGGACCAACCCGATT-1,255
GTGGACGCATTTGTCC-1,255
GTGGACGTGCTGAGAC-1,3
GTGGAGCGTTTACCGA-1,7
GTGGAGTCGGCGGTTG-1,7
GTGGCAAACAGCGGCA-1,255
GTGGCCGGTTTCTCGG-1,255
GTGGCGGGCCGTAGCT-1,2
GTGGCGGTCCCAGCGT-1,255
GTGGCGTGCACCAGAG-1,255
GTGGGAAGACTGAATC-1,255
GTGGGCTTAGACACAC-1,5
GTGGTATAGTCTGCCG-1,255
GTGGTCAGCGAAGTAT-1,255
GTGGTGGCCAAGTGAA-1,255
GTGGTTACTTCTTTCG-1,3
GTGGTTTCCGCCTTTC-1,6
GTGTACCTTGGCTACG-1,255
GTGTATATCAGCGGGC-1,5
GTGTATGACTTTAAAG-1,255
GTGTCAGTGTACGTGG-1,255
GTGTCCGATAAGGCAT-1,255
GTGTCGTATAGCGTTC-1,255
GTGTGAATAACTTAGG-1,255
GTGTGAGCCGAGGTGC-1,255
GTGTTACTATGCGTCC-1,255
GTTAAAGTAGGACTGG-1,5
GTTAACATCACTTAAA-1,255
GTTAACTATGTTGTCA-1,255
GTTAAGGGTGCGATGT-1,255
GTTAAGTTAGAGTGGG-1,255
GTTAATGTCTATCTTA-1,255
GTTACAATTGGTGACG-1,255
GTTACCTACAACTTGC-1,6
GTTACGAAATCCACGC-1,255
GTTACTTTGGGCCTAG-1,255
GTTAGAGTGTGCCGCT-1,255
GTTAGCCCATGACATC-1,255
GTTAGCCGTAAATCAA-1,255
GTTAGGCTACCCGTTT-1,255
GTTATAATACGGTGAA-1,255
GTTATATTATCTCCCT-1,255
GTTATCACCTTCTGAA-1,255
GTTATTAAATACGACC-1,255
GTTATTAACGTGGGAG-1,255
GTTCAATCTATGTCAA-1,255
GTTCACAGGAGTCTAG-1,5
GTTCAGTCGCCAAATG-1,255
GTTCATCGTTTGGCTG-1,3
GTTCCAAGACAGCGAC-1,255
GTTCCAGTCTGACCAT-1,255
GTTCCGTCCGCCTGCA-1,255
GTTCGCCATAAGTGCC-1,6
GTTCGCTGAGACGTCT-1,255
GTTCGGATCGGGAACA-1,255
GTTCGGGCGTACCATT-1,255
GTTCGTCTAAAGAACT-1,255
GTTCGTTGCGGACCAG-1,255
GTTCTTCCCTCGATGT-1,255
GTTGAACCGGTTCCAT-1,255
GTTGAGTCCCGCCGGT-1,255
GTTGCACGGAGTTTCG-1,255
GTTGCGGACGGTCAGG-1,255
GTTGGATTCAGTGGCT-1,3
GTTGGATTGAGAACAC-1,255
GTTGGATTTGCGTTGG-1,255
GTTGGTCATGCTATCC-1,6
GTTGTCGTGTTAGTTG-1,3
GTTTACGTTCCATCTG-1,6
GTTTCAAACGAGTTGT-1,255
GTTTCATATCGTCGCT-1,255
GTTTCCTGGAGGGTGA-1,5
GTTTCTGCAGTCTCCC-1,255
GTTTGACCAAATCCTA-1,255
GTTTGAGCGGTTATGT-1,255
GTTTGGCCCAAGTTAT-1,255
GTTTGGCCGCTCAGCG-1,2
GTTTGGGCTTGTGAGC-1,6
GTTTGGGTTTCGCCCG-1,255
GTTTGGTAGGGTCAAC-1,255
GTTTGGTGATCGGTGC-1,7
TAAACCCAGGAGGGCA-1,7
TAAAGAGCCCGAAACC-1,255
TAAAGCGGTATTTCCA-1,255
TAAAGCGTTAGGAGAA-1,255
TAAAGCTGCAATAGGG-1,3
TAAAGGAGAAACTAGT-1,2
TAAATGAATCCGTTTC-1,255
TAAATGCCGTCTCATG-1,255
TAAATTTAGTAACACC-1,255
TAACAAAGGGAGAAGC-1,255
TAACAATATTTGTTGC-1,255
TAACAGCGTTTGTGCT-1,7
TAACATACAATGTGGG-1,255
TAACATACACGCGATC-1,7
TAACCGCCCGCAGTGC-1,255
TAACCTACCGTCCGAG-1,3
TAACCTAGGGAGTCCA-1,255
TAACGCTTTGAGAGCG-1,255
TAACTATCGAAGGTCC-1,4
TAACTATTACGCCAAA-1,255
TAACTCATCCGCGCGG-1,255
TAACTCCATGGAGGCT-1,3
TAAGAGGGACAGGGAC-1,255
TAAGATTTAGCGGGAG-1,1
TAAGCAGGCGACACGC-1,255
TAAGCGCGAATCAAAT-1,255
TAAGGAACTTGTGGGA-1,3
TAAGGCAACATAAGAT-1,255
TAAGGCATAACATCAA-1,255
TAAGGCCCGTCACCCT-1,255
TAAGGCTGAATCCCTC-1,255
TAAGGGCCTGTCCGAT-1,255
TAAGGGCTGGGAGAGG-1,255
TAAGTAAATGTGCCGC-1,255
TAAGTAACATCTTGAC-1,255
TAAGTCGCCGAGTATC-1,7
TAAGTTGCGACGTAGG-1,255
TAATAAACAAGGAGAT-1,255
TAATACACAGTAGTAT-1,5
TAATAGAACAGAGTTA-1,255
TAATAGGTCACCAGAA-1,255
TAATAGTGACGACCAG-1,5
TAATATTGAAATTCGC-1,255
TAATCGATCCGTACGT-1,4
TAATGAAAGACCCTTG-1,3
TAATTACGTCAGTAGA-1,3
TAATTAGATGGATATG-1,255
TAATTAGGACATCCGT-1,3
TAATTGGAATCGGGAA-1,255
TACAAATTGCGGAGGT-1,255
TACAACGCACAACTCA-1,255
TACAAGCTGTTCACTG-1,1
TACAAGTCTCGTGCAT-1,255
TACAGAAACGGTGGGC-1,4
TACATAGGCATACACC-1,255
TACATCCCTATCCCTG-1,255
TACATTTCTAACGTGC-1,255
TACCAAATAGCCCAGA-1,6
TACCAATAAAGTACCA-1,255
TACCAGAAGTAGGTTC-1,255
TACCAGCTAGGTTTAA-1,3
TACCAGGAATCCCGTC-1,255
TACCGCGGACTTGCAG-1,255
TACCGGCTCACTGCCC-1,6
TACCGGTCGTTTCCAT-1,255
TACCGTAGGTTAACTA-1,255
TACCGTGCCTCGGACC-1,255
TACCTACTCCCAGTAT-1,6
TACCTCACGCTTGTAC-1,255
TACCTCAGTTGTCTGT-1,255
TACCTCCACACCAATG-1,255
TACCTGCTGCACTGTG-1,255
TACCTTAAGATTTCCC-1,255
TACGAACACGACTTCA-1,255
TACGACGCTTGCTGCG-1,255
TACGACTGCCTCTTAG-1,6
TACGAGAACTTCACGT-1,255
TACGATGTTGATCATC-1,255
TACGCAGTTCTTTCCT-1,255
TACGCCATATTCTAAT-1,255
TACGCCGAGGGTACCC-1,255
TACGCCTCCATTCCGA-1,255
TACGCTATAGAAACCT-1,3
TACGCTCGGTATTGGA-1,255
TACGCTGCTGTGTTAA-1,255
TACGGGATGCTAGCAG-1,255
TACGTAAAGCGGAGTG-1,255
TACGTACTAGTGCTGA-1,255
TACGTGCACTATGCTG-1,255
TACGTTTACCGGCAAT-1,255
TACTATGGTTCCTCAG-1,255
TACTCCTCTAGTTGAC-1,7
TACTCGGCACGCCGGG-1,255
TACTCTCCGAACAAAT-1,255
TACTCTTACTTTACTG-1,255
TACTCTTTCGTCTTCA-1,255
TACTGAACAGATTTAG-1,255
TACTGAGGGAAGAAAG-1,255
TACTGCAATCAATTAC-1,3
TACTGGACAGCTCGGC-1,5
TACTGTTTCTCTGGTA-1,255
TACTTGTTAGTAGTCC-1,5
TACTTTACTGAGCCGG-1,255
TACTTTCCGCACGCCA-1,6
TAGAAACCACTAAGTA-1,255
TAGAAAGGTGGCGCTA-1,255
TAGAAATTCACGTATA-1,255
TAGAATAGCCGATGAA-1,3
TAGAATTAAGGGCAAC-1,255
TAGACGAAACGCCAAT-1,5
TAGACGCCCGTACCGG-1,255
TAGACTACCTAGCGTT-1,3
TAGAGATCATGCAACT-1,6
TAGAGCTACGAAGAAC-1,3
TAGAGGTTCTACTTGT-1,255
TAGAGTCTAAGCGAAC-1,255
TAGATATGGACTGGAA-1,255
TAGATCCGAAGTCGCA-1,3
TAGATGGTTCCTTACT-1,3
TAGATTCAAAGTGCGG-1,255
TAGATTCCTGGTTATT-1,255
TAGCAACCTGTCACAA-1,3
TAGCAGTATGACTAAA-1,255
TAGCCAGAGGGTCCGG-1,255
TAGCCATTTCAAAGTC-1,255
TAGCCGGCGGTCAGCG-1,5
TAGCGTCCCTCGATTG-1,255
TAGCGTCCGGTGTGGT-1,255
TAGCGTTGGGTCTTAC-1,6
TAGCTAAGTCCGGGAG-1,255
TAGCTAGAAGGCATGA-1,255
TAGCTAGTGATGATGG-1,255
TAGCTCGCCTGATAAC-1,255
TAGCTGATGTGAAGCG-1,255
TAGGAACAGCCTCCAG-1,255
TAGGCATGTTACGCCA-1,255
TAGGCCTATATAGTCT-1,255
TAGGCGATGAGGTCTC-1,255
TAGGCGGCTGCAAAGA-1,255
TAGGCTAAAGTGGCAC-1,255
TAGGGAGCTTGGGATG-1,255
TAGGGTGTTTCAAGAG-1,255
TAGGTCCAAGTAAGGA-1,4
TAGGTCGCCGGAACTG-1,3
TAGGTGACGATAACCT-1,255
TAGGTGAGCCCTACTC-1,255
TAGGTGCTCGCCTAGC-1,5
TAGGTGTTCCACAGAT-1,6
TAGGTTCGAGTTCGTC-1,255
TAGTACCACAACTTTC-1,255
TAGTACCTTAGTGGTC-1,3
TAGTAGCTTATACCAG-1,255
TAGTCCCGGAGACCAC-1,255
TAGTCCGCAGAGAATG-1,255
TAGTCCGTATGCATAA-1,255
TAGTCGATCACGGGTT-1,255
TAGTCTAACAACGAGA-1,6
TAGTCTGCGGCACATT-1,255
TAGTCTGTGACGTTGC-1,3
TAGTCTTTCCGAATTG-1,2
TAGTGCCCTCCAGAGT-1,255
TAGTGGAACTCATACA-1,255
TAGTGTCAGAAACGGC-1,255
TAGTTAAGATAGGATA-1,255
TAGTTTATTCTTGCTT-1,3
TATAAATCCACAAGCT-1,255
TATAAGTGAGGATAGC-1,255
TATACACAGACGCCTT-1,255
TATACACGCAAAGTAT-1,3
TATACCGAGTGCCACA-1,255
TATACGCGTCATCACT-1,255
TATACTCATGCGGCAA-1,255
TATAGAGTCGCTTGAA-1,255
TATAGATGGTCGCAGT-1,255
TATAGGGTACTCATGA-1,255
TATATAGGGCTTTACG-1,255
TATATATCGAGAAATG-1,255
TATATCAAAGTGATCT-1,255
TATATCCCTGGGAGGA-1,255
TATATTACAAATGTCG-1,255
TATATTCGCGTCGATA-1,255
TATCACAGCACGGGCA-1,255
TATCACCATGTAAAGT-1,255
TATCACCCAACCGACC-1,3
TATCACTTCGAGTAAC-1,3
TATCAGTGGCGTAGTC-1,255
TATCCAATTGGTTATC-1,5
TATCCATATCATGCGA-1,4
TATCCATCTCGGTTAG-1,255
TATCCGCACCGTCGGG-1,255
TATCCTATCAACTGGT-1,255
TATCCTGCATGGGAAT-1,255
TATCGATCTATGCATA-1,255
TATCGATGATTAAACG-1,255
TATCTACAGAGGTAAT-1,255
TATCTACCACAGCGGG-1,255
TATCTAGCCTAAAGGA-1,255
TATCTGAGCCGATATT-1,255
TATCTTGCAATACAAC-1,7
TATGAAGACAGGTGCG-1,255
TATGATAAATCTAACG-1,255
TATGATCCGGCACGCC-1,2
TATGATCTTCTCTTTA-1,255
TATGATTCTGCTTGGT-1,1
TATGCTCCCTACTTAC-1,255
TATGGAGTTTCTCGTT-1,255
TATGGATGTGCTACGC-1,255
TATGGCCCGGCCTCGC-1,255
TATGGGACCGAGCAGG-1,255
TATGGGTACGTATCGT-1,255
TATGGTCTGAGTAACA-1,6
TATGGTTAGTGGGAGA-1,3
TATGTAAAGTGCTTAA-1,255
TATGTAGAAACCCGGC-1,255
TATGTCAAGACCGACT-1,255
TATGTCTCATTGTGCC-1,5
TATTAACACCAAAGCA-1,255
TATTAACCTGACCGCG-1,255
TATTACCATCCTGCTT-1,255
TATTATGTTTGCCTGC-1,7
TATTCAATTCTAATCC-1,255
TATTCCACTCAGCTCG-1,255
TATTCCGAGCTGTTAT-1,255
TATTCCGGCAGTCCTA-1,2
TATTCCTCCGCCCACT-1,255
TATTCGTGCCAGAATA-1,255
TATTGCCGGGCTTGTA-1,255
TATTTAGTCTAGATCG-1,255
TATTTATACCGAGTAG-1,255
TATTTGATTTGCACAG-1,255
TATTTGTTACCCTTTA-1,255
TCAAACAACCGCGTCG-1,255
TCAAACTTAGATTGTT-1,255
TCAAATTTGAGACTCA-1,255
TCAACAAAGATAATTC-1,7
TCAACACATTGGGTAA-1,2
TCAACATAGCGCCCTA-1,255
TCAACATCGACCGAGA-1,255
TCAACCATGTTCGGGC-1,5
TCAACGAGGAGACAAA-1,255
TCAACGCAGGAAATAA-1,255
TCAACGCGACCGGCAG-1,255
TCAACTAACGTATAAC-1,4
TCAACTGCAGAGTCAG-1,255
TCAAGAAATACTAGCT-1,3
TCAAGCGCGGACGGTA-1,255
TCAAGGTTACTACACC-1,3
TCAATACGCCGTCATG-1,255
TCAATCCGGGAAGTTT-1,255
TCACAAACCGAGGTAC-1,3
TCACAGATCCTCAAAC-1,255
TCACAGCAAACTCGAA-1,255
TCACAGGAGAATAAGA-1,255
TCACAGGGAATCGCAA-1,255
TCACAGGTTATTGGGC-1,255
TCACATCTTATCTGAT-1,255
TCACCCTCTTAAGATT-1,255
TCACCGCTCGGCACTC-1,255
TCACGATGTCCGTGGA-1,255
TCACGCATTGTAGATC-1,255
TCACGGCCCAAGAGAG-1,255
TCACGGTCATCGCACA-1,255
TCACGTGCCCGATTCA-1,255
TCACTACGACCAATGC-1,3
TCACTATCGTGCAATC-1,255
TCACTCAGCGCATTAG-1,255
TCACTCGTGCAACGGC-1,3
TCAGAACCTCCACAGG-1,3
TCAGACGCTATAGAAG-1,255
TCAGCAAATGCATCTC-1,255
TCAGCAGTAGGCCCTG-1,7
TCAGCCAATCCGTAAA-1,255
TCAGGGCGCAAACTCG-1,255
TCAGGGTGCACGAAAC-1,255
TCAGGGTGTAACGTAA-1,255
TCAGGTTCTTTGAGAA-1,5
TCAGTACTGACCCGCG-1,255
TCAGTAGGGACTATAA-1,255
TCAGTGTATACGTCAT-1,7
TCAGTTACGGAATGAT-1,255
TCATACTTACAGATCC-1,3
TCATATGAGCTTTGTT-1,255
TCATCACTCGAGCTCG-1,255
TCATCCCAGAGGGTGG-1,3
TCATCGATGGTCCCAA-1,255
TCATGCAGGTTCTCAT-1,255
TCATTTAAGTCTCCGA-1,255
TCATTTAGAAGTGTGA-1,255
TCCAACTCAGCTATCT-1,255
TCCAACTTTAAATTCT-1,255
TCCAAGCCTAGACACA-1,255
TCCAATAAAGGCTACC-1,255
TCCACAATGGTTTACG-1,255
TCCACATCGTATATTG-1,255
TCCACCAAGACATAGG-1,255
TCCACCTCTAGCCTTT-1,255
TCCACTTTATCTAGGT-1,255
TCCAGAGCACCGGTTC-1,6
TCCAGCGCTATAAGCG-1,2
TCCAGGCGAGTACGGT-1,255
TCCAGGGTATATACGA-1,255
TCCATCAATACTAATC-1,255
TCCATTAGTTGGATAG-1,255
TCCATTGTGACCTCGT-1,3
TCCCAAACAGACAACG-1,255
TCCCAAAGACGAAGGA-1,255
TCCCAAAGCCCTAAAT-1,255
TCCCACGGAGGGAGCT-1,255
TCCCACTCTCTTCCGG-1,3
TCCCAGCTTTAGTCTG-1,255
TCCCAGGCTTAGCTAA-1,255
TCCCGCGTACTCCTGG-1,255
TCCCGGGTGTGCTGCT-1,255
TCCCGGTCAGGAATTT-1,255
TCCCGTCAGTCCCGCA-1,5
TCCCGTGTGCAATTTG-1,255
TCCCTAGATCAATAGG-1,255
TCCCTGGCGTATTAAC-1,255
TCCCTGGCTCGCTGGA-1,255
TCCCTTAGATTACTCG-1,4
TCCCTTGTCTGAAACT-1,255
TCCGAACTTGGCTTAC-1,255
TCCGAAGTAGTCACCA-1,255
TCCGAATGGTCCTGAG-1,255
TCCGACCGCTAATCAA-1,255
TCCGAGAAGGCTAAGC-1,255
TCCGATAATTGCCATA-1,255
TCCGATGACTGAGCTC-1,5
TCCGATGGTGCGACAT-1,255
TCCGATTACATTGCCG-1,5
TCCGCCTGTCTACAAG-1,255
TCCGCGGCAGCATCTG-1,255
TCCGCGGCCCAATGAA-1,3
TCCGCTGTCATCCCGG-1,5
TCCGCTTATCCCATTA-1,6
TCCGGAGGAAGGGCTG-1,2
TCCGGCCTAGCGTACA-1,255
TCCGGCCTGCATCGAT-1,255
TCCGGGCTTGACGGGA-1,255
TCCGGTTCGTCCGGTC-1,255
TCCGTAACCACAATCC-1,255
TCCGTTAAGCTAATAT-1,3
TCCGTTTAGCCTTGAA-1,255
TCCTAAATTGGGAAGC-1,255
TCCTAACCGTCGGGCA-1,255
TCCTACATCCACGGCC-1,5
TCCTAGCAAAGAAGCT-1,255
TCCTCCTAAGACATTC-1,255
TCCTCGGGCTGGGCTT-1,255
TCCTCTACGAGATGGC-1,255
TCCTCTCCAGTTGTCC-1,4
TCCTCTGGCCCATTAG-1,3
TCCTGCCAACTGGAGA-1,255
TCCTGCGTTGATACTC-1,255
TCCTGGCGCTGCCTGG-1,2
TCCTTACGACGGTCCG-1,255
TCCTTCAGTGGTCGAA-1,255
TCCTTGTCCTTTAATT-1,255
TCCTTTAAATCCGCTT-1,255
TCCTTTCTTACGCTTA-1,255
TCGAAATTTAGGACCA-1,255
TCGAAGAACCGAGCAC-1,255
TCGAATATCCCGCAGG-1,255
TCGACAACTGAACCCG-1,7
TCGAGACCAACACCGT-1,6
TCGAGCCAGGCAGGCC-1,7
TCGATAGGCTAGTCGC-1,2
TCGCAAAGATGCATTT-1,255
TCGCACCAGGAGGCAG-1,5
TCGCATAAAGGGCGCA-1,255
TCGCATCCCTAAGTGT-1,255
TCGCATTCAATGACTT-1,255
TCGCCCAACTGACTCC-1,255
TCGCCGAAGTTGCGTC-1,255
TCGCCGACATATTCGC-1,255
TCGCCGGTCGATCCGT-1,255
TCGCCTCGACCTGTTG-1,255
TCGCGTAGCAGTGTCC-1,3
TCGCGTCCAGAAGGTC-1,255
TCGCTAAACCGCTATC-1,255
TCGCTACTGGCTTTGA-1,5
TCGCTCGATATATTCC-1,255
TCGCTCGGCACCAGCG-1,255
TCGCTGGGCGGATTGT-1,255
TCGCTGTGCGTAAATC-1,3
TCGCTTTAAACGTTTG-1,255
TCGGAATGACCATCAA-1,255
TCGGAATGCGCTCTGA-1,255
TCGGACGCCCAGCCCA-1,255
TCGGAGAGTATCGGGA-1,6
TCGGAGTACATGAGTA-1,255
TCGGATCTGGATGACC-1,255
TCGGCGAACCCAAACC-1,3
TCGGCGTACTGCACAA-1,255
TCGGCTAACTTCCCTT-1,255
TCGGCTTGTATCGACG-1,3
TCGGGAACGTGCCTAG-1,255
TCGGGAGACAGCGTAC-1,255
TCGGGATTCAAACATA-1,255
TCGGGCACTTCTGGAT-1,255
TCGGGCCGTCGTGGTA-1,255
TCGGGTGAAACTGCTA-1,255
TCGGTCCCGACAATAG-1,255
TCGGTCCCTGACTCCA-1,3
TCGGTGACCGCTCCGG-1,2
TCGGTTAGCCATGTAG-1,255
TCGTAAGACGACATTG-1,255
TCGTAAGCTCCGAGGA-1,255
TCGTATAGTGCAATTA-1,255
TCGTATTACCCATTGC-1,255
TCGTATTTCGTCCGGA-1,255
TCGTCAAGTACGCGCA-1,7
TCGTCACACTGTTAGC-1,255
TCGTCCGCTGGCGTCT-1,4
TCGTCTTAGGCGTTAA-1,255
TCGTGTACTATGGATG-1,255
TCGTGTATTGGTCACG-1,2
TCGTGTCACGCTGACA-1,255
TCGTGTTCGACCACAA-1,255
TCGTTAGGAGTCCCTA-1,255
TCGTTCGTTATTATGT-1,3
TCGTTGCTATCCGGTC-1,255
TCGTTGGCTCGTCAAT-1,255
TCTAAAGAACAGTCTC-1,255
TCTAACTGTATGTAAA-1,255
TCTAATACTGCCTCAG-1,255
TCTACACGTTCATGCA-1,255
TCTACCCAATAGAGAG-1,255
TCTACCGTCCACAAGC-1,255
TCTAGCAATCTCCGCC-1,255
TCTAGCATCTTCGATG-1,255
TCTAGCATGCCCAGAA-1,6
TCTAGGTGGCGACGCT-1,255
TCTAGTGATATCGTGG-1,255
TCTAGTTATCAGAAGA-1,255
TCTATAGGTGGGTAAT-1,255
TCTATCATGCAGTTAC-1,255
TCTATCGGTCGCAACA-1,5
TCTATGCTATAACGAC-1,255
TCTATTACGCTGGCGA-1,255
TCTATTACTAGAGGAT-1,255
TCTCATGAGATAGGGT-1,255
TCTCCAACGTAGGTTA-1,255
TCTCCACAAGTTGAAT-1,3
TCTCCCTGGGCAGCGT-1,5
TCTCGAACGAGGTCAC-1,255
TCTCGACGTATCGCCG-1,255
TCTCGAGGAGGTTCGC-1,255
TCTCGGCTCCAGGACT-1,255
TCTCTAATAGCTGGTA-1,255
TCTCTCGCCGCACATA-1,2
TCTCTTACCGCGAACC-1,255
TCTGAACCGGTCGGCT-1,255
TCTGAACTCGTACCCG-1,255
TCTGAAGCACGTGGTC-1,255
TCTGAATTCCGTACAA-1,4
TCTGACTGTAATGGTT-1,255
TCTGAGCAATTGACTG-1,255
TCTGATGTATTCTGTC-1,5
TCTGCATACCTTGCTT-1,3
TCTGCCAGAAACTGCA-1,255
TCTGCGTCCGGTTTCT-1,255
TCTGGGAACCTTTGAA-1,255
TCTGGGTAGCGCTCAT-1,6
TCTGTCATACAAGAGC-1,255
TCTGTGACTGACCGTT-1,255
TCTGTGCCATCATAGT-1,255
TCTGTGGCTACATTTC-1,255
TCTGTTACCCAGCATA-1,255
TCTTACAGAGGTACCG-1,3
TCTTACCGGAACTCGT-1,255
TCTTACGGCATCCGAC-1,255
TCTTACTTATGCCTCT-1,255
TCTTAGAGCTCCAATT-1,3
TCTTAGAGTGAACTCT-1,255
TCTTATGGGTAGTACC-1,255
TCTTCCCATGGGCACA-1,255
TCTTCGAATAGACGTT-1,255
TCTTCGATACCAATAA-1,255
TCTTCTATAACCCGCC-1,3
TCTTGATGCGTAGCGA-1,255
TCTTGCTCCCGATACT-1,255
TCTTGGTAACACCAAA-1,5
TCTTTAAGACTATGAA-1,255
TCTTTAGAGTCTAACA-1,255
TCTTTCTCTTAAGGAG-1,255
TGAAACCTCAACTCAC-1,255
TGAAACTTATGCAAGC-1,3
TGAAAGGACCTGACTC-1,255
TGAACAAGCAGGGACT-1,7
TGAATACCGACGCGTA-1,255
TGAATGAGTGTTTCCC-1,255
TGAATGTCAGCCGGCC-1,255
TGACACTTCTCTTTGC-1,255
TGACAGGACAAGTCCA-1,255
TGACATCGAGCGGACC-1,3
TGACATGTAACGTGAC-1,255
TGACCAAATCTTAAAC-1,6
TGACCAGCTTCAAAGT-1,255
TGACCCAACTCACATT-1,255
TGACCCACGTTAGACA-1,255
TGACGAATATTTCCCT-1,6
TGACGATGCACTAGAA-1,4
TGACTATAATCCTTTC-1,255
TGACTCCGAATCATAC-1,255
TGAGAATGCTTTACCG-1,4
TGAGAGATTTACCACG-1,255
TGAGATCAAATACTCA-1,255
TGAGATTAGGCCCTAA-1,3
TGAGCAGTCGTGAAGT-1,1
TGAGCCATACAGTCTC-1,255
TGAGCGGAAAGTGTTC-1,255
TGAGCTTTAATGACGC-1,255
TGAGGAGTGCCAGCTT-1,255
TGAGGCATGTACTGTG-1,255
TGAGGTTGATCCCAAG-1,255
TGAGTAAATTAGCGTA-1,255
TGAGTGCCTCTTAAAT-1,255
TGAGTGGTCCGTGACG-1,5
TGAGTGTAACAACGGG-1,255
TGAGTTAAAGACATTC-1,255
TGATACATTTAGCCGT-1,255
TGATAGCGGGATTCTA-1,255
TGATCAGGGAACTGCT-1,255
TGATCCCAGCATTAGT-1,255
TGATCGGTTTGACCCT-1,255
TGATCTACGCTGATCT-1,3
TGATCTCCGGCGCCAG-1,255
TGATGGCTGTTTCTGA-1,2
TGATGGGACTAAGTCA-1,255
TGATGTCAATTAAGTG-1,3
TGATTATGGCACGCAG-1,1
TGATTCAGGTCCCGCG-1,255
TGATTCCCGGTTACCT-1,255
TGATTCGTCTATCACT-1,255
TGATTCTGTCGCCGGT-1,255
TGATTTATTAGCTGTG-1,255
TGATTTCCTCCTGACG-1,3
TGCAACCCATCTGCGG-1,255
TGCAAGAATGACGTAA-1,255
TGCAATCTAACACGGT-1,255
TGCAATTTGGGCACGG-1,255
TGCACAGTGAAGTTAT-1,255
TGCACGAGTCGGCAGC-1,255
TGCACTATGTGAGTGC-1,255
TGCAGAACTATATCGT-1,255
TGCAGAGTACCGAGCA-1,6
TGCAGATCGTCCTAGG-1,255
TGCAGCTACGTACTTC-1,255
TGCAGGATCGGCAAAG-1,255
TGCAGTGGTAGGGAAC-1,255
TGCAGTTTCCTCCCAT-1,255
TGCATATGTCTGTCAC-1,5
TGCATGGATCGGATCT-1,255
TGCATGTGACCCATAG-1,255
TGCATGTGGTAATCTA-1,255
TGCCAAAGTCAGACTT-1,255
TGCCAATGGGTACTCT-1,255
TGCCACCTGGCGAAAC-1,255
TGCCAGTACGTGGAGA-1,255
TGCCATGGCTTATAAG-1,2
TGCCATTACTAAAGAA-1,255
TGCCCGTACCGTTAAA-1,255
TGCCGGATGTACGAGC-1,255
TGCCGTGGATCGTCCT-1,255
TGCCTAATTGAAGATT-1,3
TGCCTGACATCGGTCA-1,255
TGCCTGATCAAACGAT-1,255
TGCCTTGGCCAGGCAA-1,5
TGCGAATATGGGATTT-1,255
TGCGACACCCTAGTGC-1,255
TGCGACGGCCGAACGT-1,255
TGCGAGAATATTACCC-1,255
TGCGAGCCCTTCCGCG-1,255
TGCGCAAAGCATTTGG-1,255
TGCGCGATTAACGGAG-1,255
TGCGGACTTGACTCCG-1,255
TGCGGAGTAAAGGTGC-1,5
TGCGGCATAGTTCAAC-1,255
TGCGGGTATTGGGATC-1,255
TGCGGTCTACGAGTAA-1,255
TGCGGTGAAATTTCAT-1,3
TGCGTAAGAACCTGAT-1,255
TGCGTCATGACTGAGC-1,255
TGCGTGATTGGGTGTC-1,255
TGCGTTTGTTGACACT-1,255
TGCTAAGTGTCTATTT-1,4
TGCTATACAAACGGAC-1,255
TGCTCCACAGTTCTTA-1,4
TGCTCGGCGAAACCCA-1,6
TGCTCGGTGGGTCACC-1,255
TGCTCTTGAGAGTTTG-1,255
TGCTGGTTGGACAATT-1,255
TGCTGTTGAAGAACTC-1,255
TGCTTAGAGAGAATGC-1,255
TGCTTCCCAAGCAGTA-1,255
TGGAAACGGAGTGAAC-1,255
TGGAACCACTGACACA-1,3
TGGAAGAAGGGAACGT-1,255
TGGAAGACGAACACCA-1,3
TGGAAGGATAAAGATG-1,5
TGGAATATCCTTGACC-1,255
TGGAATTAGACGCTTT-1,255
TGGACCAATCTAAGAT-1,255
TGGACGCAATCCAGCC-1,255
TGGACTGTTCGCTCAA-1,255
TGGAGAATAATCGTCC-1,255
TGGAGCTAAAGTTCCC-1,255
TGGAGTGATGCGATGA-1,5
TGGCAAACTAAATTAC-1,255
TGGCAACTCGCGCGCC-1,255
TGGCAAGCACAAGTCG-1,255
TGGCAATGGGACGGCG-1,255
TGGCACGAGCTCGAGT-1,2
TGGCAGATTACGATCA-1,255
TGGCAGCAGTAATAGT-1,255
TGGCATGAAGTTTGGG-1,255
TGGCCAAACTGAAGTA-1,255
TGGCCAATTTGGTACT-1,255
TGGCCGTATATTGACC-1,255
TGGCGACTGCTCCAAA-1,255
TGGCGATCAAGTTATG-1,255
TGGCGGTGTGCGATTG-1,255
TGGCTACACTCTACCT-1,255
TGGCTATGTGACATAC-1,255
TGGCTCTTGTCGCGTA-1,255
TGGCTTTGGGTAGACA-1,255
TGGGAAATGCCTTTCC-1,255
TGGGATGCACTCATTC-1,255
TGGGCAATAGTTGGGT-1,255
TGGGCACAAACAGAAC-1,2
TGGGCACGTTCTATGG-1,255
TGGGCAGGCCACCGCA-1,2
TGGGCCACAAGAGCGC-1,255
TGGGCCCATACTAATT-1,255
TGGGCCTTGCCTGCAT-1,255
TGGGCGATACAATAAG-1,255
TGGGTAAGGTTCCCGC-1,255
TGGTAAGCAGGATTGA-1,255
TGGTAGAATATATGGG-1,255
TGGTATCGCATCCCAA-1,255
TGGTATCGGTCTGTAT-1,255
TGGTCCCACGCTACGG-1,255
TGGTCTGTTGGGCGTA-1,255
TGGTGATCGTATTTGT-1,255
TGGTTAACTTACATTT-1,255
TGGTTCAACGGGTAAT-1,255
TGGTTCGTAGCAAAGG-1,5
TGGTTGGAGGATCCTG-1,3
TGGTTTAAACGTGGGT-1,2
TGTAACTTGTCAACCT-1,255
TGTAATGACCACAATA-1,255
TGTACCCGACCCTAAT-1,255
TGTACCTACACGAGGG-1,255
TGTACGAACAAATCCG-1,255
TGTACGCTATCAGCTT-1,2
TGTACTGTGCCAAAGT-1,255
TGTAGCCATCCCATTC-1,255
TGTAGGAGAAATTTCC-1,5
TGTAGTGATCTATAAT-1,255
TGTATAACAGATCCTG-1,255
TGTATCCTTATTCCAT-1,255
TGTATGGCGCAGACAG-1,255
TGTATTTACCTAATGC-1,255
TGTCATTTGTTGGGAA-1,255
TGTCCACGGCTCAACT-1,255
TGTCCCGACATAGCAC-1,255
TGTCCGTGGCGCCTTT-1,255
TGTCCTAAGTCACCGC-1,255
TGTCGGCATGGTGGAA-1,255
TGTCGTTATCACATAT-1,255
TGTCTACAGTTTCTGT-1,255
TGTGACTACGCCAGTC-1,5
TGTGAGACTAGCCCAA-1,255
TGTGATTCCAGCGCTT-1,2
TGTGCCGGTGCCGGAA-1,255
TGTGCTTTACGTAAGA-1,255
TGTGGAGGAAGCTTAA-1,255
TGTGGCAAAGCGTATG-1,255
TGTGGCGGGCTTCTGG-1,6
TGTGGCTCCCACCAAC-1,255
TGTGGTTGCTAAAGCT-1,255
TGTGTCGCGAGTTGCA-1,255
TGTGTTCGTATCCAAG-1,255
TGTTATTGTATGTGGC-1,5
TGTTCCGCTTCCATGA-1,255
TGTTCCGGCCTGAGCT-1,255
TGTTCGTATTGCGGTG-1,255
TGTTCTTCCATTGACT-1,255
TGTTGTCAAGAAGTCT-1,5
TGTTTAATACTTCATC-1,3
TGTTTCGGTACTTCTC-1,255
TGTTTCTGAAGCGTGC-1,255
TGTTTGAGATCGTCAG-1,255
TTAAACAGAGTCCCGC-1,1
TTAAACCGGTAGCGAC-1,255
TTAAACCTGGTTCCTT-1,255
TTAAACTCGAATTCAT-1,255
TTAACACCTCGAACAT-1,3
TTAACCAACCCTCCCT-1,255
TTAACGTCGCAAGACC-1,255
TTAACTCACGCGTGGA-1,255
TTAACTTCAGGTAGGA-1,255
TTAAGACGAACGAACC-1,255
TTAAGATAGGATTGAC-1,255
TTAAGCCGACAACTTC-1,255
TTAAGCGCCTGACCCA-1,255
TTAAGGATACGGAGGT-1,255
TTAAGGCCCGTACTTT-1,255
TTAAGTATTGTTATCC-1,255
TTAATCAGTACGTCAG-1,255
TTAATGCGAGGTAACT-1,255
TTAATGTAGACCAGGT-1,255
TTAATTGCTTTGGGTG-1,5
TTAATTTCAGACGCGG-1,4
TTACAACTACGCATCC-1,5
TTACACGATCTGCGAC-1,255
TTACAGACCTAAATGA-1,255
TTACATCGTGGCCTGG-1,255
TTACATGCCACAACTA-1,3
TTACCATTGATTACCC-1,5
TTACCCATTGCCGGGT-1,255
TTACCCTAACAGTCCT-1,3
TTACCCTAGGGATTGG-1,6
TTACCGCCTTAGGGAA-1,1
TTACGGATGGTTCGAG-1,255
TTACGGTGTCACCGAG-1,1
TTACGTAGCGCGTGCT-1,1
TTACTAAAGGACTTTA-1,255
TTACTATCGGCTTCTC-1,255
TTACTCCGGCCGGGAA-1,255
TTACTCTGGTACGTAC-1,255
TTACTGGGATATTTCA-1,255
TTACTGTTTCTCTACG-1,255
TTAGAAGAACATGACT-1,6
TTAGAATAAGGGTCGG-1,255
TTAGACACGATCGTTG-1,255
TTAGACGAGTCACCTC-1,255
TTAGAGTTTAGAAGGA-1,255
TTAGATAGGTCGATAC-1,255
TTAGCAACATGGATGT-1,3
TTAGCTAATACGATCT-1,3
TTAGCTCTGTAATCCG-1,255
TTAGCTGATTTGCCGT-1,4
TTAGGTCATAACCGAC-1,7
TTAGTAAACCTGCTCT-1,3
TTAGTAGGGCGGCGGG-1,5
TTAGTTATTCGTGGCA-1,255
TTAGTTCAAGTGTTCG-1,2
TTATAGATGCACATTA-1,255
TTATAGGTAATTGTCT-1,255
TTATATACGCTGTCAC-1,255
TTATATTTGGCAATCC-1,255
TTATCCAATCGAACTC-1,255
TTATCCGGGATCTATA-1,255
TTATCCTCAAGGAATA-1,255
TTATCGCCTGCGAAGC-1,255
TTATCTGACATTAGGA-1,255
TTATCTGTATCATAAC-1,5
TTATGAATGAAAGGGA-1,255
TTATGACAAACTGGAT-1,255
TTATGATCTTAACGAA-1,255
TTATGCGTCCCGGTCC-1,255
TTATGTTTGCGATAGA-1,255
TTATTAGAGCGTGTTC-1,255
TTATTAGGGAAGCATC-1,255
TTATTTCATCCCAAAC-1,255
TTCAAAGTCTCTAGCC-1,255
TTCAACGACCCGACCG-1,255
TTCAAGCCGAGCTGAG-1,255
TTCAATACTCTGAATC-1,5
TTCAATTAGCCATAAT-1,255
TTCACGAAAGGATCAC-1,255
TTCACTCGAGCACCTA-1,255
TTCACTTCCTAGAACG-1,255
TTCAGAGTAACCTGAC-1,255
TTCAGCCCTGGTCCAC-1,255
TTCAGCTGGCGTGCCC-1,255
TTCAGGCGTCAAAGCC-1,255
TTCAGTTCAAGAGGAG-1,255
TTCATAGCCTTGTAAC-1,255
TTCATGGCGCAACAGG-1,255
TTCCAATCAGAGCTAG-1,255
TTCCAATCTGGCTATC-1,255
TTCCACACAGATTTGA-1,255
TTCCACATTTCTCGTC-1,255
TTCCAGACGAGATTTA-1,255
TTCCATCATGCGGTGA-1,3
TTCCATCGACAGCGTG-1,255
TTCCCGACGCTTCACT-1,255
TTCCCGGCGCCAATAG-1,255
TTCCGCAGAGAAATAT-1,3
TTCCGCGTGAGGCGAT-1,6
TTCCGGCCTTGAGGCT-1,255
TTCCGGCTCGACTTCT-1,1
TTCCGGTATCTGTGTC-1,255
TTCCGGTTACCCACTT-1,255
TTCCTCGAGGGTGTCT-1,255
TTCCTCGGACTAACCA-1,255
TTCCTCTGCCCGAATA-1,255
TTCCTTTCTGTGTTGC-1,255
TTCGACAGAGCCCGTG-1,255
TTCGACGGGAAGGGCG-1,255
TTCGCACTCGCGTGCT-1,255
TTCGCACTGTACGACA-1,6
TTCGCATCCGGAAGCA-1,1
TTCGCCGCTCGCGCTA-1,255
TTCGCGCGCCATACGA-1,255
TTCGCTAGGAAGTTGT-1,2
TTCGCTATCTGACGTG-1,3
TTCGGACTGATGCCTT-1,255
TTCGGACTGGGCATGG-1,255
TTCGGCAACCCGCTGA-1,255
TTCGGCTAGAGATGGT-1,255
TTCGGGACTAATCGCG-1,255
TTCGGGCGCTAGTCTT-1,7
TTCGGTACTGTAGAGG-1,255
TTCGTAATCCCAGCGG-1,255
TTCGTACTCCAGAACG-1,255
TTCGTTCAACGAAGTT-1,3
TTCTAACCGAAGCTTA-1,255
TTCTACCTCAATCGGT-1,255
TTCTACCTTTATGTTG-1,255
TTCTACTTGCGAGGGC-1,255
TTCTAGAAAGTCTTAT-1,255
TTCTAGGCCAATTGTG-1,255
TTCTATTAAACGCAGC-1,255
TTCTCTTACAGGTGAT-1,255
TTCTGACCGGGCTCAA-1,255
TTCTGCCGCGCCTAGA-1,255
TTCTGCGAGCGCCCTT-1,255
TTCTGCGGGTTAGCGG-1,255
TTCTGCTAGACTCCAA-1,3
TTCTTAGTGAACGGTG-1,3
TTCTTAGTGGCTCAGA-1,4
TTCTTATCCGCTGGGT-1,3
TTCTTCCCTTTGATAT-1,255
TTCTTCGCAATAGAGC-1,255
TTCTTGAGCCGCGCTA-1,255
TTCTTGCTAGCATCTC-1,255
TTCTTGGACGATCTGC-1,7
TTCTTGGAGTAATGAG-1,255
TTCTTGTAACCTAATG-1,255
TTCTTTGGTCGCGACG-1,3
TTGAAAGGTGTAAAGG-1,255
TTGAACGAATCCTTTG-1,255
TTGAACGACGTGCTGA-1,255
TTGAAGAATTCCCAGG-1,255
TTGAAGGATGGGCGCC-1,255
TTGAATATGGACTTTC-1,255
TTGAATCGTTGTATAA-1,255
TTGAATTCACGTGAGG-1,255
TTGACAGGAGCTCCCG-1,255
TTGACATGAACGTGGA-1,255
TTGACCAGGAACAACT-1,255
TTGACCATGTTCTCCG-1,5
TTGACCGTGTTAATGA-1,255
TTGACGATTCAGCACG-1,255
TTGACGCTCCATGAGC-1,255
TTGACTACCATATGGT-1,255
TTGACTATTGTCCGGC-1,3
TTGAGAAGTTTAGCAT-1,255
TTGAGAGTACTGCTAA-1,255
TTGAGCAGCCCACGGT-1,2
TTGAGCGCCACGTGAT-1,255
TTGAGGCATTTAACTC-1,255
TTGATCTAACTTTGTC-1,255
TTGATGTGTAGTCCCG-1,255
TTGATTAGCTGTTTCT-1,255
TTGATTATGCAGATGA-1,255
TTGCAAGAAGACTCCT-1,255
TTGCACAATTCAGAAA-1,255
TTGCACGGAGCAGCAC-1,5
TTGCATGCTGATCACG-1,6
TTGCCAAGCAGAACCC-1,255
TTGCCATAGCCCGCTC-1,7
TTGCCCTGATCACGGG-1,255
TTGCCGCAGACCTACA-1,255
TTGCCGCTTTCTAGTA-1,255
TTGCCGGTGATCCCTC-1,255
TTGCCTAATCCAAAGT-1,255
TTGCGGCATCAGAAAG-1,255
TTGCGGCGACTCATGC-1,2
TTGCGTAGTTTGAGGA-1,3
TTGCGTCGGCCAACCG-1,255
TTGCGTGAACGCTTAG-1,3
TTGCTAGCTACCAATC-1,255
TTGCTCATAGTACGTG-1,255
TTGCTCCCATACCGGA-1,5
TTGCTGAAGGAACCAC-1,255
TTGCTGATCATGTTCG-1,255
TTGCTGCACCTATCCA-1,3
TTGCTGGCCGGGCTTC-1,3
TTGGAAGAATACAGTC-1,255
TTGGACATGTGGCTTA-1,255
TTGGACCATCTGGCAA-1,3
TTGGACCTATAACAGT-1,255
TTGGAGTCTCCCTTCT-1,255
TTGGATATCGTCTACG-1,255
TTGGATCGACTTCTGG-1,255
TTGGATTGGGTACCAC-1,4
TTGGCCATCTTGCGCT-1,255
TTGGCCTAGAATTTCG-1,255
TTGGCTCAATATGTGT-1,255
TTGGCTCGCATGAGAC-1,4
TTGGGAAGACGAGCCG-1,255
TTGGGACACTGCCCGC-1,255
TTGGGACGTAAGAGTT-1,255
TTGGGCGGCGGTTGCC-1,255
TTGGTCACACTCGTAA-1,255
TTGGTTGCGGTGCGCG-1,255
TTGTAAGGACCTAAGT-1,255
TTGTAAGGCCAGTTGG-1,5
TTGTAATCCGTACTCG-1,255
TTGTATCACACAGAAT-1,3
TTGTCGTTCAGTTACC-1,5
TTGTGAACCTAATCCG-1,255
TTGTGAGGCATGACGC-1,255
TTGTGCAGCCACGTCA-1,255
TTGTGGCCCTGACAGT-1,255
TTGTGGTAGGAGGGAT-1,255
TTGTGGTGGTACTAAG-1,3
TTGTGTATGCCACCAA-1,6
TTGTGTTTCCCGAAAG-1,255
TTGTTAGCAAATTCGA-1,255
TTGTTCAGTGTGCTAC-1,255
TTGTTGTGTGTCAAGA-1,255
TTGTTTCACATCCAGG-1,255
TTGTTTCATTAGTCTA-1,255
TTGTTTCCATACAACT-1,255
TTGTTTGTATTACACG-1,255
TTGTTTGTGTAAATTC-1,2
