,label
AAACAAGTATCTCCCA-1,0
AAACAATCTACTAGCA-1,1
AAACACCAATAACTGC-1,2
AAACAGAGCGACTCCT-1,0
AAACAGCTTTCAGAAG-1,4
AAACAGGGTCTATATT-1,5
AAACAGTGTTCCTGGG-1,2
AAACATTTCCCGGATT-1,0
AAACCCGAACGAAATC-1,8
AAACCGGGTAGGTACC-1,5
AAACCGTTCGTCCAGG-1,2
AAACCTAAGCAGCCGG-1,11
AAACCTCATGAAGTTG-1,4
AAACGAAGAACATACC-1,0
AAACGAGACGGTTGAT-1,4
AAACGGGCGTACGGGT-1,0
AAACGGTTGCGAACTG-1,5
AAACTCGGTTCGCAAT-1,4
AAACTCGTGATATAAG-1,18
AAACTGCTGGCTCCAA-1,5
AAACTTAATTGCACGC-1,2
AAACTTGCAAACGTAT-1,5
AAAGACATGAAGTTTA-1,18
AAAGACCCAAGTCGCG-1,0
AAAGACTGGGCGCTTT-1,0
AAAGGCCCTATAATAC-1,2
AAAGGCTACGGACCAT-1,5
AAAGGCTCTCGCGCCG-1,5
AAAGGGATGTAGCAAG-1,4
AAAGGGCAGCTTGAAT-1,0
AAAGGTAAGCTGTACC-1,30
AAAGTAGCATTGCTCA-1,2
AAAGTCACTGATGTAA-1,0
AAAGTCGACCCTCAGT-1,4
AAAGTGTGATTTATCT-1,11
AAAGTTGACTCCCGTA-1,11
AAATAACCATACGGGA-1,0
AAATAAGGTAGTGCCC-1,18
AAATACCTATAAGCAT-1,5
AAATAGCTTAGACTTT-1,0
AAATAGGGTGCTATTG-1,4
AAATCCGATACACGCC-1,0
AAATCGTGTACCACAA-1,5
AAATCTAGCCCTGCTA-1,0
AAATGATTCGATCAGC-1,18
AAATGCTCGTTACGTT-1,0
AAATGGCATGTCTTGT-1,0
AAATGGCCCGTGCCCT-1,5
AAATGGTCAATGTGCC-1,5
AAATGTGGGTGCTCCT-1,1
AAATTAACGGGTAGCT-1,5
AAATTACACGACTCTG-1,0
AAATTACCTATCGATG-1,11
AAATTGATAGTCCTTT-1,2
AAATTGCGGCGGTTCT-1,1
AAATTTACCGAAATCC-1,0
AAATTTGCGGGTGTGG-1,2
AACAACTGGTAGTTGC-1,4
AACAATACATTGTCGA-1,2
AACAATTACTCTACGC-1,11
AACACACGCTCGCCGC-1,11
AACACGACTGTACTGA-1,0
AACACGAGACGCGGCC-1,5
AACACGCGGCCGCGAA-1,1
AACAGCTGTGTGGCAA-1,2
AACAGGAAATCGAATA-1,0
AACAGGATGGGCCGCG-1,4
AACAGGTAGTATGGAT-1,8
AACATATCAACTGGTG-1,0
AACATCGATACGTCTA-1,18
AACATTGAAGTTGATC-1,2
AACATTGGTCAGCCGT-1,1
AACATTGTGACTCGAG-1,5
AACCAAGACTTCTCTG-1,4
AACCAGTATCACTCTT-1,0
AACCATAGGGTTGAAC-1,2
AACCATGGGATCGCTA-1,18
AACCCAGAGACGGAGA-1,0
AACCCATCCCATGATC-1,2
AACCCGACAACCCGTG-1,2
AACCCGAGCAGAATCG-1,8
AACCCTACTGTCAATA-1,11
AACCCTGGTGGAACCA-1,0
AACCGAGCTTGGTCAT-1,4
AACCGCTAAGGGATGC-1,11
AACCGTTGTGTTTGCT-1,0
AACCTAAAGCCGTCCG-1,18
AACCTCGCTTTAGCCC-1,11
AACCTTTAAATACGGT-1,5
AACCTTTACGACGTCT-1,0
AACGAAAGTCGTCCCA-1,2
AACGATAATGCCGTAG-1,5
AACGATAGAAGGGCCG-1,0
AACGATATGTCAACTG-1,4
AACGCATGATCTGGGT-1,0
AACGCGACCTTGGGCG-1,5
AACGCGGTCTCCAGCC-1,4
AACGCTGTTGCTGAAA-1,0
AACGGACGTACGTATA-1,11
AACGGCCATCTCCGGT-1,2
AACGTACTGTGGGTAC-1,2
AACGTAGTCTACCCAT-1,1
AACGTCAGACTAGTGG-1,4
AACGTGATGAAGGACA-1,0
AACGTGCGAAAGTCTC-1,5
AACTACCCGTTTGTCA-1,0
AACTAGCGTATCGCAC-1,1
AACTAGGCTTGGGTGT-1,5
AACTCAAGTTAATTGC-1,5
AACTCCAGAGCGTGTT-1,0
AACTCCTAATCCCATG-1,0
AACTCGATAAACACGT-1,1
AACTCGATGGCGCAGT-1,1
AACTCTCAATAGAGCG-1,11
AACTCTCAGTGTGCTC-1,2
AACTGATATTAGGCCT-1,11
AACTGGGTCCCGACGT-1,4
AACTGGGTTCGAGCCG-1,0
AACTGGTGTGGGCCTT-1,18
AACTTCTGCGTCTATC-1,0
AACTTGCCCGTATGCA-1,4
AACTTGCGTTCTCGCG-1,18
AACTTTAGCTGCTGAG-1,1
AAGAAGGATCAGTTAG-1,18
AAGACCAAATAACTCA-1,2
AAGACCCAACTGAACA-1,5
AAGACTAACCCGTTGT-1,1
AAGACTCACGCCCACT-1,18
AAGACTGCAAGCTACT-1,5
AAGAGATGAATCGGTA-1,11
AAGAGCTCTTTATCGG-1,5
AAGAGGATGTACGCGA-1,5
AAGAGGCATGGATCGC-1,4
AAGAGGCCCTTTGGAA-1,0
AAGATGGCACCGGACC-1,2
AAGATTGGCGGAACGT-1,11
AAGCACCCTGCGTATC-1,4
AAGCATACTCTCCTGA-1,5
AAGCCGAAGCGGTTTA-1,0
AAGCCGCCGTGAAATC-1,2
AAGCGCAGGGCTTTGA-1,4
AAGCGGCGTCATGGGT-1,0
AAGCGTCCCTCATCGA-1,2
AAGCTAGATCGAGTAA-1,5
AAGCTCGTGCCAAGTC-1,5
AAGCTCTTTCATGGTG-1,4
AAGGAGAACTTATAAG-1,1
AAGGAGCGGTTGGTGC-1,4
AAGGATCGATCGCTTG-1,0
AAGGATGAGGGACCTC-1,4
AAGGCAGGCTGTCTCC-1,8
AAGGCGCGTAAAGCTT-1,11
AAGGCTGTGCTCATCG-1,4
AAGGGAACGACTGGCT-1,2
AAGGGACAGATTCTGT-1,11
AAGGGACTATGCATTC-1,2
AAGGTATCCTAATATA-1,4
AAGGTGATAAACCAGC-1,4
AAGTAAGCTTCCAAAC-1,1
AAGTAGAAGACCGGGT-1,11
AAGTAGTGACGCGAGG-1,4
AAGTCAATTGTCGTCA-1,0
AAGTGACGACCGAATT-1,5
AAGTGAGTCGGGTTTA-1,2
AAGTGCAAAGGTAGAC-1,0
AAGTGCCTTGACTGTA-1,0
AAGTGCGTTAGAATCT-1,2
AAGTGCTTCTCTATTG-1,2
AAGTGTTTGGAGACGG-1,4
AAGTTCACTCCAAGCT-1,11
AAGTTCAGTCTGCGTA-1,0
AAGTTCGGCCAACAGG-1,2
AAGTTTACTAATGGCA-1,18
AAGTTTATGGGCCCAA-1,4
AATAACAACGCTCGGC-1,4
AATAACACTAGAACAA-1,2
AATAAGTCCTCGAGAC-1,0
AATACAATGTTTCAGG-1,0
AATACCGGAGGGCTGT-1,2
AATAGAACAGAGTGGC-1,2
AATAGAATCTGTTTCA-1,4
AATAGCTACCGCGTGC-1,18
AATAGTCCGTCCCGAC-1,5
AATATCAAGGTCGGAT-1,1
AATATCGAATCAATGC-1,0
AATATCGAGGGTTCTC-1,0
AATATTGGAGTATTGA-1,4
AATCAGACTGCAGGAC-1,1
AATCATGTAAAGACTC-1,0
AATCCAAGGGCCTGAG-1,0
AATCCATGCAAGGGTG-1,1
AATCGCCTCAGCGCCA-1,4
AATCGCGCAGAGGACT-1,8
AATCGGGACACTACGA-1,0
AATCGTGAGCCGAGCA-1,0
AATCTAGGTTTACTTG-1,2
AATCTATGCCGGAGCC-1,0
AATCTCTACTGTGGTT-1,4
AATCTGCGTTGGGACG-1,11
AATCTGGCTTTCTAGT-1,2
AATCTGGGTAGACCCT-1,0
AATGACAGCAATGTCT-1,2
AATGACGTAGGATGTC-1,4
AATGACTGTCAGCCGG-1,4
AATGAGTTCGCATATG-1,18
AATGATGATACGCTAT-1,11
AATGATGCGACTCCTG-1,0
AATGCAACCGGGTACC-1,4
AATGCACCAAGCAATG-1,0
AATGGTCCACCGTTCA-1,0
AATGGTTCTCACAAGC-1,0
AATGTATGGCACTGTA-1,2
AATGTGCCCGAGGTGT-1,2
AATGTGCTAATCTGAG-1,2
AATTAAAGGTCGGCGT-1,5
AATTAACGGATTTCCA-1,5
AATTACGAGACCCATC-1,2
AATTACTCGTACGCTC-1,1
AATTAGCGCTGCAGCG-1,5
AATTCATAAGGGATCT-1,11
AATTCATTGTCATGCA-1,2
AATTCCAAGCATGTAC-1,5
AATTCGATTCGAGGAT-1,4
AATTCTAGAGTTAGGC-1,5
AATTGAACGCTCTGGT-1,4
AATTGCAGCAATCGAC-1,0
AATTGCGTGGATTACA-1,2
AATTTGGGACATAGTA-1,0
AATTTGGTTCCAAAGA-1,0
ACAAACCATGCGTCCT-1,2
ACAAACCGACAAGGCG-1,18
ACAAAGCATGACCTAG-1,0
ACAAATCGCACCGAAT-1,4
ACAAATGGTAGTGTTT-1,4
ACAAATTCAGATCTGA-1,30
ACAACAGCATGAGCTA-1,5
ACAACGGTCCCTGCGA-1,0
ACAAGCAGTGCCTAGC-1,4
ACAAGGAAATCCGCCC-1,4
ACAAGGACAAGAGGTT-1,4
ACAAGGATGCTTTAGG-1,0
ACAAGGGCAGGCTCTG-1,5
ACAATAGTCGTACGTT-1,5
ACAATCCATTTAAACC-1,4
ACAATCGATCTTTATA-1,1
ACAATGAATACGGAGA-1,2
ACAATTGTGTCTCTTT-1,0
ACAATTTGAGCAGTGG-1,4
ACACAAAGACGGGTGG-1,4
ACACACCAGGACCAGT-1,4
ACACACTTTCTACACG-1,0
ACACATGATCAAATCT-1,2
ACACATTGACGCAACA-1,1
ACACCCAGCATGCAGC-1,4
ACACCCGAGAAATCCG-1,0
ACACCGGTCTGACCGC-1,2
ACACCTTAAGTAGGGC-1,4
ACACCTTACTACTTGC-1,0
ACACGAGACTCCTTCT-1,5
ACACGGCACTATGCAT-1,0
ACACGGGAACTTAGGG-1,5
ACACGTAGGCCACAAG-1,0
ACACTCCAATGTCACT-1,18
ACACTGATCAAGGTGT-1,2
ACACTGGGACAGTCGT-1,8
ACAGAACTGAGAACAA-1,2
ACAGATTAGGTTAGTG-1,0
ACAGCATAGAGCCAGT-1,0
ACAGCGACATTCTCAT-1,0
ACAGCGCACCCGCAGC-1,0
ACAGGCTTGCCCGACT-1,4
ACAGGTGGAGGTGAGG-1,2
ACAGTAATACAACTTG-1,5
ACATAAGTCGTGGTGA-1,2
ACATAATAAGGCGGTG-1,4
ACATCAGCTGGGACGC-1,11
ACATCCCGGCCATACG-1,5
ACATCCTGGTAACTGT-1,0
ACATCGATCGTTTACC-1,5
ACATCGGTCAGCCGCG-1,5
ACATCGTATGCAATGG-1,4
ACATCGTTAACCTAGT-1,0
ACATCTCAACGCGTAA-1,0
ACATGGCGCCAAAGTA-1,0
ACATGGCTCAATTTAG-1,1
ACATTAGTTTATATCC-1,5
ACCAAACTAGAAATCC-1,0
ACCAACACCACACACT-1,18
ACCAACCGCACTCCAC-1,0
ACCAACGCTTATTTAT-1,2
ACCAAGAACGCGTGTC-1,11
ACCAATATGCAAGTTA-1,4
ACCACAACTCAGAACA-1,0
ACCACAAGTTTCTATC-1,5
ACCACCAATGTAACAA-1,0
ACCACGTGCAGCTATA-1,4
ACCACTGTTCAAGAAG-1,1
ACCAGCCCGGTCTTTG-1,0
ACCAGGAGTGTGATCT-1,1
ACCAGTGCCCGGTCAA-1,18
ACCAGTGCGGGAGACG-1,11
ACCATATCCGCAATAA-1,5
ACCATCCGCCAACTAG-1,4
ACCATCGTATATGGTA-1,5
ACCCAACGCCCGTGGC-1,4
ACCCACCTACATGCTC-1,0
ACCCATCTTGAGGGTA-1,5
ACCCATTTGTCCCTCT-1,0
ACCCGAGCGAAATTAC-1,2
ACCCGGAAACTCCCAG-1,5
ACCCGGATGACGCATC-1,0
ACCCGGTTACACTTCC-1,5
ACCCGTGTCATCAGTA-1,5
ACCCTATAGGACTGAG-1,1
ACCCTATGCCATATCG-1,2
ACCCTCCCTTGCTATT-1,4
ACCCTTCATCTGCGAA-1,0
ACCCTTTAGTTCTCCA-1,0
ACCGAAAGGGCCCTGC-1,0
ACCGAAGAGTCTGGTT-1,2
ACCGACACATCTCCCA-1,5
ACCGACTGAGTCCCAC-1,5
ACCGATGGTAGCATCG-1,4
ACCGCAATAACTGCCT-1,4
ACCGCGGTGGAAGTCG-1,0
ACCGGGCCTTTGTTGA-1,0
ACCGGTCAGGTACACC-1,2
ACCGGTCTGAGTACGG-1,30
ACCGTCCACTGGGCCC-1,2
ACCGTGACCACGTGGG-1,2
ACCGTTCCCGCTCTGA-1,0
ACCTAAGTACCTTTCA-1,2
ACCTAATCGACTTCCT-1,4
ACCTACAGTATGTGGT-1,0
ACCTACTATAAATCTA-1,5
ACCTCCGCCCTCGCTG-1,0
ACCTCCGTTATTCACC-1,0
ACCTCGAACTTATGCT-1,2
ACCTGCGTGTCATGTT-1,5
ACCTTTCCTTTAGAAG-1,1
ACGAAATGGGCGGCAC-1,4
ACGACTGGTCATACTC-1,2
ACGAGAACCCATCACG-1,1
ACGAGATATTTGCTTA-1,0
ACGAGGATACCACTCT-1,5
ACGAGGTTTACAACGT-1,2
ACGAGTACGGATGCCC-1,0
ACGATACATAGAACTA-1,4
ACGATCATACATAGAG-1,4
ACGATCATCTTGTAAA-1,0
ACGATGCATATGTTAT-1,5
ACGATGGATCCGATGC-1,0
ACGCAAACTAATAGAT-1,2
ACGCAATCACTACAGC-1,0
ACGCATACGTTTACTA-1,0
ACGCATTCGTGAGTAC-1,5
ACGCCAGATGATTTCT-1,11
ACGCCCAGCTGTCGAT-1,0
ACGCCGCTAGACGACC-1,5
ACGCGAAGTCAGACGA-1,5
ACGCGCTACACAGGGT-1,5
ACGCGGGCCAAGGACA-1,5
ACGCTAGTGATACACT-1,0
ACGCTGTGAGGCGTAG-1,4
ACGCTTAGTGTCTCTC-1,0
ACGGAATTTAGCAAAT-1,0
ACGGACTCTCAAAGCG-1,4
ACGGAGCGCAAATTAC-1,0
ACGGATGGTGCGGATA-1,4
ACGGCACTTGCTTGGG-1,5
ACGGCCAACATGGACT-1,5
ACGGCGACGATGGGAA-1,4
ACGGCGGGTTGCCCTG-1,1
ACGGCTGGATGTAGAA-1,2
ACGGGAGTGTCGGCCC-1,5
ACGGGTCATGTGACTT-1,1
ACGTACAGATTTCTCT-1,0
ACGTAGATTGCTGATG-1,5
ACGTATTACTCCGATC-1,0
ACGTCCTAAACGAGAT-1,1
ACGTGCGCCTCGTGCA-1,11
ACGTGGTCGAATGTGC-1,0
ACGTTAATGTCGAAGA-1,5
ACGTTAGATTTGCCCG-1,5
ACGTTCCGCGCTCCGT-1,0
ACGTTCGCAATCAATT-1,18
ACGTTCGTTCAGGAAA-1,2
ACGTTCTGTACAAGTC-1,0
ACGTTTAGTTGTGATC-1,0
ACTAATACGTCAGGCG-1,18
ACTACATCCCGACAAG-1,2
ACTACCAGCTCTCTGG-1,4
ACTACGCGTTAGAATT-1,5
ACTAGTTGCGATCGTC-1,0
ACTATATGCTGTGTTC-1,18
ACTATCCAGGGCATGG-1,0
ACTATCTGCCCGCGTA-1,8
ACTATGTCCAGCTGCC-1,2
ACTATTCGTCCGTGGT-1,0
ACTATTTCCGGGCCCA-1,2
ACTCAACGAATGTATT-1,1
ACTCAAGTGCAAGGCT-1,11
ACTCAATAAAGGCACG-1,4
ACTCAGACCTGCTTCT-1,18
ACTCATGGCAGCCTTC-1,2
ACTCCAATATCATCAT-1,2
ACTCCCATTCCTAAAG-1,5
ACTCCCGAATTCGTTT-1,0
ACTCCCTAATGCTAAA-1,5
ACTCCCTAGAATAGTA-1,5
ACTCGTAACCCGTCCT-1,2
ACTCGTCAGTAATCCC-1,4
ACTCTCTGACTTAGGT-1,4
ACTCTCTTATACACGA-1,0
ACTCTTGTATAGTAAC-1,5
ACTGAAACGCCGTTAG-1,0
ACTGAATGGCGAAAGT-1,4
ACTGATTTAGTGATTC-1,0
ACTGCCCGCCATTCTC-1,2
ACTGCCGTCGTAACTC-1,11
ACTGCTCGGAAGGATG-1,2
ACTGTACGATACACAT-1,4
ACTGTAGCACTTTGGA-1,4
ACTGTATACGCGAGCA-1,18
ACTGTCCAGGATTATA-1,5
ACTGTCTTCTTTAGAA-1,5
ACTGTGCTAGTAGATC-1,18
ACTGTTTAGTGTAGGC-1,1
ACTTACCGGGCGCGCA-1,0
ACTTACGCATCCACGC-1,4
ACTTAGTACGACAAGA-1,0
ACTTATACTTACCCGG-1,4
ACTTATCTGATCTATA-1,1
ACTTATTAGGATCGGT-1,5
ACTTATTTATGTGCCA-1,4
ACTTCAGGCTGATCCC-1,4
ACTTCCATGCGGGACA-1,11
ACTTCGCCATACGCAC-1,4
ACTTGACTCCCTCTTT-1,5
ACTTGCCATATTGTAC-1,1
ACTTGGGACCCGGTGG-1,4
ACTTGTAGTCCCTTCA-1,4
ACTTGTGGATGGAACG-1,0
ACTTTACCCTCATGAA-1,0
ACTTTCCTATAGCTTC-1,5
ACTTTGACTGCATCCT-1,4
ACTTTGGTCGTGCTCC-1,2
AGAAATTATGACTCGC-1,8
AGAACCCTCAATTGGG-1,2
AGAACGTGGTACATTC-1,4
AGAAGAGCGCCGTTCC-1,4
AGAAGGTACACTTCAC-1,2
AGAAGGTTGCCGAATT-1,5
AGAAGGTTGTAGGTCG-1,4
AGAAGTGATTCGTGAT-1,2
AGAATAAATCTTCAGG-1,4
AGAATGCGGGTTCGGA-1,30
AGAATTATGGATTCGA-1,0
AGAATTGTTTGACATA-1,0
AGACATAGATCCTTCC-1,18
AGACCAAACCACACCT-1,5
AGACCATGGGATACAA-1,0
AGACCCACCGCTGATC-1,5
AGACCCGCCCTCCTCG-1,4
AGACCGCTCCGCGGTT-1,0
AGACCGGGAAACCCTG-1,4
AGACGAAGTGCCGGTC-1,0
AGACGACGATGCCGCT-1,2
AGACGGGATTGGTATA-1,18
AGACGGGCCGATTTAA-1,18
AGACTAGCCTTCCAGA-1,4
AGACTGTTACCGGGTC-1,2
AGAGAAACACCAGAAA-1,2
AGAGAACCGTCTAGGA-1,4
AGAGAAGGAGTACAAT-1,2
AGAGATCTCTAAAGCG-1,4
AGAGCAGTTATGAGAC-1,11
AGAGCCGCCGAGATTT-1,8
AGAGCGGGCTAATCAT-1,11
AGAGCGTACAAGCTCG-1,0
AGAGGCTTCGGAAACC-1,0
AGAGGTATCTCGGTCC-1,1
AGAGTAAACTTCACTA-1,0
AGAGTTAGAGACCGAT-1,18
AGATAACTTCAGGGCC-1,4
AGATACCGGTGTTCAC-1,5
AGATACGACTTCATAT-1,0
AGATACTCAAGATCGA-1,4
AGATATAATACGACTA-1,4
AGATCGTGCATAAGAT-1,0
AGATCTCAGGTGTGAT-1,5
AGATGACTCGCCCACG-1,4
AGATGAGGGTTGCGAT-1,0
AGATGATGGAGTCTGG-1,0
AGATGCAAGACGTGCA-1,2
AGATGCTATAACGAGC-1,1
AGATTATAGGACGTTT-1,5
AGATTCACAACCGATA-1,2
AGCAAAGGCCGCTAGT-1,4
AGCAACATATCTTATT-1,11
AGCAACCGAAAGTAAT-1,2
AGCACACGTTTAGACT-1,2
AGCACCAGTACTCACG-1,5
AGCACTACCGGCCTGT-1,4
AGCACTACCTCACCAG-1,4
AGCACTTAAGGACGCC-1,4
AGCAGAAGGAGAAAGA-1,5
AGCAGCCAGATGAATA-1,5
AGCATATCAATATGCT-1,0
AGCATCATTTCGAAAG-1,2
AGCATCGTCGATAATT-1,4
AGCCAAGCTTTGTGTC-1,5
AGCCACAGGTTACCCG-1,0
AGCCACTCCCGTGCTT-1,4
AGCCCATACATGTAAG-1,5
AGCCCGGCATTAGAGG-1,2
AGCCCGGTAGCCTGTA-1,5
AGCCCTAAGCGAAGTT-1,0
AGCCCTCCCTGGTGGC-1,2
AGCCCTTCTAATCCGA-1,0
AGCCGTGGCTAAATGT-1,2
AGCCTAATACCCACGT-1,5
AGCCTTAAAGCGGAAG-1,0
AGCGACAGGAACGGTC-1,2
AGCGACATCCCATTCA-1,11
AGCGACCAACGATATT-1,4
AGCGAGACGTGAAGGC-1,2
AGCGATGCGCCTAATA-1,0
AGCGCATAATGAATCG-1,5
AGCGCGGGTGCCAATG-1,11
AGCGCTTATGGGCAAG-1,0
AGCGGACACTTCGTAG-1,5
AGCGGCGGTTAGCGGT-1,5
AGCGGGAAGGGTCCAT-1,0
AGCGGGTCTGACACTC-1,5
AGCGGTTGAGATGTAC-1,18
AGCGTAGCGCTAGACC-1,1
AGCGTCTGAACCCGCA-1,1
AGCGTGGTATTCTACT-1,5
AGCGTTCCGATTTAAA-1,0
AGCTAACAAGCAATGT-1,2
AGCTAAGTACGCAGGC-1,0
AGCTAGAAGCAGAAGT-1,0
AGCTATTTAATCCAAC-1,11
AGCTCCATATATGTTC-1,0
AGCTCCTTCGCACATC-1,4
AGCTCTAGACGTTCCA-1,5
AGCTCTTCCCAGTGCA-1,11
AGCTCTTCGTAACCTT-1,0
AGCTCTTTACTCAGTT-1,5
AGCTGAAGTAAACCAA-1,4
AGCTGTAACCTCAATC-1,2
AGCTTATAGAGACCTG-1,1
AGCTTCAATACTTTGA-1,18
AGCTTGATCTTAACTT-1,5
AGGAAAGCCTCTGATG-1,1
AGGAAGCTGTCCGCCG-1,5
AGGACAGTCGAATCCC-1,4
AGGACATCGCACGTCG-1,0
AGGACGACCCATTAGA-1,2
AGGACGCTCGATGTTG-1,0
AGGAGGCCTTCGCGCG-1,0
AGGATAAAGTCGGGAT-1,5
AGGATATAGGGATTTA-1,11
AGGATCACGCGATCTG-1,5
AGGCAAAGAGGAATCA-1,1
AGGCACGTGACTGTCC-1,8
AGGCAGATGCGTAAAC-1,4
AGGCAGGGAGCGTACT-1,2
AGGCATTGTCGTAGGG-1,0
AGGCCACCCGTTATGA-1,4
AGGCCCATTGTACAGG-1,0
AGGCCCTAGAACGCCA-1,5
AGGCCTGAGAATCTCG-1,0
AGGCGGTTTGTCCCGC-1,2
AGGCGTCTATGGACGG-1,18
AGGCTATGGTTAGCTT-1,11
AGGCTTCCCGAAGAAG-1,2
AGGCTTGCTAGACACC-1,0
AGGGAAACGAGGTACT-1,0
AGGGACAGCACGGCGG-1,1
AGGGACCGGCTGCGTT-1,0
AGGGACTCTACGCGAC-1,5
AGGGAGACATACTTCG-1,18
AGGGCAGCGGCGTGGT-1,0
AGGGCGAGCAGCTGAT-1,5
AGGGCGTGATCGGCTA-1,0
AGGGCTGCAGTTACAG-1,5
AGGGTCAGAGCACTCG-1,2
AGGGTCGATGCGAACT-1,0
AGGGTGCCGTTCTTTA-1,2
AGGGTGCTCTCGAGGG-1,4
AGGGTGGATAGTGCAT-1,0
AGGGTTCCCTTTGGTT-1,4
AGGGTTTAGTTCGGGA-1,5
AGGTAACCTCCTATTC-1,0
AGGTACGATATTGCCA-1,0
AGGTAGATCGAGATAT-1,2
AGGTAGGTACAAAGCT-1,4
AGGTATAATTGATAGT-1,0
AGGTCAGGTGAGAGTG-1,5
AGGTCGCCACTTCGGT-1,1
AGGTCGCGGAGTTACT-1,0
AGGTGGTGACCTTCGC-1,5
AGGTGTATCGCCATGA-1,4
AGGTTACACCATGCCG-1,8
AGGTTCTCCTTTCCGG-1,2
AGGTTGAGGCACGCTT-1,4
AGGTTTCACACACCTT-1,5
AGTAACGTTCATCCTG-1,0
AGTAATGTCTTGCCGC-1,11
AGTAATTTGCAAGCGT-1,2
AGTACATCATTTATCA-1,0
AGTACCTTCGAGTGCT-1,30
AGTACGGCCCGTATCG-1,4
AGTACGGGCACCTGGC-1,4
AGTACGTGGCCTGTCT-1,0
AGTACTCTTATGCCCA-1,11
AGTAGAAGGCGCCTCA-1,5
AGTAGCGTGAACGAAC-1,0
AGTAGCTAGACGCCGA-1,30
AGTAGGAAGGAAGTTG-1,0
AGTAGGTAACATACAT-1,0
AGTATAATACTAGGCA-1,11
AGTATACACAGCGACA-1,5
AGTATCCATAATAACG-1,1
AGTATGCTGGAGACCA-1,2
AGTATTTGGCACGACC-1,5
AGTCAAATGATGTGAT-1,2
AGTCAACACCACCATC-1,5
AGTCAAGATGACACTT-1,4
AGTCACTAGCTCTCGA-1,0
AGTCACTCCGCCTCAT-1,1
AGTCAGCCACCGCCTG-1,0
AGTCCAGCGGGTACGT-1,1
AGTCCATTGGCTGATG-1,0
AGTCCCGCCTTTAATT-1,0
AGTCGACGGTCTCAAG-1,4
AGTCGGCCCAAACGAC-1,4
AGTCGGCTCAACTTTA-1,5
AGTCGGTTGCGTGAGA-1,0
AGTCGTATAAAGCAGA-1,11
AGTCGTCGACCACCAA-1,0
AGTCGTGGGCATTACG-1,2
AGTCTAAAGTATACTC-1,0
AGTCTCACAAGACTAC-1,2
AGTCTGGACATCCTTG-1,0
AGTCTTCTCCTCAAAT-1,4
AGTCTTTAAAGTGTCC-1,4
AGTGAACAAACTTCTC-1,0
AGTGACCTACTTTACG-1,2
AGTGACTGTGACACAA-1,2
AGTGAGACTTCCAGTA-1,4
AGTGAGCCTCGCCGCC-1,0
AGTGAGGGTTTCTGAC-1,0
AGTGATAACCTGCGCG-1,0
AGTGATATGAGTAGTT-1,2
AGTGATTCAAGCAGGA-1,4
AGTGCACGCTTAAGAA-1,0
AGTGCGTAGCTCGTAA-1,2
AGTGCTAAACACAGCA-1,0
AGTGCTTGCACGAATA-1,4
AGTGGCGGCAATTTGA-1,11
AGTGGCGTCTGAAGGT-1,0
AGTGGCTCCGTCGGCC-1,4
AGTGGTGTTACCCGTG-1,5
AGTGTATTGCGCATTG-1,0
AGTGTGCTAAGATCGC-1,1
AGTGTGGTCTATTGTG-1,0
AGTTAAACACTTGCGA-1,5
AGTTAAGCGGTCCCGG-1,11
AGTTAAGTCAACCGCT-1,2
AGTTACCGCACATGGT-1,0
AGTTACTCTATCGTGG-1,0
AGTTATTGAAAGGTAA-1,0
AGTTCCTACAGAATTA-1,4
AGTTCCTATTTATGTT-1,5
AGTTCTGCGTTGTATC-1,1
AGTTGACATCGGCTGG-1,1
AGTTGACGGTCCTTGC-1,5
AGTTGCTGACTGATAT-1,18
AGTTTCGCAGGTCGGA-1,0
AGTTTGCACCTGCCTC-1,4
AGTTTGGCACGGGTTG-1,0
AGTTTGGCCAGACCTA-1,2
ATAAACCATTGGACGG-1,1
ATAAACGGACCCGTAA-1,5
ATAAACGTTGCACCAC-1,0
ATAAAGGCTCGGTCGT-1,5
ATAAAGGTCAAGTACG-1,0
ATAAATATTAGCAGCT-1,4
ATAACGCCGGAGGGTC-1,4
ATAACGGAGTCCAACG-1,4
ATAAGGTGGAGAACAT-1,5
ATAAGTAGGATTCAGA-1,0
ATAAGTAGGGCGACTC-1,0
ATAAGTTACCGCGACG-1,2
ATAATACCGTTAGCCG-1,18
ATAATAGCTGTTGAAT-1,5
ATAATAGTGTAGGGAC-1,0
ATAATCTTGGAGAACC-1,4
ATAATTAGCTAAGTAG-1,5
ATACAGGCCCTCCAAT-1,4
ATACCACGGGCAACTT-1,4
ATACCAGCAAATTGCT-1,18
ATACCAGGCTAATAGA-1,0
ATACCAGGTGAGCGAT-1,1
ATACCTAACCAAGAAA-1,5
ATACGCCGATCTACCG-1,1
ATACGCCGGCGAAACC-1,4
ATACGGAACGTCGTTT-1,2
ATACGGGTTTCGATTG-1,4
ATACGGTGAAGATGCA-1,11
ATACGTACTTAGCCAC-1,4
ATACGTCCACTCCTGT-1,11
ATACGTTATGCACGGA-1,5
ATACTACCCGTACCAC-1,0
ATACTAGCATGACCCT-1,4
ATACTCTCGCCACTCT-1,1
ATACTGCCTTACACCG-1,4
ATACTTGTTCTCGAGC-1,0
ATAGACAACGGGACCT-1,11
ATAGACGAAGAGAAAG-1,5
ATAGAGTACTGGGACA-1,4
ATAGAGTTATCAACTT-1,11
ATAGATTTGCAGTCGG-1,18
ATAGCAACTAGGGAAG-1,0
ATAGCCTCAGTACCCA-1,18
ATAGCTGCTCTTGTTA-1,1
ATAGGAATCTAAGCTT-1,30
ATAGGCGGCTATAGAA-1,5
ATAGGCTAGCTTCGCA-1,0
ATAGGGATATCCTTGA-1,4
ATAGGTTGGGCAGATG-1,5
ATAGTCTTTGACGTGC-1,0
ATAGTGAAGCGTTCTC-1,5
ATAGTTCCACCCACTC-1,0
ATATAAAGCGCTCGTG-1,5
ATATAAATGTAGCTGC-1,4
ATATAACACGGGCGCA-1,0
ATATACGCTCGTGACG-1,0
ATATAGAGTATTGGTC-1,2
ATATCAACCTACAGAG-1,0
ATATCAATTCCAGCCT-1,2
ATATCGGTAGGGAGAT-1,0
ATATCGTGCCAGACCC-1,0
ATATCGTTCCTCGAAC-1,0
ATATCTCCCTCGTTAA-1,11
ATATCTTAGGGCCTTC-1,5
ATATGTCTCCCTAGCC-1,0
ATATTCAGTTAAACCT-1,2
ATATTCCACATAGTGA-1,4
ATATTCCCACAGGTCA-1,0
ATATTGCTGTCAAAGT-1,0
ATATTTAACCCTCAAG-1,5
ATCAAACACTGTTCCA-1,0
ATCAAACGAAGGTTTG-1,2
ATCAATCTGGGCTGCA-1,5
ATCAATGCCGTGGCTG-1,2
ATCACATTAGAATATC-1,4
ATCACGTGCTAATTAA-1,2
ATCACTTCATCCTCGC-1,4
ATCAGACGGCACGCCG-1,2
ATCAGCCTCATGCTGC-1,11
ATCAGCTCGTCCACTA-1,5
ATCAGGTCGCCATTGC-1,0
ATCAGTAGGCAGGGAT-1,4
ATCATAGCCCTATGTA-1,0
ATCATCCAATATTTGT-1,5
ATCATCTGCCCAGTGT-1,0
ATCCAACGCAGTCATA-1,4
ATCCAATGGAGGGTCC-1,5
ATCCACATCGACAGAA-1,4
ATCCACGCTAAATGTT-1,0
ATCCAGAGCAACAACC-1,5
ATCCAGGATTCGTGAA-1,5
ATCCCATCCACAGCGC-1,2
ATCCTACCTAAGCTCT-1,2
ATCCTGAATCGCTGCG-1,4
ATCCTGCGTGGAATGG-1,2
ATCCTGCTGCAGATAG-1,1
ATCGACCCAATACAGA-1,5
ATCGACTCTTTCCGTT-1,4
ATCGCACGATTGTTCA-1,1
ATCGCACGCCGGGAGA-1,4
ATCGCCAGTCAACATT-1,0
ATCGCTGCGTGCAGCA-1,18
ATCGGAGACAGACGGC-1,4
ATCGGCAAGCAGTCCA-1,0
ATCGTGGAAAGTCTGG-1,2
ATCGTTAGCTAGCGGA-1,0
ATCGTTCACTTTCGCC-1,0
ATCTAATATCCTACGG-1,5
ATCTAGCTTGTGAGGG-1,5
ATCTCCCACGGAATAT-1,0
ATCTCCCTGCAATCTA-1,11
ATCTCGTGAGCGAAAC-1,8
ATCTGACATGGAAGGA-1,2
ATCTGATAGTGTCTTA-1,1
ATCTGCACCTCTGCGA-1,0
ATCTGCTGTTATCGCC-1,5
ATCTGGGCTGTTCTTG-1,5
ATCTGGTTAAGACTGT-1,4
ATCTGTAATTGTACCC-1,0
ATCTTAGGGCATTAAT-1,2
ATCTTATCGCACACCC-1,0
ATCTTGACCTGCAACG-1,4
ATCTTGACTTGTCCAA-1,0
ATGAAGCCAAGGAGCC-1,4
ATGACGCCGGCTCTAA-1,11
ATGACGCGTTCTATCC-1,2
ATGACTATCAGCTGTG-1,2
ATGACTATGCGACATT-1,4
ATGAGGAGTGTTAATC-1,11
ATGATCGGGAATAGAC-1,11
ATGATGCAATGGTACA-1,2
ATGCACGCGCTGTTCA-1,2
ATGCACTACCGCATTG-1,4
ATGCATGATCCAGGAT-1,4
ATGCATTCCGTGATGG-1,1
ATGCCAATCGCTCTGC-1,0
ATGCCATTTGCGACCA-1,4
ATGCCGGTCTTGCATA-1,5
ATGCCGGTTGATGGGA-1,4
ATGCGACAATTGGTCC-1,18
ATGCGACAGTCCCATT-1,5
ATGCGAGTCCCACCAC-1,0
ATGCTCAGTGTTGCAT-1,0
ATGCTCTGGCGCGGTA-1,4
ATGCTTAGGAGTTGAT-1,8
ATGGAAATTTAAGGAG-1,2
ATGGAGCAGGCCGTGA-1,5
ATGGATCCGGCGTCCG-1,4
ATGGATTGACCAAACG-1,5
ATGGCAGCATTACGAT-1,2
ATGGCTGGAAATGGCC-1,0
ATGGGAACGGAAGCGG-1,0
ATGGGACCTGCTGAAC-1,2
ATGGGCCTCGGCCTCT-1,4
ATGGGTGTATACCTCC-1,2
ATGGTATTTACTGATT-1,2
ATGGTCGCGTGGTTTC-1,4
ATGGTGCTCAAAGCCA-1,1
ATGTAAGGCTGCTCTT-1,0
ATGTACATGCGGTGAG-1,8
ATGTACGATGACGTCG-1,5
ATGTAGCGCGCGTAGG-1,4
ATGTGAAAGCCTAATG-1,5
ATGTGCATCCGACGCA-1,4
ATGTGGACATCTTGAT-1,5
ATGTGTAGTTTAGTCA-1,18
ATGTTACGAGCAATAC-1,0
ATGTTCGTCGACCCAC-1,4
ATGTTGTAGTCTGTTT-1,5
ATTAAACATGCGGACC-1,5
ATTAATACTACGCGGG-1,4
ATTAATGAACCAGTCG-1,4
ATTAATTCGGTCACTC-1,0
ATTACAACTACCGGCC-1,0
ATTACATGTCAGTCTT-1,0
ATTACCACACTGCCTG-1,8
ATTACGCGCTGGCAGG-1,5
ATTACTAGCCTCTTGC-1,0
ATTACTTACTGGGCAT-1,0
ATTAGATTCCTCAGCA-1,0
ATTAGATTGATAGCGG-1,11
ATTAGGCGATGCTTTC-1,5
ATTATACTTTGCTCGT-1,4
ATTATAGCTACTTTAC-1,18
ATTATCTCGACAGATC-1,0
ATTATGAGACCCAATT-1,2
ATTATGCCATAGGGAG-1,4
ATTATTATGTCCGTCA-1,2
ATTCAAAGTACCTGTT-1,1
ATTCAACCATTTAAGG-1,0
ATTCACTGATGTTGGA-1,5
ATTCAGGACCTATTTC-1,0
ATTCAGGATCGCCTCT-1,0
ATTCAGTAGCAGGGTC-1,11
ATTCATATACTGTCCA-1,5
ATTCATCGTTGAGGCA-1,0
ATTCCCACATAAACAA-1,0
ATTCCTAAGACGTGGA-1,18
ATTCCTCCGCCAGTGC-1,11
ATTCCTTCCAGGCGGT-1,1
ATTCGACGCCGGGCCT-1,4
ATTCGTGCTATCTCTT-1,0
ATTCTCGTCTCTTTAG-1,0
ATTCTGAGTATGAACT-1,0
ATTCTTCGTACTTATG-1,0
ATTGAAGATCTTAGTG-1,5
ATTGACGTAACTCGGT-1,0
ATTGATAGCAACGAGA-1,1
ATTGATCACCACATTT-1,5
ATTGATGAGTCCTAAC-1,0
ATTGCCTATTAGACCG-1,2
ATTGCCTTTATGTTTG-1,11
ATTGCGATCAGTAACT-1,0
ATTGCTGCTCCTCCAT-1,5
ATTGGATTACAGCGTA-1,0
ATTGGGAATATCTTGG-1,0
ATTGTACAACTCGGCT-1,0
ATTGTCGCAATACCTT-1,0
ATTGTGACTTCGCTGC-1,30
ATTTAACTCGTATTAC-1,0
ATTTACAGTTTACTGG-1,4
ATTTACTAAGTCCATT-1,0
ATTTCATTATTTCGCG-1,0
ATTTCCGGGTTCTGCG-1,2
ATTTGCCTAGTTACGA-1,1
ATTTGCGCGAGTAGCT-1,2
ATTTGTCTTGGGAGCT-1,4
ATTTGTTCCAGGGCTC-1,4
CAAACGAGTATCGCAG-1,2
CAAACGGTCGCACTTT-1,4
CAAACGTGGTCTTGCG-1,0
CAAACTACGATAGAGA-1,0
CAAACTATTGAGCTTC-1,0
CAAACTCGCGACGCCG-1,0
CAAAGATTATTGGGCC-1,2
CAAATCTCTCACAAGG-1,5
CAAATGCGGAGTGTTC-1,1
CAAATGTCCTTCCGTG-1,5
CAAATTGTCAGCAAGC-1,0
CAACAGAATAACGCTA-1,18
CAACAGTGCCAAACGG-1,18
CAACATGGCCTGATAA-1,1
CAACCTACCGAGCAGT-1,0
CAACGACCCGTTTACA-1,4
CAACGGTTCTTGATAC-1,0
CAACGTGGTGGAGTCT-1,8
CAACTATATCGAATGC-1,0
CAACTCCAACGTTTAG-1,0
CAACTCCTTGATCCCG-1,0
CAACTGCTCATCCGAT-1,5
CAACTTGTAGTGGGCA-1,18
CAAGAGGGCGGAGTAC-1,5
CAAGATATTATAACGT-1,4
CAAGCAACGTCGGAGT-1,4
CAAGCACCAAATGCCT-1,4
CAAGCGGCACATAATT-1,5
CAAGGATCGCATGTTC-1,5
CAAGGTCCTATAGGCT-1,0
CAAGTGAACTTTGGTT-1,18
CAAGTGTGGTTGCAAA-1,11
CAATAAACCTTGGCCC-1,4
CAATACGCTCTGAGGC-1,4
CAATATGTAGATTTAC-1,30
CAATATTCTTGACCTA-1,2
CAATCCATTATCCGTT-1,30
CAATCCCTATACCAGC-1,0
CAATCCTGCCGTGGAG-1,18
CAATGCGAGAAGTATC-1,4
CAATGGAATCTACATA-1,0
CAATGGATCTCTACCA-1,4
CAATGGTCGGCCTGGG-1,18
CAATGTGCCAACCCTT-1,8
CAATTAAGGGTGATGA-1,5
CAATTTCGTATAAGGG-1,5
CAATTTGACCGGGAAG-1,1
CACAAGAAAGATATTA-1,960
CACAAGCTAAGAAAGG-1,2
CACAATGAGCTGCTAT-1,5
CACACACGCTAACGAG-1,0
CACACAGCTTGCGCTC-1,8
CACACAGGGATAGATT-1,0
CACACGCGCTGTCTTA-1,4
CACACGTTTCAATGGG-1,0
CACAGAGACGAGGACG-1,2
CACAGCACCCACGGCA-1,5
CACAGCTAGGGAGTGA-1,4
CACAGGGCCATATAGT-1,0
CACAGGGCCGTTGTCA-1,5
CACAGTCCCGCTTCGC-1,8
CACAGTTCGCTTCCCA-1,8
CACATAAGGCGACCGT-1,1
CACATATTAGCAGGAT-1,5
CACATCGTGCACGCGC-1,2
CACATCTCACCGACGA-1,4
CACATGATTCAGCAAC-1,5
CACATGTTTGGACATG-1,1
CACATTCTTTCGATGG-1,0
CACATTTCTTGTCAGA-1,0
CACCAGTCAGCATGCA-1,2
CACCATCGGAGGAGAC-1,0
CACCCAAATCTTATGT-1,0
CACCCACACGTCACCC-1,0
CACCCACGAGGCAATT-1,11
CACCCGGTTTGTGACT-1,2
CACCCTAACAAGATCT-1,4
CACCCTTGGTGAGACC-1,5
CACCCTTTCCTCGCTC-1,1
CACCGATACACCGAGC-1,0
CACCGCCAGAAGGTTT-1,4
CACCGCCGACCAGCGA-1,0
CACCGCGTCCACTCTA-1,0
CACCGGAGATATCTCC-1,0
CACCGGTAGAGACATT-1,2
CACCGTATCCCATCCG-1,0
CACCGTTAGGGATCAC-1,2
CACCGTTGCGCGATAT-1,5
CACCTAATAGAGTCGT-1,0
CACCTAATCAGTTTAC-1,4
CACCTCGATGGTGGAC-1,4
CACCTTGCGAAACTCG-1,4
CACCTTGGCGCCTTTG-1,0
CACGAAAGTTAGTCCC-1,4
CACGACCACAGACTTT-1,30
CACGACGTAATAGTAA-1,30
CACGACTAAAGTTCTG-1,1
CACGATTGGTCGTTAA-1,1
CACGCACAGCGCAGCT-1,4
CACGCAGCGAGGCTTT-1,4
CACGCGGAACTGTTGC-1,0
CACGGCGCGCCAAAGG-1,0
CACGGGATTGAGGGTT-1,0
CACGTCGGCAACCTCT-1,2
CACGTCTATGATGTGG-1,0
CACGTTCGTGCTCTAG-1,4
CACGTTTCGTACACAC-1,11
CACTAAAGTTGCCTAT-1,5
CACTACGGGAGCTGCC-1,0
CACTACTCAGTTCTGT-1,0
CACTCAAGAGCTATGG-1,5
CACTCAGCTCTTGAGG-1,0
CACTCCTATGTAAGAT-1,2
CACTCCTCTCGGTCGG-1,0
CACTCGAGCTGAACAA-1,5
CACTCGGTTAGGAGGA-1,4
CACTCTTCTGCTAGCC-1,0
CACTGACGATTGTGGA-1,5
CACTGTCCAAGTGAGA-1,0
CACTTAATCAGACGGA-1,5
CACTTCGCCACAGGCT-1,0
CACTTCGTCTTATCTC-1,1
CAGAACTTAGCCCTCT-1,4
CAGAATAACACACGGA-1,0
CAGACACCGATCGCTG-1,2
CAGACCTGTAAGTGTT-1,0
CAGACGAACCTGATAC-1,2
CAGAGACGGTCACCCA-1,5
CAGAGCATGAGCTTGC-1,4
CAGAGGCGATGCATGA-1,2
CAGAGTGATTTAACGT-1,0
CAGATACTAACATAGT-1,4
CAGATATGAAGATGAC-1,2
CAGATCATTTAAAGTC-1,0
CAGATCCTGGTTTGAA-1,2
CAGCAGCCCGTTCCTT-1,4
CAGCAGTCCAGACTAT-1,0
CAGCAGTCTGTGCTGC-1,4
CAGCCCTCACAGGCAG-1,18
CAGCCGGGCCCTCTAT-1,0
CAGCCTCCTGCAGAGG-1,4
CAGCCTCTCCTCAAGA-1,0
CAGCGATTCCCTTCAA-1,2
CAGCTCACTGAGACAT-1,5
CAGCTCGACAAGTTAA-1,4
CAGCTCGTGCTTGTGT-1,0
CAGCTGGCGTAACCGT-1,5
CAGCTTAGTAGGTAGC-1,4
CAGGAAGACTTTATAT-1,0
CAGGATATATCGTTGT-1,5
CAGGATCCGCCCGACC-1,1
CAGGCAGTCTTACCAG-1,0
CAGGCCGTTTGGGTGT-1,5
CAGGCGCACGGTGGTC-1,2
CAGGCGCCATGCTAGG-1,5
CAGTAACTATTTATTG-1,0
CAGTAATCCCTCCCAG-1,0
CAGTACATTCTCTAAA-1,0
CAGTACCAGTTTACGT-1,5
CAGTAGCCCACGCGGT-1,11
CAGTAGCGAGGTAGTA-1,1
CAGTCGAGGATGCAAT-1,0
CAGTCTCTCGGCTAAT-1,1
CAGTCTGTATACTGGG-1,5
CAGTGAATAAATGACT-1,4
CAGTGGTTGCACATGA-1,0
CAGTGTCCGCAGAATG-1,0
CAGTGTCGGCTGGCCC-1,11
CAGTGTTAATCTCTCA-1,2
CAGTTCAAATTGACAC-1,4
CAGTTCCGCGGGTCGA-1,11
CATAACGGACAGTCGT-1,11
CATAAGAAGCTTGGCT-1,4
CATAAGCTCTCCGTCT-1,4
CATAATGAGCGGGCGA-1,1
CATACAAAGCCGAACC-1,0
CATACACGGTTCCCAC-1,5
CATACCCGTACCCAGT-1,4
CATACGAACTAGCTGG-1,2
CATACGGCGTCTGGGC-1,5
CATACGGGTGCATGAT-1,1
CATACTATGTAATTGT-1,5
CATACTTAGGCAATAC-1,0
CATAGCCGCCCGGGAT-1,0
CATAGCGTTGCCCACC-1,2
CATAGTACATTGAGAG-1,0
CATAGTAGCATAGTAG-1,11
CATAGTCAAATACATA-1,0
CATAGTCCACAAGAAC-1,5
CATATACTACTGATAA-1,0
CATATAGGTACAGTCA-1,5
CATATGTCAGGCTACG-1,5
CATATTATTTGCCCTA-1,0
CATCATCTACCCGGAC-1,0
CATCATTACCCTGAGG-1,0
CATCCAATATAGTTTG-1,2
CATCCGCAGGCCCGAA-1,1
CATCCTCTCAAAGATC-1,0
CATCGAATGGATCTCT-1,1
CATCGCCCGCGGCCAA-1,0
CATCGGACGGGTTAAT-1,5
CATCTATCCCGTGTCT-1,0
CATCTTACACCACCTC-1,0
CATGAACCGACATTTG-1,0
CATGAACCTCTTATCA-1,0
CATGACTTCGCTGAAT-1,0
CATGAGATGCACTCTC-1,4
CATGATGCACAATTCT-1,4
CATGATGGAAGTTAGC-1,0
CATGCACGTGTTACTG-1,0
CATGCATGGAGACCCT-1,0
CATGCCAACTCGCAAA-1,5
CATGCGACCAGTTTAA-1,0
CATGCGTTAGACAGAA-1,0
CATGCTGGCTCCAATT-1,0
CATGGAAATGGGACCA-1,30
CATGGATTGTCTTCCG-1,0
CATGGCAGGAAGATCG-1,11
CATGGGTATGCCTTAT-1,4
CATGGGTCGGGTGTGG-1,4
CATGGTAAGTAGCGTT-1,5
CATGGTATTAGTTTGT-1,2
CATGGTCTAGATACCG-1,5
CATGTAAGAGACATTT-1,11
CATGTAGGAGCGCCAA-1,18
CATGTCTCATTTATGG-1,4
CATTACGTCGGCCCGT-1,4
CATTATAACAGGGTCC-1,18
CATTATCCCATTAACG-1,2
CATTATGCTTGTTGTG-1,4
CATTCACTGACAGCTA-1,0
CATTCAGGTCAGTGCG-1,1
CATTCCCTAAGTACAA-1,1
CATTGCAAAGCATAAT-1,18
CATTGCGAAATGGGCG-1,4
CATTGTGTGCTAGATC-1,1
CATTTAGCGGACCATG-1,4
CATTTATCGTTCAAGA-1,0
CATTTCTAGCAGACTA-1,0
CATTTGAGTGGTACGT-1,2
CCAAACAGAACCCTCG-1,4
CCAAAGCAGTTGGTTG-1,1
CCAAATAACAAGATTC-1,8
CCAACCTTATGTAACT-1,2
CCAACGATGCACTGAT-1,4
CCAACGCTTGCCAGGG-1,0
CCAAGAAAGTGGGCGA-1,5
CCAAGACTTCTGCGAA-1,4
CCAAGCGTAACTCGTA-1,5
CCAAGGAACAGAGAGG-1,0
CCAATAGTGCCGTCGA-1,5
CCAATCGGTAGATCGA-1,0
CCAATGTCACAGCAAG-1,5
CCAATTACGGGTCGAG-1,0
CCAATTGAATGTTAAT-1,11
CCACAATGTACGTCTT-1,4
CCACACTGAGATATTA-1,5
CCACAGCTGAAATCAT-1,1
CCACAGTACCCATCCT-1,11
CCACATACTGCACCCA-1,8
CCACCAACTTTACTGT-1,2
CCACCCAAGGAAAGTG-1,5
CCACGAATTTAACCTC-1,0
CCACGAGAAGAGAATC-1,11
CCACGGAGCCATAAGA-1,5
CCACGGTGCCCGGTAG-1,0
CCACTAAACTGAATCG-1,1
CCACTGGTGGCTGGTT-1,4
CCACTGTTTGGATTAA-1,0
CCAGAAAGCAACTCAT-1,2
CCAGAGACAAAGCCGG-1,0
CCAGATAGTTGAGTGA-1,4
CCAGCCTGGACCAATA-1,5
CCAGCTACGCCTCATA-1,1
CCAGCTCGAACGCATT-1,5
CCAGCTGATGGTACTT-1,4
CCAGCTTCCGCCCGCA-1,0
CCAGGGACGTGGCCTC-1,4
CCAGTAGTCTGATCCA-1,11
CCAGTCAAATCTCTTA-1,4
CCAGTCCATTATTCGA-1,1
CCAGTCTAGACGGCGC-1,4
CCAGTCTTGTCATAGA-1,5
CCATAAACAACCCGAC-1,0
CCATACCTTTACTTGT-1,0
CCATAGGTTGGCGTGG-1,4
CCATAGTCAGTAACCC-1,18
CCATATGGAAACTATA-1,0
CCATATTGGATCATGA-1,1
CCATCCATACCAAGTC-1,0
CCATCGCAGTTAAACT-1,5
CCATCTCACCAGTGAA-1,0
CCATCTTGTTCACAAT-1,1
CCATGCCCTAGATTTC-1,0
CCATGCCTGTTTAGTA-1,5
CCATGCTCTGCAGGAA-1,11
CCATGGCCCTTGTACC-1,4
CCATGTTCATCTATAT-1,2
CCATTAGCGATAATCC-1,4
CCATTCCCTGCCCACA-1,4
CCATTTCTACCTATTA-1,5
CCCAAACATGCTGCTC-1,4
CCCAACATACGTCGCG-1,5
CCCAACCACACTAACA-1,0
CCCAAGAATGCACGGT-1,0
CCCAAGACAGAGTATG-1,1
CCCAATGAGATTTGCA-1,2
CCCAATTTCACAACTT-1,5
CCCAGAGGAGGGCGTA-1,0
CCCAGGTCTGAAGGCT-1,0
CCCAGTAAACTTGGGA-1,2
CCCAGTTAAGGCGCCG-1,4
CCCGAAGTTTCGCGAA-1,5
CCCGACCATAGTCCGC-1,4
CCCGAGTTTCTCCGTA-1,0
CCCGCAGCGCGAACTA-1,5
CCCGCAGGGCCCAAAG-1,0
CCCGCCATGCTCCCGT-1,0
CCCGCGCAATGCACCC-1,0
CCCGCTAGAGGGTTAA-1,18
CCCGGGTCGTTCAGGG-1,5
CCCGGTGGAAGAACCT-1,0
CCCGGTGTATCGGAAT-1,2
CCCGTAAGTCTAGGCC-1,5
CCCGTAGCTGGGAAGA-1,2
CCCGTCAGCGTCTGAC-1,4
CCCGTTTCGCAGATGT-1,0
CCCTAGTGTCAGGTGT-1,1
CCCTATGTAGAGCAGA-1,2
CCCTCATTCTGGAATT-1,0
CCCTCCTCGCTCGTAT-1,0
CCCTCGGGAGCCTTGT-1,1
CCCTGAAATGAGTTGA-1,4
CCCTGACTAACAAATT-1,4
CCCTGATGTAACTCGT-1,1
CCCTGCCCAATCCGCT-1,4
CCCTGCGCTACGCATA-1,4
CCCTGGTATGGGCGGC-1,0
CCCTGTTGGCAAAGAC-1,1
CCCTTCTCGTACGCGA-1,1
CCCTTTAATGGAGTTC-1,0
CCCTTTGACAGGTCTT-1,5
CCGAAAGTGGTGAGCA-1,0
CCGAACACTGGGCCTC-1,5
CCGAACCTTCCCGGCC-1,5
CCGAAGTATATTGTTC-1,0
CCGACAAACACATGAG-1,18
CCGACAAAGGGAGTGC-1,4
CCGACAATAGGCCGCC-1,8
CCGACGGGCATGAGGT-1,2
CCGACGTAAACACAAC-1,0
CCGACTCGCATAGTCT-1,0
CCGAGAAGTCGCATAA-1,0
CCGAGCTGTGCTTGTC-1,18
CCGAGGGATGTTAGGC-1,0
CCGATCTCAACCTTAT-1,0
CCGATTCGAGGGACCC-1,4
CCGATTGGTCAATGAA-1,30
CCGCACAAAGACCAAC-1,5
CCGCACGTGACCTCGG-1,11
CCGCATGTGGTACGAT-1,5
CCGCCACCACAATCCA-1,0
CCGCCGGAACTTCTCG-1,2
CCGCCGGTCAACACAC-1,0
CCGCCGTTGAGGATAA-1,8
CCGCCTGCGAATTGGT-1,0
CCGCGATTTGGTAGGT-1,4
CCGCGGAATGCGTCAC-1,2
CCGCGGGTACGAAGAA-1,4
CCGCGTAGGTAAGGGC-1,11
CCGCTATCAGCACCAG-1,5
CCGCTCTTCCGAACTA-1,0
CCGCTGGTGCCATTCA-1,0
CCGCTTACCTCACTCT-1,2
CCGCTTCGCGGTTAAC-1,1
CCGCTTGCTGACATGG-1,18
CCGGAATGGTTTCAGT-1,11
CCGGAGCGTACTTTCT-1,5
CCGGCACGACCGTTTC-1,0
CCGGCGCATATTGGAT-1,0
CCGGCGTGAGACTCTG-1,5
CCGGGACCCGCAGAGA-1,0
CCGGGCGGTCTCGTCA-1,5
CCGGGCTAAGAATTTC-1,2
CCGGGCTGCTCCATAC-1,4
CCGGGTTCGAGGTTAC-1,5
CCGGTAATGGCTAGTC-1,8
CCGGTTTGTAATTGTG-1,2
CCGTAAGTTGGTCCCA-1,5
CCGTACCCAAGCGCCA-1,18
CCGTAGGAAATCCCTG-1,0
CCGTAGGGTTGTTTAC-1,0
CCGTATCTCGTCGTAG-1,2
CCGTATTAGCGCAGTT-1,18
CCGTCAACCTCTGGCG-1,2
CCGTGCCCATGACGGC-1,0
CCGTGGAACGATCCAA-1,0
CCGTGTTAAATTCCAT-1,2
CCGTTACGTTAGAACA-1,11
CCGTTCCGAATCTCGG-1,4
CCTAAACAGGGTCCGT-1,1
CCTAAAGGCTGACGCT-1,0
CCTAAATTAACGGTTC-1,5
CCTAAATTGTATCCTA-1,8
CCTAACCCAAACAAGT-1,4
CCTAACTAAGGCTCTA-1,0
CCTAAGTGTCTAACCG-1,1
CCTACAAGTCCGGAAT-1,30
CCTACATTCACAGACG-1,2
CCTACGCGACCTTACA-1,0
CCTACGGCTCAGTCGA-1,0
CCTACTGCTTACACTT-1,4
CCTAGGCGTAGCGATC-1,4
CCTAGGTAAAGGTAGC-1,5
CCTAGTTAGTCGCATG-1,0
CCTATAATGAGTGCCC-1,4
CCTATACCGTCCTGTC-1,2
CCTATATCGTGTCACG-1,2
CCTATATTTGTCCTGG-1,5
CCTATCTATATCGGAA-1,4
CCTATGAAGTGGTGCC-1,0
CCTATGGCTCCTAGTG-1,2
CCTATGGGTTACCGTC-1,5
CCTATGGTCAAAGCTG-1,5
CCTATGTCCACTCCAC-1,0
CCTCACCAATCTTGAC-1,0
CCTCACCTGAGGGAGC-1,0
CCTCACCTTAGCATCG-1,0
CCTCATGCAGCTACGA-1,1
CCTCCCGACAATCCCT-1,0
CCTCCGACAATTCAAG-1,4
CCTCCTAGCTAGAGTC-1,2
CCTCCTGTTGTGTCGT-1,0
CCTCGAAGTGGACGGG-1,0
CCTCGACCCACTGCCT-1,0
CCTCGCCAGCAAATTA-1,4
CCTCGCGCGATATAGG-1,0
CCTCGCGCTGTGCGAT-1,5
CCTCGGACCGGGATAG-1,4
CCTCGGATGCTACCTG-1,0
CCTCGGTTTCCTTGCC-1,2
CCTCTAATCTGCCAAG-1,4
CCTCTACAAGGATTGG-1,2
CCTCTATCGATTAGCA-1,2
CCTCTCTCCCATCTAG-1,4
CCTCTGGCCTAGACGG-1,0
CCTCTGTACTATTCTA-1,5
CCTGAACGATATATTC-1,4
CCTGAATATTTACATA-1,4
CCTGACCACCGATGGT-1,5
CCTGACGCAACCTTTA-1,0
CCTGCGTTCTACGCTT-1,11
CCTGCTATTTGAGAAG-1,4
CCTGGAAACGTTCTGC-1,0
CCTGGCTAGACCCGCC-1,4
CCTGGTCGAATGTGGG-1,5
CCTGTAAGACATGATA-1,5
CCTGTACTCACGCCCA-1,5
CCTGTCACCCGGGCTC-1,5
CCTGTCCCTCACGTTA-1,8
CCTGTCGCCCGTAAAT-1,5
CCTGTGCATAGGAGAC-1,1
CCTGTGCGGATTGTAA-1,30
CCTGTTTGAAGACACG-1,0
CCTTCAGTTAAAGTGA-1,2
CCTTCGTATAGAATCC-1,5
CCTTCTCAGCGTTCCT-1,5
CCTTCTTGATCCAGTG-1,4
CCTTGACCACTTTATT-1,0
CCTTTAAGGGAGCACT-1,2
CCTTTCAATGAAGAAA-1,0
CCTTTGAATTATGGCT-1,2
CGAAACATAGATGGCA-1,0
CGAAACGCAATTCATG-1,5
CGAACAGTATGGGCGT-1,0
CGAACCCGCATGCGTC-1,2
CGAACGCCCAGTGCCG-1,0
CGAACGGCCGGACAAC-1,5
CGAAGACTGCCCGGGA-1,1
CGAAGCTATAAATTCA-1,0
CGAAGGGTTTCAGATT-1,2
CGAAGTTGCTCTGTGT-1,4
CGAATCTGCTCGACGC-1,2
CGAATGAAGTCATTGC-1,2
CGAATGACGCATAATG-1,5
CGAATTACATGGTGTT-1,18
CGACAATTTGATCTAA-1,11
CGACACGCTCCGACAG-1,11
CGACAGTTCGCGTTAT-1,5
CGACATGCGATCTTCT-1,0
CGACCCTTAACGCCGG-1,5
CGACGCATCCGTACCT-1,5
CGACTCAGGATGTTAT-1,11
CGACTTTGTATAGCCT-1,0
CGAGACCCTAGAGTGT-1,5
CGAGAGATGTGAACCT-1,5
CGAGAGCGCGTAGATA-1,4
CGAGAGCTTTCACTAC-1,0
CGAGAGGGTAGCCGCG-1,0
CGAGATGTTGCCTATA-1,1
CGAGATTTCGCTCGGG-1,8
CGAGCACTTCAAGTTT-1,0
CGAGCGTTGATCAGCC-1,0
CGAGCTGGGCTTTAGG-1,11
CGAGGCCAGGCATTGG-1,18
CGAGGCTAAATATGGC-1,5
CGAGGGACTGCGGTCG-1,4
CGAGGGTATCCAGGTG-1,5
CGAGTACTAAAGAGGA-1,2
CGAGTGAAGGTACCAG-1,2
CGAGTGCTATAGTTCG-1,18
CGAGTTCTGTCCCACC-1,4
CGAGTTTATCGGACTG-1,11
CGATAATACTCAGGTT-1,8
CGATACCTCGCGGACA-1,5
CGATAGCGATACAGTG-1,2
CGATAGTCGTACTGCA-1,0
CGATATTAGCCGCAGG-1,1
CGATCCGACCCAGTGC-1,5
CGATCCTCGCAACATA-1,2
CGATCTGTTGGAGGAC-1,5
CGATGGACCCTACGCC-1,0
CGATGTTGTTATCTAC-1,2
CGATTAAATATCTCCT-1,5
CGATTCGCCTGGCTGC-1,4
CGCAAACACGAGTTAC-1,4
CGCAATTACTTTCGGT-1,11
CGCAATTAGGGTAATA-1,4
CGCAATTCTACAATAA-1,11
CGCACATGTCCACTAC-1,4
CGCACGTCTGTTTATG-1,2
CGCACGTGCGCTATCA-1,0
CGCAGAAACATTTGCG-1,0
CGCAGATCTTCACCCG-1,18
CGCAGGCGATCCAAAC-1,0
CGCATCATGGCTTCAG-1,0
CGCATGGTGCGATGCT-1,5
CGCATTAGCTAATAGG-1,4
CGCCAAGAAGCCGAGT-1,4
CGCCACAGGTCGCGAT-1,5
CGCCACCCGCATTAAC-1,1
CGCCATCCGATTATGA-1,4
CGCCCAGCACGCCTAG-1,5
CGCCCAGCGTTTCACG-1,0
CGCCCGCTTCCGTACA-1,11
CGCCCTAATTGTTCAA-1,2
CGCCCTTACATCCACC-1,30
CGCCCTTGAAGGCTGA-1,0
CGCCGCCCATGCCTGT-1,4
CGCCGCGTTCTGAACG-1,2
CGCCGTTCAGCATAGT-1,0
CGCCTCCCTCCTCTAT-1,5
CGCCTGGCCTACGTAA-1,5
CGCCTTTAGCATGCTC-1,8
CGCGAAGTGGCATACT-1,0
CGCGACCGCGACAGAT-1,4
CGCGAGAGGGACTTGT-1,18
CGCGAGTCTGCCGGGT-1,2
CGCGCAAATGTCCAGA-1,2
CGCGCAAGGAACTACA-1,1
CGCGCATGTTTGATTG-1,5
CGCGCCCGACTTAATA-1,4
CGCGGCAGTATTACGG-1,1
CGCGGCTCAACTTGAA-1,0
CGCGGGAATTAGGCAG-1,4
CGCGGTCACAAACCAA-1,0
CGCGTCATATTAAACC-1,18
CGCGTGCTATCAACGA-1,1
CGCGTTCATGAAATAC-1,4
CGCTACGGGACATTTA-1,5
CGCTAGAGACCGCTGC-1,0
CGCTATACCGCCCACT-1,0
CGCTATTCAATGTATG-1,0
CGCTATTCTTAGGCTC-1,5
CGCTCGACATAATGAT-1,11
CGCTCTCCGTAGATTA-1,4
CGCTGAGGACGTCCAA-1,1
CGCTGGTGACTACCCT-1,0
CGCTGTGACGCCGCAC-1,4
CGCTGTGTGGATGTTG-1,2
CGCTTAGTATTGATAC-1,5
CGCTTATTCCCGGTCG-1,5
CGCTTCCACTGAAATC-1,0
CGCTTTCATACCGGTG-1,0
CGCTTTCTTGCATTCG-1,4
CGGAAAGAATCAAACG-1,2
CGGAAATTTCACATCC-1,0
CGGAACGTAAACATAG-1,2
CGGAGCAATTTAATCG-1,5
CGGAGCATGGCGATCC-1,5
CGGAGCTTATAACACC-1,0
CGGAGTTTGAGAGACA-1,4
CGGATAAGCGGACATG-1,0
CGGATCCTCAAGGACT-1,4
CGGCAAACATCGTGCG-1,5
CGGCAATAAGATCGCC-1,0
CGGCACCGTTAGCGCC-1,0
CGGCACTCAAGAAAGT-1,18
CGGCAGGGTCGGGTTG-1,11
CGGCCACGCACAAAGT-1,5
CGGCCAGAGCGACCAT-1,5
CGGCCCAACCTGTAGT-1,18
CGGCCCAGGTATATCC-1,0
CGGCGCCATCAATCCC-1,0
CGGCTCTAAAGCTGCA-1,0
CGGCTCTTCGTCGAAC-1,0
CGGCTGCAAGATTAAG-1,0
CGGCTTTGTATGATAA-1,0
CGGGAATATAGTATAC-1,0
CGGGAATTTATGTAAA-1,5
CGGGAGCTTCAGTGTA-1,11
CGGGAGTATACCGCCG-1,0
CGGGATCAATGTAAGA-1,4
CGGGCAGCTAAACCGC-1,5
CGGGCCATAGCCGCAC-1,1
CGGGCCTTCTTTGTAA-1,5
CGGGTGTACCCATTTA-1,4
CGGGTTCGGCACGTAT-1,30
CGGGTTGTAGCTTTGG-1,1
CGGGTTTGTTAGGGCT-1,8
CGGTACTAGAATCAAA-1,4
CGGTAGAGGTGCAGGT-1,11
CGGTATAGGTATTAGC-1,0
CGGTCAAGTGGGAACC-1,4
CGGTCCGTCGCAAGCC-1,5
CGGTCTATCAACCCGT-1,11
CGGTGAAGACTAAAGT-1,4
CGGTGCAGATAGAACG-1,5
CGGTGCGCGTTGGTCC-1,2
CGGTGGGCTCCAGCCT-1,0
CGGTGTACTTGATCCC-1,0
CGGTTATCCAACAGTG-1,0
CGGTTCAAGTAGGTGT-1,0
CGGTTCCGGCTTCTTG-1,1
CGGTTGACCTGGCATA-1,4
CGGTTGAGTATCCTTC-1,2
CGGTTGGGTTCAAGTT-1,18
CGGTTTATGAAGGAAC-1,18
CGTAAACGCTTGAGTG-1,1
CGTAACTTCGACACTT-1,5
CGTACCTGATAGGCCT-1,4
CGTAGAGAGTAATTAT-1,0
CGTAGCGAATTGTCAG-1,0
CGTAGCGCCGACGTTG-1,18
CGTATTAAGAGATCTA-1,5
CGTCAAGGCTATAAAT-1,0
CGTCAATCTTTAACAT-1,1
CGTCACGTCCATTGGT-1,2
CGTCAGTGCGCACAAG-1,0
CGTCAGTTTATCGTCT-1,1
CGTCATACCATATCCA-1,0
CGTCGCATGTGAGCCA-1,4
CGTCGCGGCGGGATTT-1,1
CGTCGCTTGGTTATAC-1,2
CGTCGGATAGTGTTGA-1,0
CGTCGGGTCTAAGCGC-1,2
CGTCGTCCTTCGCGAA-1,4
CGTCTGGAAGGGCCCG-1,11
CGTGAAGTTAATTCAC-1,5
CGTGACATTGGGTCGT-1,0
CGTGACCAGTCCTCTG-1,5
CGTGCAGACTGGGACA-1,5
CGTGCATTGTCGACGC-1,5
CGTGCCCGACATTTGT-1,1
CGTGCCCTCCCGAAGA-1,5
CGTGCTTCTACCTAAA-1,2
CGTGGCCGAATATCTA-1,0
CGTGGTACCCAAAGGC-1,2
CGTGTATGGGAGCTGA-1,1581
CGTGTCCCATTCGCGA-1,4
CGTGTCTCGTTACGAC-1,2
CGTGTGTTAAACCCTG-1,18
CGTTAAACTAGTTAGG-1,0
CGTTAATGTCCCGACG-1,11
CGTTAGCTCACAACTG-1,0
CGTTCAGACCCGCGAA-1,5
CGTTCATGGTGCGCGT-1,5
CGTTCTTCGCACACCT-1,18
CGTTGAATACCGCGCT-1,4
CGTTGAGCGACCGTCG-1,5
CGTTGAGTAATTGCGT-1,0
CGTTGCCCGCGTGGGA-1,2
CGTTGTAAACGTCAGG-1,0
CGTTGTAAGATTGATT-1,0
CGTTGTCGGCAATTGA-1,5
CGTTGTTTCAATTCCC-1,5
CGTTTAAGCGGAGCAC-1,0
CGTTTCACTTCGGGCG-1,0
CGTTTCGCTCATTACA-1,5
CGTTTGTGTAGAGGGT-1,2
CTAAACGGGTGTAATC-1,1
CTAAAGAATGCCTACT-1,5
CTAAAGGGAAATAGGA-1,5
CTAAAGTCCGAAGCTA-1,1
CTAAATCCGGTGTACA-1,2
CTAAATCCTATTCCGG-1,4
CTAACCGCGCGCCCGT-1,5
CTAACGAAACTTGCTG-1,11
CTAACTGATAATCGCC-1,0
CTAACTGGTCCGGTTC-1,2
CTAAGGGAATGATTGG-1,5
CTAAGTACAGGGCTAC-1,30
CTAATTCGCACGCGCT-1,4
CTAATTCTCAGATATT-1,0
CTAATTTCAACAACAC-1,0
CTACAAGAAATAACCC-1,2
CTACACTAGCTTGTTC-1,1
CTACACTCGCAGATGG-1,0
CTACATATCGCGGGAC-1,2
CTACCCTAAGGTCATA-1,4
CTACGAACTAGGTCGA-1,0
CTACGACTAGCTATAA-1,4
CTACGATCCTATCCTA-1,2
CTACGCACGGAGTACC-1,5
CTACGCCATTTCCGAT-1,0
CTACGTGTTGCCACCA-1,1
CTACTATCATAGGTTT-1,2
CTACTATCTTTCAGAG-1,11
CTACTCAAGGTATAGT-1,2
CTACTCTAGGCCCGGC-1,4
CTACTGCCACCTGACC-1,5
CTAGACATATATGTAG-1,30
CTAGACTGCATTTCGT-1,0
CTAGATAAACTCCTCG-1,1
CTAGATGTGAGTGTAA-1,0
CTAGATTTACGACGGC-1,5
CTAGCAACTAATTTAC-1,1
CTAGCATAGTATAATG-1,5
CTAGCCGATGTTATGA-1,0
CTAGGCGCCCTATCAG-1,11
CTAGGCGGCAGAGAAT-1,1
CTAGGGATAGGGACAA-1,2
CTAGGTCTGAAGGAAT-1,0
CTAGGTTCGGACGTGA-1,5
CTAGTAGAAAGGGATT-1,4
CTAGTATTCGGAATTA-1,0
CTAGTCACGTCTTAAG-1,5
CTAGTGAAGGACAGGA-1,4
CTAGTTACAACCCGGT-1,5
CTAGTTGGGCCCGGTA-1,5
CTATAAGAGCCAATCG-1,0
CTATAGGCGTTGATGT-1,2
CTATCGACGAAATACA-1,0
CTATCGGGTCTCAACA-1,5
CTATGCCCGAATGCAA-1,5
CTATGGGAAGCGGAAT-1,0
CTATGTCACTAGCCCA-1,5
CTATGTCTATTGAAAC-1,0
CTATGTGAGTCACGGC-1,5
CTATTCATGTGTCCCA-1,5
CTATTGTGTTTGGTCA-1,0
CTATTTGCTTGGAGGA-1,5
CTATTTGGTTACGGAT-1,4
CTCAAACCACTGCCCG-1,2
CTCAACTAACCCGGAT-1,11
CTCAAGACATTAGCGC-1,0
CTCACATTTACTAAAT-1,5
CTCACTGTGATACTTA-1,4
CTCACTTGGCTGGTAA-1,5
CTCAGGACTCACCTGT-1,0
CTCAGTCACGACAAAT-1,0
CTCATGGCTCACAATC-1,0
CTCATGGTAATTTGCG-1,2
CTCATTGCTCTAACAA-1,4
CTCATTTGATGGGCGG-1,4
CTCCCAATGAGTCGCG-1,8
CTCCCTCCTTTCGATC-1,2
CTCCGCCCACATGAGG-1,5
CTCCGGCCTAATATGC-1,4
CTCCGGCTTGTAGACA-1,18
CTCCTAAGTTATGTCT-1,18
CTCCTCCAGCTCACAC-1,5
CTCCTGTTCAAGGCAG-1,8
CTCCTTTACGCAAGTC-1,0
CTCGAATGGAACGTAT-1,18
CTCGAGACATACGATA-1,2
CTCGAGGTCGAACAGT-1,5
CTCGATATTTGCGAGC-1,0
CTCGCACCTATATAGT-1,4
CTCGCATTGCATAGCC-1,2
CTCGCCGAATGTAGGG-1,5
CTCGGGCATCGTCGGG-1,18
CTCGGGTTCTCTGGCC-1,2
CTCGGTACCACTGCTC-1,4
CTCGGTCCGTAGCCTG-1,11
CTCGGTTGTCGGCCCT-1,2
CTCGTCGAGGGCTCAT-1,2
CTCGTTACGGCTACCA-1,2
CTCGTTTCTAATGTTT-1,0
CTCTAATGCATTGATC-1,0
CTCTACACTGGCGATT-1,5
CTCTAGCCCTCGGAAA-1,0
CTCTATTTGGCTGCAG-1,5
CTCTCACAATCGATGA-1,5
CTCTCGATGTGCGCCT-1,18
CTCTCTAACTGCCTAG-1,2
CTCTGCGAAGCAAGCA-1,0
CTCTGGACGCCTGGTG-1,5
CTCTGTGCCTGCTATG-1,1
CTCTGTTTGAGGATTC-1,0
CTCTTCTATTGACTGG-1,0
CTCTTCTGGAAGTTAG-1,2
CTCTTGTCCCGCTTGG-1,5
CTGAAAGAGATCCGAC-1,4
CTGAATCCGAGACCTC-1,5
CTGAATTTATTGCCAG-1,0
CTGACATAGAAATAGA-1,8
CTGACTGCGCAGCTCG-1,0
CTGAGAAAGTTCGGCG-1,8
CTGAGCAAGTAACAAG-1,18
CTGATAGTGTATCTCA-1,11
CTGCAAATGGGCTCCA-1,1
CTGCAAGCACGTTCCG-1,8
CTGCACAACTACATAT-1,4
CTGCACCTGGAACCGC-1,0
CTGCACTCCAGTACAG-1,5
CTGCAGAGAATCAGAG-1,0
CTGCCAAGGTTGGAAG-1,4
CTGCCATGCATCACAT-1,5
CTGCCTAGCCACCAAG-1,0
CTGCCTTTAATACCTT-1,2
CTGCCTTTCTAGTAAA-1,0
CTGCGGGTGAAATGTT-1,4
CTGCGGTAGTCACGTG-1,0
CTGCGTTACGATATAA-1,0
CTGCTGAGGCCACGAA-1,2
CTGCTGTCTAACGAGC-1,8
CTGCTTGGCGATAGCT-1,4
CTGCTTTATGTCCGCG-1,18
CTGGAAATGGATGCTT-1,4
CTGGAAGACACGGTGG-1,4
CTGGACGCAGTCCGGC-1,5
CTGGATTTACACTTGA-1,5
CTGGCATCCGAATGAG-1,2
CTGGCGACATAAGTCC-1,11
CTGGCGCACAGGTCTG-1,4
CTGGCGGGAATAAGTA-1,0
CTGGCTCCTGCGGGAT-1,1
CTGGCTGATTCATCCT-1,11
CTGGCTGCTAACGTAA-1,1
CTGGCTGGTTGTCAGT-1,5
CTGGGATAAATAATGG-1,4
CTGGGATACGCTACCC-1,8
CTGGGATCGCCCAGAT-1,1
CTGGGCACTAGTCGGA-1,30
CTGGGCCTGCTATATC-1,5
CTGGGCGGCCAAATGT-1,18
CTGGGTAGGCAGTTAA-1,4
CTGGGTTGAGTTAAAG-1,2
CTGGTAAAGTGTGGGC-1,8
CTGGTAACACATAGAA-1,4
CTGGTAACGAGCTCTT-1,0
CTGGTCATTCCAATCC-1,0
CTGGTCCTAACTTGGC-1,0
CTGGTGAATGGGCCTA-1,2
CTGGTTCAACGCATCA-1,1
CTGGTTTCGAGCAAGA-1,4
CTGTACTTCTTAGCAT-1,5
CTGTAGCCATCTCACT-1,2
CTGTAGTGAGGATCGA-1,2
CTGTATGGTGTAGAAA-1,0
CTGTCAAATGGCTCGG-1,4
CTGTCACGCCAGGCGC-1,0
CTGTGCAGGGTAGGTC-1,5
CTGTGGTCGGGAGATA-1,11
CTGTTACCCAATCTAG-1,5
CTGTTCACTGCCTGTG-1,4
CTGTTCATCTCACGGG-1,0
CTGTTGTTCAGTCGTA-1,2
CTTAACTTCGAAGTAC-1,0
CTTACACGGTATTCCA-1,4
CTTACACTGGGAAATA-1,0
CTTAGCCTTCCACATG-1,4
CTTAGGTATAGACCAG-1,2
CTTAGTAGGCCTACAG-1,0
CTTAGTGTAGTAGCAT-1,11
CTTAGTTGAGGAATCG-1,2
CTTATGCGCTCAGGGC-1,4
CTTATGTTGACTACCA-1,18
CTTCAACTCCACTTGG-1,4
CTTCAGTGGTCGCCTA-1,2
CTTCATAGCTCAAGAA-1,0
CTTCATTGTCAGTGGA-1,5
CTTCCGCTCCGTGAAG-1,2
CTTCCTGCATATTTAC-1,30
CTTCGGCCAATTGTTT-1,0
CTTCGTAGATAGGTGA-1,5
CTTCTATGTTGAAGTA-1,5
CTTCTATTAATGCTAG-1,2
CTTCTGGGCGTACCTA-1,2
CTTCTTACGTCGTATA-1,0
CTTGACCCGAAAGATA-1,0
CTTGAGGTTATCCCGA-1,1
CTTGAGTTAGGGTAAT-1,11
CTTGCAACCGCCTCCT-1,5
CTTGCCCAGGCTCTAC-1,5
CTTGGCCAAGCTGGGA-1,5
CTTGTACTTGTTGACT-1,4
CTTGTCAACATTCGAG-1,5
CTTGTCGTACGTGTCA-1,1
CTTGTGAGGACAGCGG-1,1
CTTGTGAGTCTTTGAC-1,18
CTTGTGCTCACCGATT-1,0
CTTGTTGCTGAGTCAA-1,4
CTTGTTTATGTAGCCA-1,0
CTTTAACTTTCAAAGG-1,4
CTTTAATATTGGTCGA-1,5
CTTTACCGAATAGTAG-1,4
CTTTAGGAACACTGTT-1,4
CTTTAGTGCTATTATT-1,5
CTTTCTGTGCGGGCTT-1,5
CTTTGAAACATATTCC-1,30
CTTTGCATCGCTCTTG-1,0
CTTTGGCGCTTTATAC-1,11
CTTTGGCTTTAGTAAA-1,4
CTTTGGGATTGTTGCA-1,2
CTTTGTCGAATGCTCC-1,2
GAAACAGATGACCACC-1,4
GAAACAGCCATGCAGT-1,0
GAAACATAGGAAACAG-1,2
GAAACCATGGTGCGCT-1,0
GAAACCGAATTACCTT-1,2
GAAACCTATACAAATG-1,5
GAAACTCGTGCGATGC-1,11
GAAACTCTAATGAAGG-1,0
GAAAGAACAGCGTTAT-1,0
GAAAGCAGTGCACTTT-1,5
GAAAGCCCTTTGGACC-1,4
GAAAGTGACTAACTGC-1,11
GAAATACCTGCTGGCT-1,0
GAAATACTAAACGTTT-1,0
GAAATATCACCATCAG-1,4
GAAATATGCTTGAATG-1,18
GAAATCGCGCGCAACT-1,4
GAAATGGCGGTGTTAG-1,5
GAAATGGGATGTAAAC-1,1
GAAATTAGCACGGATA-1,0
GAAATTCACATCGCTG-1,0
GAAATTGTCTCTATAA-1,5
GAACAACTGGGATGAA-1,0
GAACACACATCAACCA-1,4
GAACAGATTACTAAAT-1,5
GAACCATCTGGGAGAC-1,1
GAACCCTCTGTGTTCT-1,5
GAACCTCGACCTACAC-1,4
GAACCTTTAACGATCC-1,4
GAACGACCGAATGATA-1,4
GAACGCGGGTCACACG-1,8
GAACGTCTCATGGTCG-1,4
GAACGTTAGGAAGACG-1,11
GAACTGTGGAGAGACA-1,5
GAACTTAGCGCCCGGT-1,30
GAAGAAACGATATTGT-1,2
GAAGAACGGTGCAGGT-1,0
GAAGACTTCAATGCCG-1,18
GAAGCAAGGCAATGTT-1,1
GAAGCCACTGATTATG-1,4
GAAGCCTGCACATTCC-1,5
GAAGCGTGAGGAATTT-1,5
GAAGCTCGGACCCGTC-1,2
GAAGCTTGCTGACCGC-1,4
GAAGGACTAAATTGAA-1,1
GAAGGAGTCGAGTGCG-1,5
GAAGGGCATAACCATG-1,1
GAAGTCAGTTGCACTA-1,5
GAAGTCTCCCTAGCGA-1,4
GAAGTGATTTATCGTG-1,5
GAAGTGCTGGATAGCT-1,0
GAAGTTTCCACTCAAT-1,5
GAATAGACGCGACCCA-1,4
GAATAGCATTTAGGGT-1,8
GAATAGCCCTGCGGTC-1,18
GAATAGTGCTCGATTA-1,2
GAATATTCGGAGTCCC-1,0
GAATCGACATGGTCAC-1,4
GAATCGCCGGACACGG-1,0
GAATCTATACTCGGAC-1,0
GAATCTGAACATTCTC-1,5
GAATGCCGAAATGACC-1,0
GAATGCGAATCGGTTC-1,4
GAATGTATGGCAGGTC-1,0
GAATGTGGTCCGGATT-1,4
GAATGTTGGGTAATCT-1,4
GAATTATAGTGAAAGG-1,5
GAATTCACCCGGGTGT-1,5
GAATTTCTCGCTGCAG-1,4
GACAAACATATGCAGG-1,0
GACAACGACCATTGAA-1,4
GACAACGCAGCTTACG-1,4
GACAAGAGATGAGATT-1,8
GACACAAGGGAAGAAA-1,5
GACACGAGTTAGAGGA-1,0
GACACTGAGTTCAGTG-1,2
GACACTGGAACCCGAT-1,0
GACAGATTTCTGGCTC-1,4
GACAGCCAGACCTGAC-1,4
GACAGGCACACACTAT-1,4
GACATCCGTCGAACTG-1,4
GACATCGATTTATAAC-1,2
GACCAAACGTTGACTG-1,0
GACCAGAGCCCTGTAG-1,4
GACCAGGTCATTCATA-1,0
GACCCAATTATGATAC-1,2
GACCCGTCGCCGGCTA-1,0
GACCGACGTGAAAGCA-1,0
GACCGACTGAAGCGTC-1,4
GACCGATTAAATATGT-1,2
GACCGCGTCTGACGTG-1,0
GACCGTCAGGTCGTGA-1,0
GACCGTGCTGACGGTG-1,5
GACCTTCCACGTCTAC-1,4
GACGACGATCCGCGTT-1,5
GACGAGGCTAATAAAC-1,0
GACGCATACCCGTCGG-1,2
GACGCCGTAAAGGCTA-1,5
GACGCCTGTTGCAGGG-1,18
GACGCTTGCTTCTAAA-1,5
GACGGACCGCGTTCCT-1,18
GACGGGATGTCTTATG-1,1
GACGGGTTGGCCCGTA-1,5
GACGGTCAATAGAAGC-1,0
GACGTGAGACTCCATG-1,1
GACGTGTAGGGATTAT-1,4
GACTAACACAGCACCT-1,0
GACTAAGATCATGCAC-1,4
GACTAAGTAGGCTCAC-1,4
GACTACAAAGCGGTGG-1,5
GACTACAATTGCTCGT-1,0
GACTAGGCCGTTAGGT-1,4
GACTCACCCACGTGAG-1,0
GACTCCCAGAATAAGG-1,18
GACTCCTTCCAATTGA-1,2
GACTCGCGGGAATGAC-1,0
GACTCGGTCGGCGGAT-1,30
GACTGATTGGTCACAA-1,18
GACTGCAAATCGAGCT-1,4
GACTGCACCAGCCCAG-1,4
GACTGCGGCACGTGTA-1,0
GACTGCTGGTGAGAAA-1,2
GACTGGGCGCCGCAAC-1,0
GAGACTGATGGGTAGA-1,5
GAGACTTCGCGACCGA-1,5
GAGAGGGCGCGAGGTT-1,5
GAGAGGTGCATTCTGG-1,5
GAGAGTCTCGGGAGAG-1,2
GAGATCTGCTTGGCAT-1,5
GAGATCTGTCACTCCG-1,5
GAGATCTTCCATGACA-1,4
GAGATGGGAGTCGACA-1,5
GAGCACCTGTGTCCAG-1,4
GAGCATCAACAACTTG-1,2
GAGCATCATCCCTGGG-1,0
GAGCCACGGTAGTAGG-1,0
GAGCCAGCTACCTGTG-1,11
GAGCCGAGCGTTTATT-1,18
GAGCGAGGGAGTACCG-1,0
GAGCGCAAATACTCCG-1,0
GAGCGCGCACGAGTAG-1,11
GAGCGCTGTTAGGTAA-1,2
GAGCGGAATGCGGTGT-1,5
GAGCTAAGGGCATATC-1,4
GAGCTCTCGGACCTAA-1,0
GAGCTGTCGTCTCGGA-1,0
GAGGAATGGAGAGGTT-1,11
GAGGAGATCCTCATGC-1,1
GAGGAGTAATTCCTAC-1,1
GAGGATAAACAGTGCT-1,8
GAGGCCCGACTCCGCA-1,2
GAGGCCTGTTGATACA-1,0
GAGGCTATCAAAGTCG-1,4
GAGGGAGTCAGATCGC-1,2
GAGGGCATCGCGTATC-1,18
GAGGGCGCAGCTCTGC-1,4
GAGGGTAGTAACAAAG-1,2
GAGGTACATCCATCTT-1,0
GAGGTACGCGTGTCCC-1,5
GAGGTCCCAAAGATCT-1,0
GAGGTCTTAGTGGGTC-1,18
GAGTAAACCGGAAAGT-1,8
GAGTAAGGCCACGGGA-1,5
GAGTACGGGTATACAA-1,0
GAGTAGATACTAGTTG-1,5
GAGTATGCCCGCCTTG-1,2
GAGTATGCGCGTGCAT-1,4
GAGTCAGACCAGAATC-1,2
GAGTCCGCTTACCGGA-1,5
GAGTGTCAACCAGAAA-1,11
GAGTGTGCGGTACCCA-1,4
GAGTTGATGGCAATTT-1,2
GAGTTGTCACCAGTCT-1,2
GATAAATCGGTGGATG-1,0
GATAACTCGCACTGTG-1,4
GATAAGGCAGATGCAA-1,1
GATACGATGGGAGTCA-1,2
GATAGGTAACGTTGAC-1,5
GATAGTGCGAGTAAGT-1,2
GATATCTCATGCAATA-1,0
GATATGAGACACTAAC-1,4
GATATGCGGTAGCCAA-1,0
GATATGGATTACGCGG-1,0
GATATTGAGATTGGCG-1,0
GATATTTCCTACATGG-1,0
GATCAACATAAAGGGA-1,2
GATCATTCCAAACATT-1,5
GATCCCTTTATACTGC-1,5
GATCCGGGAATTAACA-1,5
GATCCTAAATCGGGAC-1,0
GATCCTCGACACTGGC-1,2
GATCCTCTTGCGCTTA-1,0
GATCGACACTATCTGA-1,4
GATCGCGGGCTCTCCA-1,5
GATCGCTACCCGATTT-1,0
GATCGCTATATCTCAG-1,2
GATCGGATAGAACCAT-1,4
GATCGGCGATAAGTCG-1,0
GATCGGTGGCCATAAC-1,5
GATCGTGACTGATATC-1,5
GATCTCGACGCTGTGG-1,8
GATCTGCTATCTAAGG-1,5
GATCTTGGAGGGCATA-1,5
GATCTTTGCAGGGTAT-1,5
GATGACAAGTAGGGCA-1,2
GATGACGATGATCGCG-1,18
GATGAGGAACCTTCGG-1,11
GATGATTTGAAACTGG-1,1
GATGCCACACTACAGC-1,1
GATGCCAGCAGAAGGC-1,0
GATGCCTTCTGCGGCA-1,2
GATGCGTCCTGCATTC-1,5
GATGCTACAAGCGCCT-1,11
GATGCTGTATTTCATC-1,5
GATGGCGCACACATTA-1,0
GATGGTGCCCTAGGCA-1,0
GATGTAACGAACCACC-1,2
GATGTCCGGATCACAT-1,1
GATGTCGGTCAACTGC-1,0
GATGTGTTGTCACAAG-1,0
GATGTTCAATCCACGA-1,5
GATGTTTGTGCGAGAT-1,0
GATTAACCGAAAGCCC-1,0
GATTAATCCTGGCTCA-1,1
GATTACTGAATTTGGG-1,5
GATTCCCTTGTCGCAG-1,4
GATTCCGCGTTTCCGT-1,11
GATTCCTATACGGCGC-1,0
GATTCGACGGTTCACG-1,5
GATTGACACTCTGCTC-1,0
GATTGCTCCAGTTGCA-1,2
GATTGGGAAAGGTTGT-1,11
GCAAACCCTACATTAT-1,4
GCAAACCTTGGCCATA-1,5
GCAAACGTAAGCGACC-1,2
GCAAACGTCGCCAGGT-1,8
GCAAAGGGCGTTAGCC-1,2
GCAAATATTACGCTTT-1,5
GCAACACACTAGAACT-1,5
GCAACAGCAGTATGCG-1,0
GCAACCACCAGACCGG-1,0
GCAACCACGGCCGCGT-1,5
GCAACGGCTAGTTATG-1,0
GCAAGAATTCCTTGGC-1,5
GCAAGATGTGTTCGCG-1,18
GCAAGTGCACAGAGAA-1,4
GCAAGTGTAAAGCATG-1,2
GCACAAACCCTAGATG-1,2
GCACAAACGAGGCGTG-1,8
GCACAACCTCGGGCGT-1,2
GCACAAGTGTCGGAAG-1,0
GCACACACTGGTAGCC-1,0
GCACACGCCCATGGTC-1,11
GCACAGCACGGGCCGA-1,2
GCACGCCTACTTAGAT-1,2
GCACGTGGTTTACTTA-1,0
GCACTAGTCGCGCTAT-1,0
GCACTGCCTACCTTTA-1,4
GCACTGTGCAAATGTA-1,1
GCAGACCCAGCACGTA-1,0
GCAGATCCATAAGACT-1,4
GCAGATCCTCGCAAAT-1,0
GCAGATTAGGGATATC-1,5
GCAGCACACAGCCCAG-1,5
GCAGCCTATATCACAT-1,18
GCAGCGGTGGGCATTA-1,1
GCAGGAACTTAGATCT-1,2
GCAGGACTATAGAATA-1,4
GCAGGTAGAGTATGGT-1,0
GCAGTGTGGCTATAGG-1,4
GCATACGAGGTCTTTA-1,4
GCATAGAGCACTCAGG-1,5
GCATCCCTAACTTTGA-1,0
GCATCGGCCGTGTAGG-1,0
GCATGAGGGACGCGGC-1,4
GCATTCAAGGCAACGC-1,0
GCATTCGAAATGAACA-1,0
GCATTGTAATTCATAT-1,5
GCATTTCCAAGGCTCC-1,0
GCCAACCATTTCCGGA-1,0
GCCAAGAATACTTCTG-1,5
GCCAATAGGGCATCTC-1,0
GCCACAATTTAAGGAC-1,2
GCCACTCAGAGCGCGA-1,0
GCCAGGAAAGAACACT-1,2
GCCAGGAGTAACCGAT-1,11
GCCAGGCGTTCGCATG-1,0
GCCATATTGCACACAG-1,11
GCCATCGAGCTGCGTG-1,2
GCCATCGATGCTGCAT-1,0
GCCATTAGCCTCAAAC-1,2
GCCCACCAAGGCTGTC-1,0
GCCCAGTTGGTATGCC-1,11
GCCCATGGGTGCAATG-1,18
GCCCGACTTCTTCCCG-1,2
GCCCGAGAGTCTAAAT-1,2
GCCCGATCTGTGGTCG-1,5
GCCCGCGCGTAAACGG-1,2
GCCCGCGCGTTTGACA-1,0
GCCCGTAATACCTTCT-1,4
GCCCTAGCCGTCGCGA-1,2
GCCCTGAGGATGGGCT-1,4
GCCGAAATTCCTACGT-1,5
GCCGACCCACGACTGC-1,2
GCCGATTGGCCAAGCT-1,5
GCCGCATTAGTCCGGC-1,4
GCCGCTAGATACGCAG-1,18
GCCGCTTGTGAGAAAC-1,5
GCCGGAAACACATCTT-1,1
GCCGGGTTAGGGTCGC-1,5
GCCGGTTTGGGCGGAT-1,1
GCCGTCGGTTTCGGGC-1,2
GCCGTGGAAGAAATGT-1,8
GCCTAGCGATCTGACC-1,11
GCCTATAGTGTCAGGG-1,11
GCCTATTCCGATATAG-1,11
GCCTATTTGCTACACA-1,18
GCCTCATCTGGAAATA-1,11
GCCTCCGACAATTCAC-1,0
GCCTCTATACATAGCA-1,4
GCCTGCTACACTGAGA-1,30
GCCTTCAGCCCTACCG-1,0
GCCTTGTATATGCAGT-1,18
GCCTTTGTCAGTGGAC-1,2
GCGAAACGATCGGGAG-1,0
GCGAAACTTAACTGGA-1,4
GCGAAGAATCTGACGG-1,0
GCGAAGCCATACCCGT-1,5
GCGACATGTAAACATC-1,0
GCGACCCAACCATCTG-1,2
GCGACGATAGTTGTAC-1,5
GCGAGAAACGGGAGTT-1,1
GCGAGAGGCCATGTAA-1,18
GCGAGAGTTGCGTCCA-1,0
GCGAGCGCATGCTCCC-1,0
GCGAGGCCCGAGCAGA-1,5
GCGAGTTCTGCAAAGA-1,5
GCGATTCTGGAAGCAG-1,0
GCGATTGTTAACGTTA-1,5
GCGCAAATATATTCAA-1,2
GCGCAAGAGCGCGCTG-1,0
GCGCATCCAGTCAGCA-1,11
GCGCCGTTCCACGATA-1,5
GCGCCTCCCACTCCGA-1,0
GCGCGGTCTAGTAACT-1,5
GCGCGTCATTGGTACA-1,4
GCGCTAAGTATGCATG-1,0
GCGCTAATTGAATAGA-1,5
GCGCTATGCCGAGGCA-1,2
GCGCTGATCCAGACTC-1,0
GCGCTGCTTTGCATTT-1,11
GCGCTTAAATAATTGG-1,11
GCGGACCGCGTTGTGG-1,2
GCGGAGAAACTTCGCA-1,2
GCGGAGAGGGAGAACG-1,4
GCGGCAAAGTATTGCC-1,2
GCGGCTCTGACGTACC-1,5
GCGGGAACCAGGCCCT-1,11
GCGGGCGAGCCTTACC-1,2
GCGGTCCCTAGACGCA-1,0
GCGGTGAACTGCGCTC-1,0
GCGGTTCCCTATCATG-1,2
GCGTAAATGGCCATAA-1,0
GCGTCCCTAAGACATA-1,2
GCGTCGAAATGTCGGT-1,11
GCGTCGCCAGGGTGAT-1,5
GCGTCTCTGCATTGGG-1,5
GCGTGGTACTGGGTTA-1,11
GCGTGTATGTCGTATT-1,18
GCGTTATATTTGGAAC-1,0
GCGTTCGGAGACCGGG-1,0
GCTAAACCTGAGGTGA-1,0
GCTAACTGAAGTCTGA-1,11
GCTAAGTAAAGGCGAT-1,0
GCTAAGTAGTTTCTCT-1,4
GCTAATACCGAATGCC-1,4
GCTACAATCGAGGATA-1,0
GCTACAGTACGGACCG-1,4
GCTACGACTTATTGGG-1,5
GCTACTATAGTAGAGT-1,11
GCTAGACCGTCTACTG-1,0
GCTAGAGTAGAGATGT-1,0
GCTAGCAGGGAGTGGG-1,0
GCTAGCGATAGGTCTT-1,2
GCTAGCTTGAATAGCT-1,2
GCTAGGCACCACGGAG-1,4
GCTAGTAGAGCTTGTA-1,5
GCTAGTTTCATTGAGG-1,0
GCTATACGTCTCGGAC-1,11
GCTATCATACTCATGG-1,4
GCTATCGCGGCGCAAC-1,0
GCTCAATCCGTTTATT-1,2
GCTCAATGTAATACCG-1,5
GCTCATTACTGCATGT-1,0
GCTCCCAGTCGGTCCA-1,0
GCTCCGCTCGCTTCAG-1,0
GCTCCGGACGTTGATA-1,30
GCTCCTGACATACTGG-1,2
GCTCGCGGTTCCGCTC-1,0
GCTCGCTCATGTCCAA-1,0
GCTCGGAATTTAAAGC-1,4
GCTCTAAACCCTGACG-1,4
GCTCTATGTTACGTGC-1,4
GCTCTCGGGTACCGAA-1,4
GCTCTTTCCGCTAGTG-1,5
GCTGAATCTTCCAATC-1,2
GCTGAGGCGTGAGTAT-1,5
GCTGCACGGTTTCTTA-1,5
GCTGCTAAGTAGTCGA-1,5
GCTGCTACTGCGTAGC-1,4
GCTGCTCTCCGGACAC-1,5
GCTGGACCCAAAGTGG-1,18
GCTGGCATATTCACCT-1,4
GCTGGCGGCGCATGCT-1,5
GCTGGGTCCGCTGTTA-1,1
GCTGGTTTAGGCCATA-1,2
GCTGTATTACTGGCCC-1,2
GCTGTCTGTGATCGAC-1,18
GCTGTTGCTACCGAAC-1,11
GCTTAATGTAACTAAC-1,4
GCTTACGTAGTTAGTA-1,0
GCTTATGAAGCAGGAA-1,4
GCTTCCGTCCCTAGAC-1,4
GCTTCGACGTTCAATC-1,2
GCTTGATGATAATCAG-1,11
GCTTGGATCGATTAGG-1,0
GCTTTCAGAGGAGGTG-1,11
GGAAACCTTGTTGAAT-1,0
GGAAACTAAATGGGCC-1,0
GGAAAGTGCCCATGCC-1,11
GGAACCGTGTAAATTG-1,2
GGAACCTTGACTCTGC-1,2
GGAACGGCCTGCAGCC-1,0
GGAACTTTGGCGATTA-1,8
GGAAGCTCGCTTACAG-1,0
GGAATAACCTCAAGAA-1,0
GGAATGCGCTAGCGTG-1,4
GGACACAAGTTTACAC-1,0
GGACCAACAGGATAAC-1,5
GGACCTACGGTAACGT-1,18
GGACCTCTAGGCCGCC-1,2
GGACGGCTTGCGCAAC-1,18
GGACTCGACAGCGCAT-1,2
GGACTCGTGAGTGGTC-1,2
GGAGAAGTCATTGGCA-1,11
GGAGACCATCTACATA-1,5
GGAGACGACACCTTTG-1,5
GGAGCAACATTTCAAG-1,0
GGAGCACCAAGAACTA-1,4
GGAGCGAGGCCTACTT-1,4
GGAGGATTGAAAGGAG-1,0
GGAGGCCGAAGTCGTC-1,8
GGAGGCGAAGAACCGC-1,30
GGAGGGCTTGGTTGGC-1,4
GGAGGGTCAAGTAAGA-1,8
GGAGTGCCGCCCTGGA-1,11
GGATACTCATGAATTG-1,18
GGATCAAAGGACGAGG-1,18
GGATCATCCCGTACGC-1,0
GGATCCCTACCAGCTA-1,1
GGATCCGGAATATACT-1,4
GGATCTTACTGCCCTT-1,2
GGATCTTGACTCAACC-1,2
GGATGAAGATCGCTGA-1,11
GGATGACGCGAGTTTA-1,5
GGATGCTGGCGTTCCT-1,4
GGATGTCCTTACCGCA-1,4
GGATTAAGCTAAGGTC-1,0
GGATTCAGTACGGTGG-1,0
GGATTCCGCTATACCC-1,4
GGATTGCTGTGACTCC-1,11
GGATTTCACTTCTATA-1,4
GGCAAAGGCGCCAATA-1,2
GGCAAATTACTTTACT-1,5
GGCAAGCCCATAGTGG-1,5
GGCAAGGCGAAATAGC-1,5
GGCAATAGTCAATGAG-1,5
GGCACTCCACTGGGCA-1,5
GGCAGCAAACCTATGC-1,0
GGCAGCGGTAATCCTA-1,0
GGCATACAGGTAGCGG-1,4
GGCATATCGGTTCTGC-1,11
GGCATCAACGAGCACG-1,1
GGCCACAAGCGATGGC-1,1
GGCCCTCACCCACTTA-1,4
GGCCGAGACTCTGGTG-1,2
GGCCGGCGTCTGCTAT-1,4
GGCCGTTTGGGTTTCA-1,2
GGCCTGCTTCTCCCGA-1,8
GGCGAAATCTAACTTG-1,4
GGCGAGCATCGAGGAC-1,1
GGCGAGCGAAACGGCA-1,5
GGCGCAGGACATCTTC-1,4
GGCGCATGAATTGATG-1,5
GGCGCGGAGATCTTTC-1,11
GGCGCGTTCGAGTTTA-1,5
GGCGCTCCTCATCAAT-1,0
GGCGCTTCATTCCCTG-1,4
GGCGGAGTAATATTAG-1,5
GGCGGTAGGATCATTG-1,5
GGCGGTTTGCCGGTGC-1,1
GGCGTACCCTATATAA-1,1
GGCGTAGGGAAAGCTG-1,11
GGCGTCCTATCCGCTG-1,4
GGCTAAAGGGCGGGTC-1,0
GGCTACTATACACTCC-1,2
GGCTATTAAGTTGTAT-1,4
GGCTCCTCCACCTGTT-1,2
GGCTCGCGTTGAGGTA-1,11
GGCTCGTGCCACCAGC-1,0
GGCTCTGCTCCAACGC-1,4
GGCTGAAATAGCAAAG-1,4
GGCTGAGCATCGTAAG-1,18
GGCTGGCTAGCTTAAA-1,1
GGCTTTCAATAAGGGT-1,5
GGGAACCACCTGTTTC-1,1
GGGAACGGGAGGTTAG-1,5
GGGAACGGTTTCAGAT-1,2
GGGAAGACGGTCTGTC-1,4
GGGAAGGGCTTTCTCA-1,0
GGGAATGAGCCCTCAC-1,0
GGGACAGAGTTACTCC-1,2
GGGACCCGTATATCTT-1,5
GGGACTGCATAGATAG-1,5
GGGAGAACTCACAGTA-1,5
GGGAGGATGCCCGAAA-1,5
GGGAGTAATGGCTGGC-1,18
GGGAGTTAATGAGGCG-1,5
GGGATGGACCCGCGTC-1,2
GGGATGGTCGTAACCG-1,2
GGGATTTACCGCACCT-1,4
GGGCAACCGCACGTGC-1,2
GGGCAGAGCAATCGTT-1,5
GGGCAGGATTTCTGTG-1,2
GGGCCATTCGTGCTGG-1,2
GGGCCCGTCTTAAACA-1,5
GGGCCCTACGAAAGGG-1,4
GGGCCGGCCGAAGTAC-1,4
GGGCCTAAATGGGCTA-1,4
GGGCGATATGTGTGAA-1,5
GGGCGGCAAATGAATT-1,2
GGGCGGGTTCCCTACG-1,5
GGGCGGTCCTATTGTC-1,18
GGGCGTACATTTATAT-1,4
GGGCGTCACCACGTAA-1,2
GGGCGTCCACTGGCTC-1,0
GGGCGTGGTTTCCCAG-1,4
GGGCGTTTACATTCAT-1,2
GGGCTATGATCGATGG-1,5
GGGCTCATCGAACCCA-1,4
GGGCTGCCTAGGGCGA-1,5
GGGCTGGTTAGTCGCG-1,5
GGGTAATGCTGTGTTT-1,1
GGGTACACTCTGGAGG-1,1
GGGTACCCACGGTCCT-1,18
GGGTACTTCATGAACT-1,5
GGGTATGTATGCACTT-1,11
GGGTATTCTAGCAAAC-1,2
GGGTCACCGTGACGGT-1,5
GGGTCACGTGCTTATG-1,30
GGGTCAGGAGCTAGAT-1,5
GGGTCATGCGTACCAT-1,0
GGGTCGTGGCAAGTGT-1,0
GGGTCTATCGCTTTCC-1,8
GGGTGACACCTTAACT-1,5
GGGTGCATATGAAAGC-1,18
GGGTGGTCCAGCCTGT-1,0
GGGTGTTTCAGCTATG-1,11
GGGTTAACATTTGAGT-1,2
GGGTTCAGACGAACAA-1,0
GGGTTTAGGATAGGAT-1,0
GGTAAATGTGCGTTAC-1,0
GGTAACCGGGAGGATA-1,2
GGTAACTATGTATCTG-1,0
GGTACAAACATGCTAT-1,5
GGTACATCTGGGACGA-1,4
GGTACCATTAAGACGG-1,0
GGTAGAAGACCGCCTG-1,5
GGTAGACCGTTGGGCG-1,5
GGTAGTGCTCGCACCA-1,5
GGTATAGTGACACATA-1,18
GGTATTGCCGAGTTTA-1,5
GGTCAAGACTACTTCG-1,0
GGTCACGTTAGATTCA-1,1
GGTCAGTGGGTCCCAC-1,5
GGTCCTTCATACGACT-1,1
GGTCGGATAAACGGCG-1,0
GGTCGGCCAGGAGCTT-1,4
GGTCGGTAATTAGACA-1,18
GGTCGGTCGTCCACAG-1,5
GGTCGTAAGCTCGCAC-1,5
GGTCTCCGTCCAGGTT-1,0
GGTCTCTGAATGGACT-1,2
GGTCTGAGAATCTGGA-1,4
GGTCTTGAGCGCTCTT-1,5
GGTGAAACCGGGAATG-1,1
GGTGAACGGGCTAGCC-1,1
GGTGAAGTACAGGGAT-1,2
GGTGAGATGCAGATAA-1,0
GGTGATAAGGAGCAGT-1,4
GGTGATTTCATCTTGT-1,18
GGTGCAGAGCCTATCG-1,18
GGTGCATAAATGATTA-1,5
GGTGCGGATAAGTGGC-1,0
GGTGCTGATCACAAAG-1,0
GGTGCTGGTACACATT-1,5
GGTGGACCACGTGTTA-1,30
GGTGGACTGCTCTGGC-1,4
GGTGTAAATCGATTGT-1,5
GGTGTTCTGTTTCTAC-1,0
GGTTACCACCCTCGGG-1,5
GGTTAGCTATATGTCT-1,4
GGTTAGGCTTGGAGAA-1,4
GGTTAGTTACGGCGCC-1,0
GGTTCCACCCGCTTCT-1,0
GGTTCTACTCGTCTGA-1,0
GGTTGTATCGTGAAAT-1,1
GGTTGTGTAGCCTGGC-1,11
GGTTTAATTACCATCG-1,2
GGTTTACAATCTCAAT-1,4
GGTTTAGCCTTTCTTG-1,0
GGTTTCAATCGGTCAG-1,4
GGTTTGAGTGCTGGAA-1,0
GGTTTGTGACCTGAGG-1,0
GTAACATCTAAGATAA-1,0
GTAACTGCCCAAGGAG-1,5
GTAACTTGCGGCAGTC-1,18
GTAAGCGGGCAGTCAG-1,4
GTAAGGATTTGTCGGA-1,0
GTAAGTAACAGTCTGG-1,4
GTAAGTAGGGTATACC-1,4
GTAATAAAGGGCTCCC-1,0
GTAATCTGATTCTTCG-1,2
GTACACTTACCTGAAG-1,5
GTACAGAGGCAAGGGT-1,4
GTACGACGGCGCTGCG-1,1
GTACGAGATTGCGACA-1,4
GTACGCTTCATTGCAC-1,5
GTACGTCACGTATTAA-1,30
GTACGTTTGCCCGTCA-1,5
GTACTAAGATTTGGAG-1,4
GTACTCCCTTATCGCT-1,4
GTACTCCTGGGTATGC-1,0
GTACTGAGGTCGTAAC-1,0
GTACTGCATGAAGCGT-1,18
GTACTGGAGTTAGACC-1,4
GTACTTGGGCACTTCT-1,0
GTAGAAACGGGTGGAG-1,0
GTAGACAACCGATGAA-1,0
GTAGACACGCCTGACT-1,5
GTAGACGTCGTTACAT-1,0
GTAGAGGGAGACAAGT-1,2
GTAGCCAAACATGGGA-1,5
GTAGCGCTGTTGTAGT-1,18
GTAGCGGCTATACACT-1,5
GTAGCTAGTAAGCGCG-1,0
GTAGCTCCGGGAGGCT-1,2
GTAGCTTCCTCTTGTT-1,4
GTAGGTGATCCGTGTA-1,11
GTAGTCGCGGGAATCA-1,4
GTAGTCTACGATATTG-1,4
GTAGTTCGAAGGCGAA-1,2
GTATAATCTCCCGGAT-1,1
GTATAGGACTCAGTAG-1,4
GTATAGTGGCCCATGT-1,0
GTATATGTTACGGCGG-1,1
GTATCAAACGTTAGCT-1,0
GTATCAGCTTGGGTTC-1,0
GTATCCTTTGGTAACC-1,0
GTATCGGGACGAGCTG-1,1
GTATCTCAGTCTTGAC-1,2
GTATCTCCCTAACTGT-1,1
GTATCTTGTTGCTCAC-1,1
GTATCTTTCATAACCA-1,5
GTATGAAATTTCACTC-1,2
GTATGACGTGGGAAAC-1,1
GTATGTGGGTCTAGTT-1,4
GTATTAAGGCGTCTAA-1,0
GTATTCTGAGAAACGA-1,2
GTATTTAATGGCATAA-1,8
GTCAAAGAAGTGGTGT-1,2
GTCAAAGTTTACATAG-1,18
GTCAACCAGGCCTATA-1,0
GTCAAGCGGACTCGGG-1,5
GTCAATTGTACTGAAG-1,1
GTCACAAAGTTTCCAA-1,0
GTCACCTGTCTATGTC-1,18
GTCACTCTCCAAATCT-1,0
GTCAGAATAGTCTATG-1,4
GTCAGTTGTGCTCGTT-1,0
GTCAGTTTGGTAGTCG-1,0
GTCATCTCCTACAGCT-1,1
GTCATGCACCTCCGTT-1,5
GTCATGCGCGAGGGCT-1,0
GTCATGGACATGACTA-1,4
GTCATTAGAGCGAACG-1,5
GTCATTGCATTGACCC-1,11
GTCCAATATTTAGCCT-1,5
GTCCATTACTGCTACG-1,0
GTCCCAACGTAAAGTA-1,5
GTCCCGCGACGTTATG-1,4
GTCCGGACCTGAAATT-1,11
GTCCGGCTGAATTGCG-1,4
GTCCTACAGGCGGCTC-1,0
GTCCTACGAATAGTCT-1,11
GTCCTAGGATACCTTA-1,2
GTCCTTCTAGTGGGTT-1,0
GTCCTTTAATGACTTC-1,30
GTCGAATTTGGGCGCT-1,2
GTCGCCGTTGTGTGTT-1,2
GTCGCGTAACCCGTTG-1,5
GTCGGATATCTCAGAC-1,4
GTCGGATGTAGCGCGC-1,11
GTCGGGAAGCAGAAAC-1,5
GTCGTACCATCTCGGG-1,5
GTCGTATTGGCGTACA-1,0
GTCGTCAATTATAAGG-1,0
GTCGTGTCTGGTCATC-1,0
GTCGTTATTCGCTTAT-1,4
GTCTACTCAATTACAA-1,4
GTCTAGTGAGCCGCTT-1,0
GTCTATCTGAGTTTCT-1,5
GTCTATTGGTTCCGGT-1,11
GTCTCAAGGCCCGGCT-1,5
GTCTCCTGCCAGTATG-1,2
GTCTCGACTAAGTTTG-1,18
GTCTCGATCTGCTTTC-1,4
GTCTCGCCAACACGCC-1,18
GTCTGGGCGGTCGAGA-1,2
GTCTGTAGGTTGAACA-1,2
GTCTTAGTACAGCCGG-1,0
GTCTTGAGGAGCAGTG-1,8
GTCTTGTAGCTATTCA-1,0
GTGAAACGGCGCCACC-1,4
GTGAAACGTGCTCCAC-1,18
GTGAACTCCCATTCGA-1,0
GTGAAGATTTCAAGTG-1,0
GTGAAGCCGTATAGTC-1,0
GTGAAGTCACGACTCG-1,5
GTGACAGCTTCCCACT-1,4
GTGACCGCACACTACG-1,4
GTGACGAGGGTGACCC-1,18
GTGACGCAGGTTTCAT-1,4
GTGACTTCAGTAGTGC-1,2
GTGAGATAACCTTATA-1,2
GTGAGCGTGCTGCACT-1,4
GTGAGGACACTTAAGG-1,5
GTGAGGAGCGGTTGAG-1,0
GTGAGTGGTACAACGC-1,5
GTGATCAAGCGTGCAC-1,2
GTGATCACTAACGCCT-1,0
GTGATCATAGATCTGC-1,5
GTGATCCTTGTCATGA-1,11
GTGATGCACAACATCT-1,0
GTGATTCGCCGCTCAA-1,2
GTGCAACAAATGTGGC-1,0
GTGCACCAGCTTCAAC-1,5
GTGCACGAAAGTGACT-1,11
GTGCCATCACACGGTG-1,5
GTGCCCGTTCGGATTC-1,4
GTGCCGCTTCAAAGGT-1,2
GTGCCTAGCTATGCTT-1,1
GTGCCTCAGTGTACGG-1,0
GTGCGAAATCGAACAC-1,2
GTGCGACAGGGAGTGT-1,0
GTGCGCAGCTTGCTCC-1,1
GTGCGCTTACAAATGA-1,1
GTGCGGGACCATCGGC-1,1
GTGCGGGTCTCCAAAT-1,4
GTGCGTGTATATGAGC-1,4
GTGCTCAAGTACTGTC-1,5
GTGCTTACATCAGCGC-1,8
GTGGAACCTACATGCG-1,0
GTGGACCAACCCGATT-1,5
GTGGACGCATTTGTCC-1,5
GTGGACGTGCTGAGAC-1,0
GTGGAGCGTTTACCGA-1,2
GTGGAGTCGGCGGTTG-1,2
GTGGCAAACAGCGGCA-1,2
GTGGCCGGTTTCTCGG-1,2
GTGGCGGGCCGTAGCT-1,18
GTGGCGGTCCCAGCGT-1,4
GTGGCGTGCACCAGAG-1,30
GTGGGAAGACTGAATC-1,5
GTGGGCTTAGACACAC-1,4
GTGGTATAGTCTGCCG-1,2
GTGGTCAGCGAAGTAT-1,0
GTGGTGGCCAAGTGAA-1,4
GTGGTTACTTCTTTCG-1,0
GTGGTTTCCGCCTTTC-1,5
GTGTACCTTGGCTACG-1,4
GTGTATATCAGCGGGC-1,4
GTGTATGACTTTAAAG-1,1
GTGTCAGTGTACGTGG-1,2
GTGTCCGATAAGGCAT-1,18
GTGTCGTATAGCGTTC-1,4
GTGTGAATAACTTAGG-1,4
GTGTGAGCCGAGGTGC-1,1
GTGTTACTATGCGTCC-1,5
GTTAAAGTAGGACTGG-1,4
GTTAACATCACTTAAA-1,4
GTTAACTATGTTGTCA-1,0
GTTAAGGGTGCGATGT-1,4
GTTAAGTTAGAGTGGG-1,8
GTTAATGTCTATCTTA-1,0
GTTACAATTGGTGACG-1,5
GTTACCTACAACTTGC-1,5
GTTACGAAATCCACGC-1,1
GTTACTTTGGGCCTAG-1,5
GTTAGAGTGTGCCGCT-1,0
GTTAGCCCATGACATC-1,4
GTTAGCCGTAAATCAA-1,0
GTTAGGCTACCCGTTT-1,2
GTTATAATACGGTGAA-1,0
GTTATATTATCTCCCT-1,5
GTTATCACCTTCTGAA-1,18
GTTATTAAATACGACC-1,0
GTTATTAACGTGGGAG-1,0
GTTCAATCTATGTCAA-1,0
GTTCACAGGAGTCTAG-1,4
GTTCAGTCGCCAAATG-1,5
GTTCATCGTTTGGCTG-1,0
GTTCCAAGACAGCGAC-1,1
GTTCCAGTCTGACCAT-1,11
GTTCCGTCCGCCTGCA-1,2
GTTCGCCATAAGTGCC-1,5
GTTCGCTGAGACGTCT-1,0
GTTCGGATCGGGAACA-1,0
GTTCGGGCGTACCATT-1,0
GTTCGTCTAAAGAACT-1,11
GTTCGTTGCGGACCAG-1,1
GTTCTTCCCTCGATGT-1,0
GTTGAACCGGTTCCAT-1,5
GTTGAGTCCCGCCGGT-1,4
GTTGCACGGAGTTTCG-1,4
GTTGCGGACGGTCAGG-1,8
GTTGGATTCAGTGGCT-1,0
GTTGGATTGAGAACAC-1,4
GTTGGATTTGCGTTGG-1,5
GTTGGTCATGCTATCC-1,5
GTTGTCGTGTTAGTTG-1,0
GTTTACGTTCCATCTG-1,5
GTTTCAAACGAGTTGT-1,0
GTTTCATATCGTCGCT-1,5
GTTTCCTGGAGGGTGA-1,4
GTTTCTGCAGTCTCCC-1,5
GTTTGACCAAATCCTA-1,5
GTTTGAGCGGTTATGT-1,1
GTTTGGCCCAAGTTAT-1,4
GTTTGGCCGCTCAGCG-1,18
GTTTGGGCTTGTGAGC-1,5
GTTTGGGTTTCGCCCG-1,0
GTTTGGTAGGGTCAAC-1,5
GTTTGGTGATCGGTGC-1,2
TAAACCCAGGAGGGCA-1,2
TAAAGAGCCCGAAACC-1,0
TAAAGCGGTATTTCCA-1,5
TAAAGCGTTAGGAGAA-1,4
TAAAGCTGCAATAGGG-1,0
TAAAGGAGAAACTAGT-1,18
TAAATGAATCCGTTTC-1,0
TAAATGCCGTCTCATG-1,18
TAAATTTAGTAACACC-1,2
TAACAAAGGGAGAAGC-1,0
TAACAATATTTGTTGC-1,0
TAACAGCGTTTGTGCT-1,2
TAACATACAATGTGGG-1,5
TAACATACACGCGATC-1,2
TAACCGCCCGCAGTGC-1,0
TAACCTACCGTCCGAG-1,0
TAACCTAGGGAGTCCA-1,0
TAACGCTTTGAGAGCG-1,11
TAACTATCGAAGGTCC-1,11
TAACTATTACGCCAAA-1,0
TAACTCATCCGCGCGG-1,2
TAACTCCATGGAGGCT-1,0
TAAGAGGGACAGGGAC-1,2
TAAGATTTAGCGGGAG-1,1
TAAGCAGGCGACACGC-1,4
TAAGCGCGAATCAAAT-1,2
TAAGGAACTTGTGGGA-1,0
TAAGGCAACATAAGAT-1,4
TAAGGCATAACATCAA-1,2
TAAGGCCCGTCACCCT-1,4
TAAGGCTGAATCCCTC-1,0
TAAGGGCCTGTCCGAT-1,0
TAAGGGCTGGGAGAGG-1,4
TAAGTAAATGTGCCGC-1,18
TAAGTAACATCTTGAC-1,2
TAAGTCGCCGAGTATC-1,2
TAAGTTGCGACGTAGG-1,0
TAATAAACAAGGAGAT-1,0
TAATACACAGTAGTAT-1,4
TAATAGAACAGAGTTA-1,2
TAATAGGTCACCAGAA-1,2
TAATAGTGACGACCAG-1,4
TAATATTGAAATTCGC-1,0
TAATCGATCCGTACGT-1,11
TAATGAAAGACCCTTG-1,0
TAATTACGTCAGTAGA-1,0
TAATTAGATGGATATG-1,1
TAATTAGGACATCCGT-1,0
TAATTGGAATCGGGAA-1,0
TACAAATTGCGGAGGT-1,18
TACAACGCACAACTCA-1,5
TACAAGCTGTTCACTG-1,1
TACAAGTCTCGTGCAT-1,4
TACAGAAACGGTGGGC-1,11
TACATAGGCATACACC-1,5
TACATCCCTATCCCTG-1,5
TACATTTCTAACGTGC-1,5
TACCAAATAGCCCAGA-1,5
TACCAATAAAGTACCA-1,4
TACCAGAAGTAGGTTC-1,2
TACCAGCTAGGTTTAA-1,0
TACCAGGAATCCCGTC-1,2
TACCGCGGACTTGCAG-1,0
TACCGGCTCACTGCCC-1,5
TACCGGTCGTTTCCAT-1,5
TACCGTAGGTTAACTA-1,5
TACCGTGCCTCGGACC-1,5
TACCTACTCCCAGTAT-1,5
TACCTCACGCTTGTAC-1,11
TACCTCAGTTGTCTGT-1,5
TACCTCCACACCAATG-1,2
TACCTGCTGCACTGTG-1,11
TACCTTAAGATTTCCC-1,2
TACGAACACGACTTCA-1,5
TACGACGCTTGCTGCG-1,5
TACGACTGCCTCTTAG-1,5
TACGAGAACTTCACGT-1,5
TACGATGTTGATCATC-1,4
TACGCAGTTCTTTCCT-1,5
TACGCCATATTCTAAT-1,5
TACGCCGAGGGTACCC-1,2
TACGCCTCCATTCCGA-1,5
TACGCTATAGAAACCT-1,0
TACGCTCGGTATTGGA-1,8
TACGCTGCTGTGTTAA-1,2
TACGGGATGCTAGCAG-1,4
TACGTAAAGCGGAGTG-1,0
TACGTACTAGTGCTGA-1,2
TACGTGCACTATGCTG-1,0
TACGTTTACCGGCAAT-1,5
TACTATGGTTCCTCAG-1,2
TACTCCTCTAGTTGAC-1,2
TACTCGGCACGCCGGG-1,4
TACTCTCCGAACAAAT-1,4
TACTCTTACTTTACTG-1,8
TACTCTTTCGTCTTCA-1,2
TACTGAACAGATTTAG-1,2
TACTGAGGGAAGAAAG-1,2
TACTGCAATCAATTAC-1,0
TACTGGACAGCTCGGC-1,4
TACTGTTTCTCTGGTA-1,8
TACTTGTTAGTAGTCC-1,4
TACTTTACTGAGCCGG-1,0
TACTTTCCGCACGCCA-1,5
TAGAAACCACTAAGTA-1,0
TAGAAAGGTGGCGCTA-1,4
TAGAAATTCACGTATA-1,4
TAGAATAGCCGATGAA-1,0
TAGAATTAAGGGCAAC-1,0
TAGACGAAACGCCAAT-1,4
TAGACGCCCGTACCGG-1,4
TAGACTACCTAGCGTT-1,0
TAGAGATCATGCAACT-1,5
TAGAGCTACGAAGAAC-1,0
TAGAGGTTCTACTTGT-1,0
TAGAGTCTAAGCGAAC-1,5
TAGATATGGACTGGAA-1,5
TAGATCCGAAGTCGCA-1,0
TAGATGGTTCCTTACT-1,0
TAGATTCAAAGTGCGG-1,2
TAGATTCCTGGTTATT-1,4
TAGCAACCTGTCACAA-1,0
TAGCAGTATGACTAAA-1,0
TAGCCAGAGGGTCCGG-1,1
TAGCCATTTCAAAGTC-1,4
TAGCCGGCGGTCAGCG-1,4
TAGCGTCCCTCGATTG-1,0
TAGCGTCCGGTGTGGT-1,4
TAGCGTTGGGTCTTAC-1,5
TAGCTAAGTCCGGGAG-1,5
TAGCTAGAAGGCATGA-1,2
TAGCTAGTGATGATGG-1,2
TAGCTCGCCTGATAAC-1,5
TAGCTGATGTGAAGCG-1,4
TAGGAACAGCCTCCAG-1,0
TAGGCATGTTACGCCA-1,4
TAGGCCTATATAGTCT-1,2820
TAGGCGATGAGGTCTC-1,2
TAGGCGGCTGCAAAGA-1,2
TAGGCTAAAGTGGCAC-1,0
TAGGGAGCTTGGGATG-1,0
TAGGGTGTTTCAAGAG-1,4
TAGGTCCAAGTAAGGA-1,11
TAGGTCGCCGGAACTG-1,0
TAGGTGACGATAACCT-1,4
TAGGTGAGCCCTACTC-1,4
TAGGTGCTCGCCTAGC-1,4
TAGGTGTTCCACAGAT-1,5
TAGGTTCGAGTTCGTC-1,5
TAGTACCACAACTTTC-1,2
TAGTACCTTAGTGGTC-1,0
TAGTAGCTTATACCAG-1,2
TAGTCCCGGAGACCAC-1,5
TAGTCCGCAGAGAATG-1,5
TAGTCCGTATGCATAA-1,1
TAGTCGATCACGGGTT-1,0
TAGTCTAACAACGAGA-1,5
TAGTCTGCGGCACATT-1,2
TAGTCTGTGACGTTGC-1,0
TAGTCTTTCCGAATTG-1,8
TAGTGCCCTCCAGAGT-1,5
TAGTGGAACTCATACA-1,0
TAGTGTCAGAAACGGC-1,0
TAGTTAAGATAGGATA-1,0
TAGTTTATTCTTGCTT-1,0
TATAAATCCACAAGCT-1,11
TATAAGTGAGGATAGC-1,11
TATACACAGACGCCTT-1,5
TATACACGCAAAGTAT-1,0
TATACCGAGTGCCACA-1,8
TATACGCGTCATCACT-1,5
TATACTCATGCGGCAA-1,0
TATAGAGTCGCTTGAA-1,2
TATAGATGGTCGCAGT-1,0
TATAGGGTACTCATGA-1,4
TATATAGGGCTTTACG-1,2
TATATATCGAGAAATG-1,2
TATATCAAAGTGATCT-1,2
TATATCCCTGGGAGGA-1,0
TATATTACAAATGTCG-1,0
TATATTCGCGTCGATA-1,0
TATCACAGCACGGGCA-1,18
TATCACCATGTAAAGT-1,0
TATCACCCAACCGACC-1,0
TATCACTTCGAGTAAC-1,0
TATCAGTGGCGTAGTC-1,2
TATCCAATTGGTTATC-1,4
TATCCATATCATGCGA-1,11
TATCCATCTCGGTTAG-1,2
TATCCGCACCGTCGGG-1,5
TATCCTATCAACTGGT-1,5
TATCCTGCATGGGAAT-1,0
TATCGATCTATGCATA-1,4
TATCGATGATTAAACG-1,4
TATCTACAGAGGTAAT-1,11
TATCTACCACAGCGGG-1,5
TATCTAGCCTAAAGGA-1,11
TATCTGAGCCGATATT-1,2
TATCTTGCAATACAAC-1,2
TATGAAGACAGGTGCG-1,11
TATGATAAATCTAACG-1,0
TATGATCCGGCACGCC-1,18
TATGATCTTCTCTTTA-1,0
TATGATTCTGCTTGGT-1,1
TATGCTCCCTACTTAC-1,4
TATGGAGTTTCTCGTT-1,1
TATGGATGTGCTACGC-1,4
TATGGCCCGGCCTCGC-1,4
TATGGGACCGAGCAGG-1,5
TATGGGTACGTATCGT-1,5
TATGGTCTGAGTAACA-1,5
TATGGTTAGTGGGAGA-1,0
TATGTAAAGTGCTTAA-1,2
TATGTAGAAACCCGGC-1,2
TATGTCAAGACCGACT-1,0
TATGTCTCATTGTGCC-1,4
TATTAACACCAAAGCA-1,2
TATTAACCTGACCGCG-1,2
TATTACCATCCTGCTT-1,11
TATTATGTTTGCCTGC-1,2
TATTCAATTCTAATCC-1,5
TATTCCACTCAGCTCG-1,5
TATTCCGAGCTGTTAT-1,4
TATTCCGGCAGTCCTA-1,18
TATTCCTCCGCCCACT-1,2
TATTCGTGCCAGAATA-1,5
TATTTAGTCTAGATCG-1,11
TATTTATACCGAGTAG-1,11
TATTTGATTTGCACAG-1,8
TATTTGTTACCCTTTA-1,4
TCAAACAACCGCGTCG-1,4
TCAAACTTAGATTGTT-1,5
TCAAATTTGAGACTCA-1,5
TCAACAAAGATAATTC-1,2
TCAACACATTGGGTAA-1,18
TCAACATAGCGCCCTA-1,2
TCAACATCGACCGAGA-1,5
TCAACCATGTTCGGGC-1,4
TCAACGAGGAGACAAA-1,5
TCAACGCAGGAAATAA-1,2
TCAACGCGACCGGCAG-1,4
TCAACTAACGTATAAC-1,11
TCAACTGCAGAGTCAG-1,0
TCAAGAAATACTAGCT-1,0
TCAAGCGCGGACGGTA-1,8
TCAAGGTTACTACACC-1,0
TCAATACGCCGTCATG-1,5
TCACAAACCGAGGTAC-1,0
TCACAGATCCTCAAAC-1,1
TCACAGCAAACTCGAA-1,2
TCACAGGAGAATAAGA-1,2
TCACAGGGAATCGCAA-1,4
TCACAGGTTATTGGGC-1,5
TCACATCTTATCTGAT-1,0
TCACCCTCTTAAGATT-1,5
TCACCGCTCGGCACTC-1,11
TCACGATGTCCGTGGA-1,2
TCACGCATTGTAGATC-1,5
TCACGGCCCAAGAGAG-1,2
TCACGGTCATCGCACA-1,4
TCACGTGCCCGATTCA-1,5
TCACTACGACCAATGC-1,0
TCACTATCGTGCAATC-1,1
TCACTCAGCGCATTAG-1,1
TCACTCGTGCAACGGC-1,0
TCAGAACCTCCACAGG-1,0
TCAGACGCTATAGAAG-1,5
TCAGCAAATGCATCTC-1,5
TCAGCAGTAGGCCCTG-1,2
TCAGCCAATCCGTAAA-1,0
TCAGGGCGCAAACTCG-1,0
TCAGGGTGCACGAAAC-1,0
TCAGGGTGTAACGTAA-1,5
TCAGGTTCTTTGAGAA-1,4
TCAGTACTGACCCGCG-1,4
TCAGTAGGGACTATAA-1,2
TCAGTGTATACGTCAT-1,2
TCAGTTACGGAATGAT-1,0
TCATACTTACAGATCC-1,0
TCATATGAGCTTTGTT-1,5
TCATCACTCGAGCTCG-1,0
TCATCCCAGAGGGTGG-1,0
TCATCGATGGTCCCAA-1,2
TCATGCAGGTTCTCAT-1,11
TCATTTAAGTCTCCGA-1,0
TCATTTAGAAGTGTGA-1,0
TCCAACTCAGCTATCT-1,0
TCCAACTTTAAATTCT-1,5
TCCAAGCCTAGACACA-1,4
TCCAATAAAGGCTACC-1,5
TCCACAATGGTTTACG-1,4
TCCACATCGTATATTG-1,5
TCCACCTCTAGCCTTT-1,5
TCCACTTTATCTAGGT-1,4
TCCAGAGCACCGGTTC-1,5
TCCAGCGCTATAAGCG-1,8
TCCAGGCGAGTACGGT-1,5
TCCAGGGTATATACGA-1,5
TCCATCAATACTAATC-1,2
TCCATTAGTTGGATAG-1,1
TCCATTGTGACCTCGT-1,0
TCCCAAACAGACAACG-1,18
TCCCAAAGACGAAGGA-1,4
TCCCAAAGCCCTAAAT-1,8
TCCCACGGAGGGAGCT-1,18
TCCCACTCTCTTCCGG-1,0
TCCCAGCTTTAGTCTG-1,5
TCCCAGGCTTAGCTAA-1,4
TCCCGCGTACTCCTGG-1,5
TCCCGGGTGTGCTGCT-1,4
TCCCGGTCAGGAATTT-1,1
TCCCGTCAGTCCCGCA-1,4
TCCCGTGTGCAATTTG-1,4
TCCCTAGATCAATAGG-1,18
TCCCTGGCGTATTAAC-1,2
TCCCTGGCTCGCTGGA-1,4
TCCCTTAGATTACTCG-1,11
TCCGAACTTGGCTTAC-1,4
TCCGAAGTAGTCACCA-1,18
TCCGAATGGTCCTGAG-1,18
TCCGACCGCTAATCAA-1,2
TCCGAGAAGGCTAAGC-1,1
TCCGATAATTGCCATA-1,4
TCCGATGACTGAGCTC-1,4
TCCGATGGTGCGACAT-1,4
TCCGATTACATTGCCG-1,4
TCCGCCTGTCTACAAG-1,4
TCCGCGGCAGCATCTG-1,4
TCCGCGGCCCAATGAA-1,0
TCCGCTGTCATCCCGG-1,4
TCCGCTTATCCCATTA-1,5
TCCGGAGGAAGGGCTG-1,18
TCCGGCCTAGCGTACA-1,0
TCCGGCCTGCATCGAT-1,0
TCCGGGCTTGACGGGA-1,0
TCCGGTTCGTCCGGTC-1,5
TCCGTAACCACAATCC-1,0
TCCGTTAAGCTAATAT-1,0
TCCGTTTAGCCTTGAA-1,4
TCCTAAATTGGGAAGC-1,5
TCCTAACCGTCGGGCA-1,2
TCCTACATCCACGGCC-1,4
TCCTAGCAAAGAAGCT-1,5
TCCTCCTAAGACATTC-1,5
TCCTCGGGCTGGGCTT-1,5
TCCTCTACGAGATGGC-1,11
TCCTCTCCAGTTGTCC-1,11
TCCTCTGGCCCATTAG-1,0
TCCTGCCAACTGGAGA-1,0
TCCTGCGTTGATACTC-1,5
TCCTGGCGCTGCCTGG-1,18
TCCTTACGACGGTCCG-1,0
TCCTTCAGTGGTCGAA-1,0
TCCTTGTCCTTTAATT-1,4
TCCTTTAAATCCGCTT-1,0
TCCTTTCTTACGCTTA-1,5
TCGAAATTTAGGACCA-1,4
TCGAAGAACCGAGCAC-1,0
TCGAATATCCCGCAGG-1,2
TCGACAACTGAACCCG-1,2
TCGAGACCAACACCGT-1,5
TCGAGCCAGGCAGGCC-1,2
TCGATAGGCTAGTCGC-1,18
TCGCAAAGATGCATTT-1,5
TCGCACCAGGAGGCAG-1,4
TCGCATAAAGGGCGCA-1,8
TCGCATCCCTAAGTGT-1,0
TCGCATTCAATGACTT-1,1
TCGCCCAACTGACTCC-1,30
TCGCCGAAGTTGCGTC-1,2
TCGCCGACATATTCGC-1,0
TCGCCGGTCGATCCGT-1,4
TCGCCTCGACCTGTTG-1,1
TCGCGTAGCAGTGTCC-1,0
TCGCGTCCAGAAGGTC-1,4
TCGCTAAACCGCTATC-1,11
TCGCTACTGGCTTTGA-1,4
TCGCTCGATATATTCC-1,5
TCGCTCGGCACCAGCG-1,0
TCGCTGGGCGGATTGT-1,5
TCGCTGTGCGTAAATC-1,0
TCGCTTTAAACGTTTG-1,4
TCGGAATGACCATCAA-1,0
TCGGAATGCGCTCTGA-1,4
TCGGACGCCCAGCCCA-1,4
TCGGAGAGTATCGGGA-1,5
TCGGAGTACATGAGTA-1,5
TCGGATCTGGATGACC-1,2
TCGGCGAACCCAAACC-1,0
TCGGCGTACTGCACAA-1,5
TCGGCTAACTTCCCTT-1,0
TCGGCTTGTATCGACG-1,0
TCGGGAACGTGCCTAG-1,0
TCGGGAGACAGCGTAC-1,4
TCGGGATTCAAACATA-1,4
TCGGGCACTTCTGGAT-1,1
TCGGGCCGTCGTGGTA-1,4
TCGGGTGAAACTGCTA-1,0
TCGGTCCCGACAATAG-1,2
TCGGTCCCTGACTCCA-1,0
TCGGTGACCGCTCCGG-1,18
TCGGTTAGCCATGTAG-1,0
TCGTAAGACGACATTG-1,4
TCGTAAGCTCCGAGGA-1,0
TCGTATAGTGCAATTA-1,0
TCGTATTACCCATTGC-1,4
TCGTATTTCGTCCGGA-1,0
TCGTCAAGTACGCGCA-1,2
TCGTCACACTGTTAGC-1,0
TCGTCCGCTGGCGTCT-1,11
TCGTCTTAGGCGTTAA-1,4
TCGTGTACTATGGATG-1,4
TCGTGTATTGGTCACG-1,8
TCGTGTCACGCTGACA-1,5
TCGTGTTCGACCACAA-1,0
TCGTTAGGAGTCCCTA-1,5
TCGTTCGTTATTATGT-1,0
TCGTTGCTATCCGGTC-1,2
TCGTTGGCTCGTCAAT-1,1
TCTAAAGAACAGTCTC-1,2
TCTAACTGTATGTAAA-1,0
TCTAATACTGCCTCAG-1,2
TCTACACGTTCATGCA-1,0
TCTACCCAATAGAGAG-1,0
TCTACCGTCCACAAGC-1,5
TCTAGCAATCTCCGCC-1,5
TCTAGCATCTTCGATG-1,4
TCTAGCATGCCCAGAA-1,5
TCTAGGTGGCGACGCT-1,0
TCTAGTGATATCGTGG-1,0
TCTAGTTATCAGAAGA-1,5
TCTATAGGTGGGTAAT-1,3115
TCTATCATGCAGTTAC-1,0
TCTATCGGTCGCAACA-1,4
TCTATGCTATAACGAC-1,0
TCTATTACGCTGGCGA-1,0
TCTATTACTAGAGGAT-1,4
TCTCATGAGATAGGGT-1,4
TCTCCAACGTAGGTTA-1,4
TCTCCACAAGTTGAAT-1,0
TCTCCCTGGGCAGCGT-1,4
TCTCGAACGAGGTCAC-1,0
TCTCGACGTATCGCCG-1,0
TCTCGAGGAGGTTCGC-1,0
TCTCGGCTCCAGGACT-1,18
TCTCTAATAGCTGGTA-1,4
TCTCTCGCCGCACATA-1,8
TCTCTTACCGCGAACC-1,2
TCTGAACCGGTCGGCT-1,0
TCTGAACTCGTACCCG-1,11
TCTGAAGCACGTGGTC-1,4
TCTGAATTCCGTACAA-1,11
TCTGACTGTAATGGTT-1,1
TCTGAGCAATTGACTG-1,8
TCTGATGTATTCTGTC-1,4
TCTGCATACCTTGCTT-1,0
TCTGCCAGAAACTGCA-1,4
TCTGCGTCCGGTTTCT-1,18
TCTGGGAACCTTTGAA-1,0
TCTGGGTAGCGCTCAT-1,5
TCTGTCATACAAGAGC-1,0
TCTGTGACTGACCGTT-1,1
TCTGTGCCATCATAGT-1,4
TCTGTGGCTACATTTC-1,1
TCTGTTACCCAGCATA-1,2
TCTTACAGAGGTACCG-1,0
TCTTACCGGAACTCGT-1,11
TCTTACGGCATCCGAC-1,11
TCTTACTTATGCCTCT-1,11
TCTTAGAGCTCCAATT-1,0
TCTTAGAGTGAACTCT-1,0
TCTTATGGGTAGTACC-1,1
TCTTCCCATGGGCACA-1,0
TCTTCGAATAGACGTT-1,5
TCTTCGATACCAATAA-1,5
TCTTCTATAACCCGCC-1,0
TCTTGATGCGTAGCGA-1,5
TCTTGCTCCCGATACT-1,5
TCTTGGTAACACCAAA-1,4
TCTTTAAGACTATGAA-1,0
TCTTTAGAGTCTAACA-1,8
TCTTTCTCTTAAGGAG-1,0
TGAAACCTCAACTCAC-1,1
TGAAACTTATGCAAGC-1,0
TGAAAGGACCTGACTC-1,4
TGAACAAGCAGGGACT-1,2
TGAATACCGACGCGTA-1,11
TGAATGAGTGTTTCCC-1,5
TGAATGTCAGCCGGCC-1,0
TGACACTTCTCTTTGC-1,0
TGACAGGACAAGTCCA-1,2
TGACATCGAGCGGACC-1,0
TGACATGTAACGTGAC-1,5
TGACCAAATCTTAAAC-1,5
TGACCAGCTTCAAAGT-1,0
TGACCCAACTCACATT-1,1
TGACCCACGTTAGACA-1,5
TGACGAATATTTCCCT-1,5
TGACGATGCACTAGAA-1,11
TGACTATAATCCTTTC-1,5
TGACTCCGAATCATAC-1,2
TGAGAATGCTTTACCG-1,11
TGAGAGATTTACCACG-1,4
TGAGATCAAATACTCA-1,0
TGAGATTAGGCCCTAA-1,0
TGAGCAGTCGTGAAGT-1,1
TGAGCCATACAGTCTC-1,5
TGAGCGGAAAGTGTTC-1,5
TGAGCTTTAATGACGC-1,11
TGAGGAGTGCCAGCTT-1,5
TGAGGCATGTACTGTG-1,2
TGAGGTTGATCCCAAG-1,1
TGAGTAAATTAGCGTA-1,5
TGAGTGCCTCTTAAAT-1,2
TGAGTGGTCCGTGACG-1,4
TGAGTTAAAGACATTC-1,0
TGATACATTTAGCCGT-1,2
TGATAGCGGGATTCTA-1,0
TGATCAGGGAACTGCT-1,5
TGATCCCAGCATTAGT-1,0
TGATCGGTTTGACCCT-1,4
TGATCTACGCTGATCT-1,0
TGATCTCCGGCGCCAG-1,4
TGATGGCTGTTTCTGA-1,18
TGATGGGACTAAGTCA-1,1
TGATGTCAATTAAGTG-1,0
TGATTATGGCACGCAG-1,3210
TGATTCAGGTCCCGCG-1,5
TGATTCCCGGTTACCT-1,5
TGATTCGTCTATCACT-1,4
TGATTCTGTCGCCGGT-1,2
TGATTTATTAGCTGTG-1,5
TGATTTCCTCCTGACG-1,0
TGCAACCCATCTGCGG-1,0
TGCAAGAATGACGTAA-1,5
TGCAATCTAACACGGT-1,0
TGCAATTTGGGCACGG-1,0
TGCACAGTGAAGTTAT-1,0
TGCACGAGTCGGCAGC-1,0
TGCACTATGTGAGTGC-1,18
TGCAGAACTATATCGT-1,5
TGCAGAGTACCGAGCA-1,5
TGCAGATCGTCCTAGG-1,5
TGCAGCTACGTACTTC-1,4
TGCAGGATCGGCAAAG-1,4
TGCAGTGGTAGGGAAC-1,2
TGCAGTTTCCTCCCAT-1,4
TGCATATGTCTGTCAC-1,4
TGCATGGATCGGATCT-1,4
TGCATGTGACCCATAG-1,2
TGCATGTGGTAATCTA-1,4
TGCCAAAGTCAGACTT-1,5
TGCCAATGGGTACTCT-1,5
TGCCACCTGGCGAAAC-1,4
TGCCAGTACGTGGAGA-1,5
TGCCATGGCTTATAAG-1,18
TGCCATTACTAAAGAA-1,4
TGCCCGTACCGTTAAA-1,5
TGCCGGATGTACGAGC-1,2
TGCCGTGGATCGTCCT-1,5
TGCCTAATTGAAGATT-1,0
TGCCTGACATCGGTCA-1,18
TGCCTGATCAAACGAT-1,4
TGCCTTGGCCAGGCAA-1,4
TGCGAATATGGGATTT-1,5
TGCGACACCCTAGTGC-1,2
TGCGACGGCCGAACGT-1,2
TGCGAGAATATTACCC-1,2
TGCGAGCCCTTCCGCG-1,0
TGCGCAAAGCATTTGG-1,5
TGCGCGATTAACGGAG-1,4
TGCGGACTTGACTCCG-1,4
TGCGGAGTAAAGGTGC-1,4
TGCGGCATAGTTCAAC-1,0
TGCGGGTATTGGGATC-1,18
TGCGGTCTACGAGTAA-1,18
TGCGGTGAAATTTCAT-1,0
TGCGTAAGAACCTGAT-1,2
TGCGTCATGACTGAGC-1,2
TGCGTGATTGGGTGTC-1,1
TGCGTTTGTTGACACT-1,5
TGCTAAGTGTCTATTT-1,11
TGCTATACAAACGGAC-1,18
TGCTCCACAGTTCTTA-1,11
TGCTCGGCGAAACCCA-1,5
TGCTCGGTGGGTCACC-1,4
TGCTCTTGAGAGTTTG-1,4
TGCTGGTTGGACAATT-1,11
TGCTGTTGAAGAACTC-1,5
TGCTTAGAGAGAATGC-1,2
TGCTTCCCAAGCAGTA-1,5
TGGAAACGGAGTGAAC-1,1
TGGAACCACTGACACA-1,0
TGGAAGAAGGGAACGT-1,5
TGGAAGACGAACACCA-1,0
TGGAAGGATAAAGATG-1,4
TGGAATATCCTTGACC-1,0
TGGAATTAGACGCTTT-1,0
TGGACCAATCTAAGAT-1,4
TGGACGCAATCCAGCC-1,2
TGGACTGTTCGCTCAA-1,5
TGGAGAATAATCGTCC-1,2
TGGAGCTAAAGTTCCC-1,0
TGGAGTGATGCGATGA-1,4
TGGCAAACTAAATTAC-1,4
TGGCAACTCGCGCGCC-1,4
TGGCAAGCACAAGTCG-1,5
TGGCAATGGGACGGCG-1,0
TGGCACGAGCTCGAGT-1,18
TGGCAGATTACGATCA-1,5
TGGCAGCAGTAATAGT-1,5
TGGCATGAAGTTTGGG-1,2
TGGCCAAACTGAAGTA-1,4
TGGCCAATTTGGTACT-1,5
TGGCCGTATATTGACC-1,4
TGGCGACTGCTCCAAA-1,2
TGGCGATCAAGTTATG-1,5
TGGCGGTGTGCGATTG-1,1
TGGCTACACTCTACCT-1,0
TGGCTATGTGACATAC-1,4
TGGCTCTTGTCGCGTA-1,4
TGGCTTTGGGTAGACA-1,11
TGGGAAATGCCTTTCC-1,0
TGGGATGCACTCATTC-1,0
TGGGCAATAGTTGGGT-1,0
TGGGCACAAACAGAAC-1,18
TGGGCACGTTCTATGG-1,0
TGGGCAGGCCACCGCA-1,8
TGGGCCACAAGAGCGC-1,4
TGGGCCCATACTAATT-1,4
TGGGCCTTGCCTGCAT-1,1
TGGGCGATACAATAAG-1,5
TGGGTAAGGTTCCCGC-1,0
TGGTAAGCAGGATTGA-1,4
TGGTAGAATATATGGG-1,0
TGGTATCGCATCCCAA-1,0
TGGTATCGGTCTGTAT-1,0
TGGTCCCACGCTACGG-1,4
TGGTCTGTTGGGCGTA-1,4
TGGTGATCGTATTTGT-1,0
TGGTTAACTTACATTT-1,2
TGGTTCAACGGGTAAT-1,5
TGGTTCGTAGCAAAGG-1,4
TGGTTGGAGGATCCTG-1,0
TGGTTTAAACGTGGGT-1,18
TGTAACTTGTCAACCT-1,1
TGTAATGACCACAATA-1,4
TGTACCCGACCCTAAT-1,2
TGTACCTACACGAGGG-1,0
TGTACGAACAAATCCG-1,5
TGTACGCTATCAGCTT-1,18
TGTACTGTGCCAAAGT-1,1
TGTAGCCATCCCATTC-1,8
TGTAGGAGAAATTTCC-1,4
TGTAGTGATCTATAAT-1,4
TGTATAACAGATCCTG-1,4
TGTATCCTTATTCCAT-1,0
TGTATGGCGCAGACAG-1,11
TGTATTTACCTAATGC-1,18
TGTCATTTGTTGGGAA-1,0
TGTCCACGGCTCAACT-1,0
TGTCCCGACATAGCAC-1,0
TGTCCGTGGCGCCTTT-1,11
TGTCCTAAGTCACCGC-1,4
TGTCGGCATGGTGGAA-1,1
TGTCGTTATCACATAT-1,2
TGTCTACAGTTTCTGT-1,0
TGTGACTACGCCAGTC-1,4
TGTGAGACTAGCCCAA-1,5
TGTGATTCCAGCGCTT-1,18
TGTGCCGGTGCCGGAA-1,0
TGTGCTTTACGTAAGA-1,4
TGTGGAGGAAGCTTAA-1,1
TGTGGCAAAGCGTATG-1,4
TGTGGCGGGCTTCTGG-1,5
TGTGGCTCCCACCAAC-1,8
TGTGGTTGCTAAAGCT-1,5
TGTGTCGCGAGTTGCA-1,11
TGTGTTCGTATCCAAG-1,11
TGTTATTGTATGTGGC-1,4
TGTTCCGCTTCCATGA-1,5
TGTTCCGGCCTGAGCT-1,5
TGTTCGTATTGCGGTG-1,5
TGTTCTTCCATTGACT-1,5
TGTTGTCAAGAAGTCT-1,4
TGTTTAATACTTCATC-1,0
TGTTTCGGTACTTCTC-1,11
TGTTTCTGAAGCGTGC-1,2
TGTTTGAGATCGTCAG-1,8
TTAAACAGAGTCCCGC-1,1
TTAAACCGGTAGCGAC-1,0
TTAAACCTGGTTCCTT-1,0
TTAAACTCGAATTCAT-1,11
TTAACACCTCGAACAT-1,0
TTAACCAACCCTCCCT-1,4
TTAACGTCGCAAGACC-1,0
TTAACTCACGCGTGGA-1,0
TTAACTTCAGGTAGGA-1,5
TTAAGACGAACGAACC-1,0
TTAAGATAGGATTGAC-1,0
TTAAGCCGACAACTTC-1,0
TTAAGCGCCTGACCCA-1,4
TTAAGGATACGGAGGT-1,1
TTAAGGCCCGTACTTT-1,2
TTAAGTATTGTTATCC-1,0
TTAATCAGTACGTCAG-1,4
TTAATGCGAGGTAACT-1,0
TTAATGTAGACCAGGT-1,5
TTAATTGCTTTGGGTG-1,4
TTAATTTCAGACGCGG-1,11
TTACAACTACGCATCC-1,4
TTACACGATCTGCGAC-1,8
TTACAGACCTAAATGA-1,0
TTACATCGTGGCCTGG-1,0
TTACATGCCACAACTA-1,0
TTACCATTGATTACCC-1,4
TTACCCATTGCCGGGT-1,11
TTACCCTAACAGTCCT-1,0
TTACCCTAGGGATTGG-1,5
TTACCGCCTTAGGGAA-1,1
TTACGGATGGTTCGAG-1,11
TTACGGTGTCACCGAG-1,1
TTACGTAGCGCGTGCT-1,30
TTACTAAAGGACTTTA-1,4
TTACTATCGGCTTCTC-1,4
TTACTCCGGCCGGGAA-1,5
TTACTCTGGTACGTAC-1,5
TTACTGGGATATTTCA-1,5
TTACTGTTTCTCTACG-1,18
TTAGAAGAACATGACT-1,5
TTAGAATAAGGGTCGG-1,2
TTAGACACGATCGTTG-1,0
TTAGACGAGTCACCTC-1,4
TTAGAGTTTAGAAGGA-1,4
TTAGATAGGTCGATAC-1,1
TTAGCAACATGGATGT-1,0
TTAGCTAATACGATCT-1,0
TTAGCTCTGTAATCCG-1,11
TTAGCTGATTTGCCGT-1,11
TTAGGTCATAACCGAC-1,2
TTAGTAAACCTGCTCT-1,0
TTAGTAGGGCGGCGGG-1,4
TTAGTTATTCGTGGCA-1,11
TTAGTTCAAGTGTTCG-1,18
TTATAGATGCACATTA-1,18
TTATAGGTAATTGTCT-1,4
TTATATACGCTGTCAC-1,5
TTATATTTGGCAATCC-1,5
TTATCCAATCGAACTC-1,18
TTATCCGGGATCTATA-1,4
TTATCCTCAAGGAATA-1,2
TTATCGCCTGCGAAGC-1,0
TTATCTGACATTAGGA-1,5
TTATCTGTATCATAAC-1,4
TTATGAATGAAAGGGA-1,5
TTATGACAAACTGGAT-1,4
TTATGATCTTAACGAA-1,4
TTATGCGTCCCGGTCC-1,1
TTATGTTTGCGATAGA-1,0
TTATTAGAGCGTGTTC-1,5
TTATTAGGGAAGCATC-1,0
TTCAAAGTCTCTAGCC-1,5
TTCAACGACCCGACCG-1,11
TTCAAGCCGAGCTGAG-1,0
TTCAATACTCTGAATC-1,4
TTCAATTAGCCATAAT-1,0
TTCACGAAAGGATCAC-1,5
TTCACTCGAGCACCTA-1,5
TTCACTTCCTAGAACG-1,5
TTCAGAGTAACCTGAC-1,1
TTCAGCCCTGGTCCAC-1,4
TTCAGCTGGCGTGCCC-1,0
TTCAGGCGTCAAAGCC-1,4
TTCAGTTCAAGAGGAG-1,2
TTCATAGCCTTGTAAC-1,1
TTCATGGCGCAACAGG-1,4
TTCCAATCAGAGCTAG-1,0
TTCCAATCTGGCTATC-1,2
TTCCACACAGATTTGA-1,2
TTCCACATTTCTCGTC-1,18
TTCCAGACGAGATTTA-1,0
TTCCATCATGCGGTGA-1,0
TTCCATCGACAGCGTG-1,0
TTCCCGACGCTTCACT-1,0
TTCCCGGCGCCAATAG-1,5
TTCCGCAGAGAAATAT-1,0
TTCCGCGTGAGGCGAT-1,5
TTCCGGCCTTGAGGCT-1,2
TTCCGGCTCGACTTCT-1,30
TTCCGGTATCTGTGTC-1,8
TTCCGGTTACCCACTT-1,4
TTCCTCGAGGGTGTCT-1,4
TTCCTCGGACTAACCA-1,4
TTCCTCTGCCCGAATA-1,4
TTCCTTTCTGTGTTGC-1,1
TTCGACAGAGCCCGTG-1,5
TTCGACGGGAAGGGCG-1,4
TTCGCACTCGCGTGCT-1,4
TTCGCACTGTACGACA-1,5
TTCGCATCCGGAAGCA-1,1
TTCGCCGCTCGCGCTA-1,2
TTCGCGCGCCATACGA-1,2
TTCGCTAGGAAGTTGT-1,8
TTCGCTATCTGACGTG-1,0
TTCGGACTGATGCCTT-1,18
TTCGGACTGGGCATGG-1,2
TTCGGCAACCCGCTGA-1,0
TTCGGCTAGAGATGGT-1,0
TTCGGGACTAATCGCG-1,5
TTCGGGCGCTAGTCTT-1,2
TTCGGTACTGTAGAGG-1,5
TTCGTAATCCCAGCGG-1,0
TTCGTACTCCAGAACG-1,4
TTCGTTCAACGAAGTT-1,0
TTCTAACCGAAGCTTA-1,4
TTCTACCTCAATCGGT-1,2
TTCTACCTTTATGTTG-1,0
TTCTACTTGCGAGGGC-1,0
TTCTAGAAAGTCTTAT-1,2
TTCTAGGCCAATTGTG-1,11
TTCTATTAAACGCAGC-1,5
TTCTCTTACAGGTGAT-1,2
TTCTGACCGGGCTCAA-1,4
TTCTGCCGCGCCTAGA-1,5
TTCTGCGAGCGCCCTT-1,4
TTCTGCGGGTTAGCGG-1,4
TTCTGCTAGACTCCAA-1,0
TTCTTAGTGAACGGTG-1,0
TTCTTAGTGGCTCAGA-1,11
TTCTTATCCGCTGGGT-1,0
TTCTTCCCTTTGATAT-1,0
TTCTTCGCAATAGAGC-1,18
TTCTTGAGCCGCGCTA-1,2
TTCTTGCTAGCATCTC-1,0
TTCTTGGACGATCTGC-1,2
TTCTTGGAGTAATGAG-1,4
TTCTTGTAACCTAATG-1,11
TTCTTTGGTCGCGACG-1,0
TTGAAAGGTGTAAAGG-1,0
TTGAACGAATCCTTTG-1,0
TTGAACGACGTGCTGA-1,0
TTGAAGAATTCCCAGG-1,5
TTGAAGGATGGGCGCC-1,2
TTGAATATGGACTTTC-1,5
TTGAATCGTTGTATAA-1,5
TTGAATTCACGTGAGG-1,0
TTGACAGGAGCTCCCG-1,0
TTGACATGAACGTGGA-1,5
TTGACCAGGAACAACT-1,4
TTGACCATGTTCTCCG-1,4
TTGACCGTGTTAATGA-1,2
TTGACGATTCAGCACG-1,0
TTGACGCTCCATGAGC-1,0
TTGACTACCATATGGT-1,2
TTGACTATTGTCCGGC-1,0
TTGAGAAGTTTAGCAT-1,11
TTGAGAGTACTGCTAA-1,2
TTGAGCAGCCCACGGT-1,8
TTGAGCGCCACGTGAT-1,8
TTGAGGCATTTAACTC-1,0
TTGATCTAACTTTGTC-1,4
TTGATGTGTAGTCCCG-1,11
TTGATTAGCTGTTTCT-1,2
TTGATTATGCAGATGA-1,4
TTGCAAGAAGACTCCT-1,5
TTGCACAATTCAGAAA-1,5
TTGCACGGAGCAGCAC-1,4
TTGCATGCTGATCACG-1,5
TTGCCAAGCAGAACCC-1,8
TTGCCATAGCCCGCTC-1,2
TTGCCCTGATCACGGG-1,4
TTGCCGCAGACCTACA-1,2
TTGCCGCTTTCTAGTA-1,4
TTGCCGGTGATCCCTC-1,0
TTGCCTAATCCAAAGT-1,2
TTGCGGCATCAGAAAG-1,2
TTGCGGCGACTCATGC-1,18
TTGCGTAGTTTGAGGA-1,0
TTGCGTCGGCCAACCG-1,2
TTGCGTGAACGCTTAG-1,0
TTGCTAGCTACCAATC-1,1
TTGCTCCCATACCGGA-1,4
TTGCTGAAGGAACCAC-1,4
TTGCTGATCATGTTCG-1,5
TTGCTGCACCTATCCA-1,0
TTGCTGGCCGGGCTTC-1,0
TTGGAAGAATACAGTC-1,2
TTGGACATGTGGCTTA-1,5
TTGGACCATCTGGCAA-1,0
TTGGACCTATAACAGT-1,11
TTGGAGTCTCCCTTCT-1,18
TTGGATATCGTCTACG-1,2
TTGGATCGACTTCTGG-1,0
TTGGATTGGGTACCAC-1,11
TTGGCCATCTTGCGCT-1,0
TTGGCCTAGAATTTCG-1,0
TTGGCTCAATATGTGT-1,3580
TTGGCTCGCATGAGAC-1,11
TTGGGAAGACGAGCCG-1,5
TTGGGACACTGCCCGC-1,5
TTGGGACGTAAGAGTT-1,0
TTGGGCGGCGGTTGCC-1,4
TTGGTCACACTCGTAA-1,2
TTGGTTGCGGTGCGCG-1,2
TTGTAAGGACCTAAGT-1,2
TTGTAAGGCCAGTTGG-1,4
TTGTAATCCGTACTCG-1,5
TTGTATCACACAGAAT-1,0
TTGTCGTTCAGTTACC-1,4
TTGTGAACCTAATCCG-1,11
TTGTGAGGCATGACGC-1,4
TTGTGCAGCCACGTCA-1,4
TTGTGGCCCTGACAGT-1,4
TTGTGGTAGGAGGGAT-1,2
TTGTGGTGGTACTAAG-1,0
TTGTGTATGCCACCAA-1,5
TTGTGTTTCCCGAAAG-1,5
TTGTTAGCAAATTCGA-1,11
TTGTTCAGTGTGCTAC-1,4
TTGTTGTGTGTCAAGA-1,4
TTGTTTCACATCCAGG-1,2
TTGTTTCATTAGTCTA-1,2
TTGTTTCCATACAACT-1,5
TTGTTTGTATTACACG-1,2
TTGTTTGTGTAAATTC-1,18
