"","cluster.init"
"AAACAAGTATCTCCCA-1",6
"AAACACCAATAACTGC-1",6
"AAACAGAGCGACTCCT-1",1
"AAACAGCTTTCAGAAG-1",6
"AAACAGGGTCTATATT-1",6
"AAACATTTCCCGGATT-1",6
"AAACCACTACACAGAT-1",5
"AAACCCGAACGAAATC-1",6
"AAACCGGAAATGTTAA-1",6
"AAACCGGGTAGGTACC-1",6
"AAACCGTTCGTCCAGG-1",6
"AAACCTAAGCAGCCGG-1",3
"AAACCTCATGAAGTTG-1",6
"AAACGAAGAACATACC-1",5
"AAACGACAGTCTTGCC-1",2
"AAACGAGACGGTTGAT-1",1
"AAACGCCCGAGATCGG-1",1
"AAACGGGCGTACGGGT-1",4
"AAACGGTTGCGAACTG-1",3
"AAACGTGTTCGCCCTA-1",2
"AAACTAACGTGGCGAC-1",2
"AAACTCGGTTCGCAAT-1",7
"AAACTCGTGATATAAG-1",2
"AAACTGCTGGCTCCAA-1",6
"AAACTTAATTGCACGC-1",6
"AAACTTGCAAACGTAT-1",6
"AAAGACATGAAGTTTA-1",5
"AAAGACCCAAGTCGCG-1",1
"AAAGACTGGGCGCTTT-1",6
"AAAGCTTGCCTACATA-1",2
"AAAGGCCCTATAATAC-1",6
"AAAGGCTACGGACCAT-1",7
"AAAGGCTCTCGCGCCG-1",4
"AAAGGGATGTAGCAAG-1",1
"AAAGGGCAGCTTGAAT-1",1
"AAAGGTAAGCTGTACC-1",2
"AAAGGTCAACGACATG-1",2
"AAAGTAGCATTGCTCA-1",6
"AAAGTCACTGATGTAA-1",1
"AAAGTCGACCCTCAGT-1",6
"AAAGTGTGATTTATCT-1",6
"AAAGTTGACTCCCGTA-1",6
"AAATAACCATACGGGA-1",2
"AAATAAGGTAGTGCCC-1",5
"AAATACCTATAAGCAT-1",6
"AAATAGCTTAGACTTT-1",5
"AAATAGGGTGCTATTG-1",6
"AAATCCGATACACGCC-1",4
"AAATCGTGTACCACAA-1",6
"AAATCTAGCCCTGCTA-1",6
"AAATGATTCGATCAGC-1",2
"AAATGCTCGTTACGTT-1",1
"AAATGGCATGTCTTGT-1",1
"AAATGGCCCGTGCCCT-1",6
"AAATGGTCAATGTGCC-1",6
"AAATGTATCTTATCCC-1",5
"AAATGTGGGTGCTCCT-1",1
"AAATTAACGGGTAGCT-1",1
"AAATTAATAAGCGCGA-1",5
"AAATTACACGACTCTG-1",1
"AAATTACCTATCGATG-1",1
"AAATTCCAGGTCCAAA-1",2
"AAATTGATAGTCCTTT-1",6
"AAATTGCGGCGGTTCT-1",2
"AAATTGGTGAGAAGCA-1",2
"AAATTTACCGAAATCC-1",5
"AAATTTGCGGGTGTGG-1",6
"AACAACTGGTAGTTGC-1",6
"AACAATACATTGTCGA-1",4
"AACAATTACTCTACGC-1",6
"AACACACGCTCGCCGC-1",6
"AACACGACTGTACTGA-1",1
"AACACGAGACGCGGCC-1",6
"AACACGCGGCCGCGAA-1",1
"AACAGCTGTGTGGCAA-1",6
"AACAGGAAATCGAATA-1",5
"AACAGGATGGGCCGCG-1",6
"AACAGGTAGTATGGAT-1",6
"AACATATCAACTGGTG-1",1
"AACATCGATACGTCTA-1",2
"AACATTGAAGTTGATC-1",6
"AACATTGTGACTCGAG-1",7
"AACCAAGACTTCTCTG-1",6
"AACCAGTATCACTCTT-1",1
"AACCATAGGGTTGAAC-1",4
"AACCATGGGATCGCTA-1",6
"AACCCAGAGACGGAGA-1",1
"AACCCATCCCATGATC-1",6
"AACCCGACAACCCGTG-1",7
"AACCCGAGCAGAATCG-1",6
"AACCCGATAGGGCTTC-1",2
"AACCCTACTGTCAATA-1",6
"AACCCTGGTGGAACCA-1",1
"AACCGAGCTTGGTCAT-1",1
"AACCGCTAAGGGATGC-1",6
"AACCGTTGTGTTTGCT-1",1
"AACCTAAAGCCGTCCG-1",6
"AACCTCGCTTTAGCCC-1",4
"AACCTGTCACGGAATT-1",1
"AACCTTTAAATACGGT-1",4
"AACCTTTACGACGTCT-1",1
"AACGAAAGTCGTCCCA-1",4
"AACGATAATGCCGTAG-1",6
"AACGATAGAAGGGCCG-1",1
"AACGATATGTCAACTG-1",1
"AACGCATGATCTGGGT-1",2
"AACGCGAACGGCAACA-1",2
"AACGCGACCTTGGGCG-1",7
"AACGCGGTCTCCAGCC-1",1
"AACGCTGTTGCTGAAA-1",6
"AACGGACGTACGTATA-1",6
"AACGGCCATCTCCGGT-1",6
"AACGTACTGTGGGTAC-1",6
"AACGTCAGACTAGTGG-1",6
"AACGTGATGAAGGACA-1",1
"AACGTGCGAAAGTCTC-1",1
"AACGTTATCAGCACCT-1",1
"AACTACCCGTTTGTCA-1",6
"AACTAGCGTATCGCAC-1",1
"AACTAGGCTTGGGTGT-1",4
"AACTCAAGTTAATTGC-1",6
"AACTCCAGAGCGTGTT-1",4
"AACTCCTAATCCCATG-1",2
"AACTCGATGGCGCAGT-1",1
"AACTCTCAATAGAGCG-1",6
"AACTCTCAGTGTGCTC-1",6
"AACTGAGGTCAGCGTC-1",2
"AACTGATATTAGGCCT-1",1
"AACTGGGTCCCGACGT-1",1
"AACTGGGTTCGAGCCG-1",2
"AACTGGTGTGGGCCTT-1",1
"AACTTCTGCGTCTATC-1",1
"AACTTGCCCGTATGCA-1",6
"AACTTGCGTTCTCGCG-1",1
"AACTTTACGGGAGCTT-1",1
"AACTTTAGCTGCTGAG-1",5
"AACTTTCTCGATCATG-1",2
"AAGAAATCACCAGATT-1",2
"AAGAAGGATCAGTTAG-1",1
"AAGACCCAACTGAACA-1",7
"AAGACTAACCCGTTGT-1",2
"AAGACTCACGCCCACT-1",2
"AAGACTGCAAGCTACT-1",6
"AAGAGATGAATCGGTA-1",6
"AAGAGCTCTTTATCGG-1",1
"AAGAGGATGTACGCGA-1",6
"AAGAGGCATGGATCGC-1",6
"AAGAGGCCCTTTGGAA-1",6
"AAGATGGCACCGGACC-1",4
"AAGATTGGCGGAACGT-1",1
"AAGCACCCTGCGTATC-1",3
"AAGCATACTCTCCTGA-1",6
"AAGCCGAAGCGGTTTA-1",6
"AAGCCGCCGTGAAATC-1",6
"AAGCCGCTTTACCTTG-1",2
"AAGCGCAGGGCTTTGA-1",7
"AAGCGGAGTGCGCGCA-1",5
"AAGCGGCGTCATGGGT-1",5
"AAGCGTCCCTCATCGA-1",3
"AAGCTAGATCGAGTAA-1",6
"AAGCTCGTGCCAAGTC-1",6
"AAGCTCTTTCATGGTG-1",4
"AAGGAGAACTTATAAG-1",5
"AAGGAGCGGTTGGTGC-1",6
"AAGGATCGATCGCTTG-1",2
"AAGGATGAGGGACCTC-1",1
"AAGGCAGGCTGTCTCC-1",1
"AAGGCGCGTAAAGCTT-1",6
"AAGGCTGTGCTCATCG-1",6
"AAGGGAACGACTGGCT-1",6
"AAGGGACAGATTCTGT-1",1
"AAGGGACTATGCATTC-1",6
"AAGGTATCCTAATATA-1",1
"AAGGTGATAAACCAGC-1",6
"AAGTAGAAGACCGGGT-1",1
"AAGTAGTGACGCGAGG-1",6
"AAGTCAATTGTCGTCA-1",6
"AAGTCTAGTAGCTGCC-1",2
"AAGTGACGACCGAATT-1",6
"AAGTGAGTCGGGTTTA-1",7
"AAGTGCAAAGGTAGAC-1",1
"AAGTGCCTTGACTGTA-1",6
"AAGTGCGTTAGAATCT-1",6
"AAGTGCTTCTCTATTG-1",7
"AAGTGTTTGGAGACGG-1",6
"AAGTTCACTCCAAGCT-1",6
"AAGTTCAGTCTGCGTA-1",1
"AAGTTCGGCCAACAGG-1",6
"AAGTTGTGATGTTATA-1",6
"AAGTTTACTAATGGCA-1",5
"AAGTTTATGGGCCCAA-1",7
"AATAACAACGCTCGGC-1",6
"AATAACACTAGAACAA-1",6
"AATAAGTCCTCGAGAC-1",1
"AATAATCTTCGTATCG-1",6
"AATACAATGTTTCAGG-1",1
"AATACCGGAGGGCTGT-1",3
"AATAGAACAGAGTGGC-1",6
"AATAGAATCTGTTTCA-1",6
"AATAGCAAGCCTCCTG-1",2
"AATAGCTACCGCGTGC-1",2
"AATAGTCCGTCCCGAC-1",3
"AATAGTCGCGAGTCGG-1",2
"AATATCAAGGTCGGAT-1",1
"AATATCGAATCAATGC-1",6
"AATATCGAGGGTTCTC-1",1
"AATATTGGAGTATTGA-1",6
"AATCAGACTGCAGGAC-1",1
"AATCAGGTTTCATTTA-1",4
"AATCATGTAAAGACTC-1",6
"AATCCAAGGGCCTGAG-1",1
"AATCCATGCAAGGGTG-1",1
"AATCGCCTCAGCGCCA-1",1
"AATCGCGCAGAGGACT-1",1
"AATCGGGACACTACGA-1",1
"AATCGTGAGCCGAGCA-1",7
"AATCTAGGTTTACTTG-1",6
"AATCTATGCCGGAGCC-1",2
"AATCTCTACTGTGGTT-1",6
"AATCTGCGTTGGGACG-1",1
"AATCTGGCTTTCTAGT-1",6
"AATCTGGGTAGACCCT-1",2
"AATGACAGCAATGTCT-1",6
"AATGACGTAGGATGTC-1",6
"AATGACTGTCAGCCGG-1",6
"AATGAGTTCGCATATG-1",1
"AATGATGATACGCTAT-1",1
"AATGATGCGACTCCTG-1",2
"AATGCAACCGGGTACC-1",1
"AATGCACCAAGCAATG-1",1
"AATGGCCGCCAATGCG-1",2
"AATGGTCCACCGTTCA-1",6
"AATGGTTCTCACAAGC-1",6
"AATGTGCCCGAGGTGT-1",6
"AATGTGCTAATCTGAG-1",7
"AATTAAAGGTCGGCGT-1",6
"AATTAACGGATTTCCA-1",3
"AATTAGCGCTGCAGCG-1",6
"AATTCATAAGGGATCT-1",1
"AATTCATTGTCATGCA-1",6
"AATTCCAAGCATGTAC-1",7
"AATTCGATTCGAGGAT-1",7
"AATTCTAGAGTTAGGC-1",6
"AATTGAACGCTCTGGT-1",6
"AATTGCAGCAATCGAC-1",6
"AATTTGGGACATAGTA-1",1
"AATTTGGTTCCAAAGA-1",1
"ACAAACCATGCGTCCT-1",6
"ACAAACCGACAAGGCG-1",6
"ACAAAGCATGACCTAG-1",6
"ACAAATCGCACCGAAT-1",6
"ACAAATGGTAGTGTTT-1",6
"ACAAATTCAGATCTGA-1",5
"ACAACAGCATGAGCTA-1",1
"ACAACGGTCCCTGCGA-1",1
"ACAAGCAGTGCCTAGC-1",6
"ACAAGCTATATGGAAG-1",6
"ACAAGGAAATCCGCCC-1",6
"ACAAGGACAAGAGGTT-1",6
"ACAAGGATGCTTTAGG-1",4
"ACAAGGCCTACCAGCC-1",6
"ACAAGGGCAGGCTCTG-1",6
"ACAATAGTCGTACGTT-1",6
"ACAATCCATTTAAACC-1",6
"ACAATCGATCTTTATA-1",5
"ACAATGAATACGGAGA-1",6
"ACAATGATTCTTCTAC-1",5
"ACAATTGTGTCTCTTT-1",6
"ACAATTTAGGAGGCTC-1",1
"ACAATTTGAGCAGTGG-1",1
"ACAATTTGGCCATATT-1",6
"ACACAAAGACGGGTGG-1",1
"ACACAAATATTCCTAG-1",5
"ACACACCAGGACCAGT-1",1
"ACACACTTTCTACACG-1",1
"ACACATGATCAAATCT-1",6
"ACACATTGACGCAACA-1",1
"ACACCACATAATTAGC-1",5
"ACACCCAGCATGCAGC-1",6
"ACACCCGAGAAATCCG-1",1
"ACACCGGTCTGACCGC-1",6
"ACACCTTAAGTAGGGC-1",6
"ACACCTTACTACTTGC-1",1
"ACACGAGACTCCTTCT-1",1
"ACACGGCACTATGCAT-1",1
"ACACGGGAACTTAGGG-1",1
"ACACGTAGGCCACAAG-1",6
"ACACTCCAATGTCACT-1",1
"ACACTGATCAAGGTGT-1",4
"ACACTGGGACAGTCGT-1",6
"ACAGAACTGAGAACAA-1",6
"ACAGATTAGGTTAGTG-1",5
"ACAGCATAGAGCCAGT-1",1
"ACAGCGACATTCTCAT-1",6
"ACAGCGCACCCGCAGC-1",1
"ACAGGCTTGCCCGACT-1",6
"ACAGGTGGAGGTGAGG-1",6
"ACAGGTGTGTTGTTGC-1",1
"ACAGTAATACAACTTG-1",6
"ACAGTGCAGCGCATTT-1",6
"ACATAAGTCGTGGTGA-1",6
"ACATAATAAGGCGGTG-1",1
"ACATCAGCTGGGACGC-1",1
"ACATCCCGGCCATACG-1",3
"ACATCCTGGTAACTGT-1",6
"ACATCGATCGTTTACC-1",6
"ACATCGGTCAGCCGCG-1",6
"ACATCGTATGCAATGG-1",6
"ACATCGTTAACCTAGT-1",1
"ACATCTCAACGCGTAA-1",1
"ACATGGCGCCAAAGTA-1",1
"ACATTAGTTTATATCC-1",6
"ACCAAACACCCAGCGA-1",2
"ACCAAACTAGAAATCC-1",5
"ACCAACACCACACACT-1",6
"ACCAACCGCACTCCAC-1",6
"ACCAACGCTTATTTAT-1",4
"ACCAAGAACGCGTGTC-1",1
"ACCAATATGCAAGTTA-1",4
"ACCACAACTCAGAACA-1",1
"ACCACAAGTTTCTATC-1",6
"ACCACCAATGTAACAA-1",6
"ACCACCCTCTCTTCTA-1",2
"ACCACGTGCAGCTATA-1",6
"ACCAGCCCGGTCTTTG-1",5
"ACCAGGAGTGTGATCT-1",1
"ACCAGTGCCCGGTCAA-1",1
"ACCAGTGCGGGAGACG-1",6
"ACCATATCCGCAATAA-1",6
"ACCATCCGCCAACTAG-1",6
"ACCATCGTATATGGTA-1",6
"ACCCAACGCCCGTGGC-1",1
"ACCCACCTACATGCTC-1",6
"ACCCATCTTGAGGGTA-1",6
"ACCCATTTGTCCCTCT-1",6
"ACCCGAGCGAAATTAC-1",6
"ACCCGATTGGTTCCGA-1",4
"ACCCGGAAACTCCCAG-1",4
"ACCCGGATGACGCATC-1",1
"ACCCGGTTACACTTCC-1",6
"ACCCGTGTCATCAGTA-1",3
"ACCCTATAGGACTGAG-1",5
"ACCCTATGCCATATCG-1",4
"ACCCTCCCTTGCTATT-1",6
"ACCCTGGTAACGCCCT-1",2
"ACCCTTCATCTGCGAA-1",1
"ACCCTTGCCTGGGTCG-1",2
"ACCCTTTAGTTCTCCA-1",1
"ACCGAAAGGGCCCTGC-1",1
"ACCGAAGAGTCTGGTT-1",6
"ACCGACACATCTCCCA-1",3
"ACCGACTGAGTCCCAC-1",1
"ACCGATAGGCATAACC-1",6
"ACCGATATTTAATCAT-1",6
"ACCGATGGTAGCATCG-1",1
"ACCGCAATAACTGCCT-1",6
"ACCGCGGTGGAAGTCG-1",6
"ACCGGGCCTTTGTTGA-1",6
"ACCGGTCAGGTACACC-1",6
"ACCGGTCTGAGTACGG-1",1
"ACCGTGACCACGTGGG-1",7
"ACCGTTCCCGCTCTGA-1",1
"ACCTAAGTACCTTTCA-1",6
"ACCTAATCGACTTCCT-1",6
"ACCTACAGTATGTGGT-1",1
"ACCTACTATAAATCTA-1",3
"ACCTCCGCCCTCGCTG-1",6
"ACCTCCGTTATTCACC-1",1
"ACCTCGAACTTATGCT-1",6
"ACCTGCGTGTCATGTT-1",6
"ACGAAATGGGCGGCAC-1",6
"ACGACTGGTCATACTC-1",7
"ACGAGAACCCATCACG-1",1
"ACGAGATATTTGCTTA-1",5
"ACGAGGATACCACTCT-1",6
"ACGAGGTTTACAACGT-1",6
"ACGAGTACGGATGCCC-1",1
"ACGATACATAGAACTA-1",1
"ACGATACCTATCCTGA-1",1
"ACGATCATACATAGAG-1",1
"ACGATCATCTTGTAAA-1",6
"ACGATGCATATGTTAT-1",6
"ACGATGGATCCGATGC-1",1
"ACGCAAACTAATAGAT-1",7
"ACGCAATCACTACAGC-1",1
"ACGCATAAATGACATG-1",2
"ACGCATACGTTTACTA-1",6
"ACGCATTCGTGAGTAC-1",6
"ACGCCAGATGATTTCT-1",1
"ACGCCCAGCTGTCGAT-1",1
"ACGCCGCTAGACGACC-1",6
"ACGCGAAGTCAGACGA-1",6
"ACGCGCTACACAGGGT-1",6
"ACGCGGGCCAAGGACA-1",6
"ACGCGTTTCTTAAGAG-1",2
"ACGCTAGTGATACACT-1",1
"ACGCTGTGAGGCGTAG-1",6
"ACGCTTAGTGTCTCTC-1",1
"ACGGAATTTAGCAAAT-1",1
"ACGGACTCTCAAAGCG-1",3
"ACGGAGCGCAAATTAC-1",2
"ACGGATGGTGCGGATA-1",4
"ACGGCACTTGCTTGGG-1",6
"ACGGCCAACATGGACT-1",4
"ACGGCGACGATGGGAA-1",6
"ACGGCGGGTTGCCCTG-1",1
"ACGGCTGGATGTAGAA-1",6
"ACGGGAGTGTCGGCCC-1",6
"ACGGGCGTATGCGACA-1",2
"ACGGGTCATGTGACTT-1",1
"ACGTACAGATTTCTCT-1",1
"ACGTAGATTGCTGATG-1",6
"ACGTATTACTCCGATC-1",6
"ACGTGCGCCTCGTGCA-1",1
"ACGTGGTCGAATGTGC-1",1
"ACGTTAATGTCGAAGA-1",6
"ACGTTAGATTTGCCCG-1",6
"ACGTTATTGGTCACTC-1",1
"ACGTTCCGCGCTCCGT-1",1
"ACGTTCGCAATCAATT-1",2
"ACGTTCGTTCAGGAAA-1",3
"ACGTTCTGTACAAGTC-1",4
"ACGTTTAGTTGTGATC-1",1
"ACTAAGGACGCACACC-1",2
"ACTAATACGTCAGGCG-1",2
"ACTACATCCCGACAAG-1",6
"ACTACCAGCTCTCTGG-1",6
"ACTACGCGTTAGAATT-1",3
"ACTAGTTGCGATCGTC-1",6
"ACTATATGCTGTGTTC-1",2
"ACTATCCAGGGCATGG-1",1
"ACTATCTGCCCGCGTA-1",6
"ACTATGTCCAGCTGCC-1",6
"ACTATTCGTCCGTGGT-1",1
"ACTATTTCCGGGCCCA-1",4
"ACTCAACGAATGTATT-1",1
"ACTCAAGTGCAAGGCT-1",4
"ACTCAATAAAGGCACG-1",1
"ACTCAGACCTGCTTCT-1",1
"ACTCATGGCAGCCTTC-1",6
"ACTCCAATATCATCAT-1",6
"ACTCCCATTCCTAAAG-1",6
"ACTCCCGAATTCGTTT-1",2
"ACTCCCTAATGCTAAA-1",4
"ACTCCCTAGAATAGTA-1",6
"ACTCGATGTATTTCAT-1",1
"ACTCGTAACCCGTCCT-1",6
"ACTCGTCAGTAATCCC-1",6
"ACTCTAAACCTGGGAT-1",2
"ACTCTCTGACTTAGGT-1",6
"ACTCTCTTATACACGA-1",5
"ACTCTTCAGCTCCCGC-1",2
"ACTCTTGTATAGTAAC-1",6
"ACTGAAACGCCGTTAG-1",6
"ACTGAATGGCGAAAGT-1",6
"ACTGATTTAGTGATTC-1",5
"ACTGCCCGCCATTCTC-1",4
"ACTGCCGTCGTAACTC-1",1
"ACTGCGGACACACCGT-1",6
"ACTGCTCGGAAGGATG-1",6
"ACTGGCGAACCTGCGT-1",5
"ACTGTACGATACACAT-1",1
"ACTGTAGCACTTTGGA-1",6
"ACTGTATACGCGAGCA-1",1
"ACTGTCCAGGATTATA-1",6
"ACTGTCTTCTTTAGAA-1",6
"ACTGTGCTAGTAGATC-1",1
"ACTGTTTAGTGTAGGC-1",1
"ACTTACCGGGCGCGCA-1",2
"ACTTACGCATCCACGC-1",4
"ACTTAGTACGACAAGA-1",1
"ACTTATACTTACCCGG-1",1
"ACTTATTAGGATCGGT-1",6
"ACTTATTTATGTGCCA-1",6
"ACTTCAGGCTGATCCC-1",6
"ACTTCCATGCGGGACA-1",4
"ACTTCGCCATACGCAC-1",1
"ACTTGACTCCCTCTTT-1",6
"ACTTGCCATATTGTAC-1",1
"ACTTGGGACCCGGTGG-1",6
"ACTTGTAGTCCCTTCA-1",6
"ACTTGTGGATGGAACG-1",6
"ACTTTACCCTCATGAA-1",1
"ACTTTCCTATAGCTTC-1",1
"ACTTTGACTGCATCCT-1",6
"ACTTTGGTCGTGCTCC-1",6
"ACTTTGTCGACGCACT-1",6
"AGAAATTATGACTCGC-1",6
"AGAACCCAGCGTGACA-1",1
"AGAACCCTCAATTGGG-1",6
"AGAACGTGGTACATTC-1",1
"AGAAGAGCGCCGTTCC-1",7
"AGAAGGTACACTTCAC-1",6
"AGAAGGTTGCCGAATT-1",6
"AGAAGGTTGTAGGTCG-1",3
"AGAAGTGATTCGTGAT-1",6
"AGAATAAATCTTCAGG-1",6
"AGAATGCGGGTTCGGA-1",1
"AGAATTATGGATTCGA-1",1
"AGAATTGTTTGACATA-1",1
"AGACAGCTCAGAATCC-1",1
"AGACAGGCATCTCAGC-1",6
"AGACATAGATCCTTCC-1",1
"AGACCAAACCACACCT-1",6
"AGACCATGGGATACAA-1",1
"AGACCCACCGCTGATC-1",6
"AGACCCGCCCTCCTCG-1",1
"AGACCGCTCCGCGGTT-1",6
"AGACCGGGAAACCCTG-1",6
"AGACGAAGTGCCGGTC-1",6
"AGACGACGATGCCGCT-1",6
"AGACGCCCACTTCGCC-1",6
"AGACGGGATTGGTATA-1",2
"AGACGGGCCGATTTAA-1",1
"AGACTAGCCTTCCAGA-1",6
"AGACTGTTACCGGGTC-1",3
"AGAGAAACACCAGAAA-1",4
"AGAGAACCGTCTAGGA-1",1
"AGAGAAGGAGTACAAT-1",4
"AGAGATCTCTAAAGCG-1",6
"AGAGCAGTTATGAGAC-1",1
"AGAGCCGCCGAGATTT-1",6
"AGAGCGCTTGTAACGG-1",2
"AGAGCGGGCTAATCAT-1",1
"AGAGCGTACAAGCTCG-1",1
"AGAGCTACGAAAGCAT-1",1
"AGAGGCTTCGGAAACC-1",6
"AGAGGGACAATTGTCC-1",2
"AGAGGTATCTCGGTCC-1",2
"AGAGTAAACTTCACTA-1",6
"AGAGTATAGTGTTACG-1",5
"AGAGTGAACAGACACC-1",2
"AGAGTTAGAGACCGAT-1",6
"AGAGTTGCAGGCCTCC-1",5
"AGATAACTTCAGGGCC-1",6
"AGATACCAATAGAACC-1",6
"AGATACCAGCACTTCA-1",2
"AGATACCGGTGTTCAC-1",6
"AGATACGACTTCATAT-1",1
"AGATACTCAAGATCGA-1",6
"AGATATAATACGACTA-1",7
"AGATCGTGCATAAGAT-1",1
"AGATCTCAGGTGTGAT-1",1
"AGATGACTCGCCCACG-1",1
"AGATGAGGGTTGCGAT-1",2
"AGATGATGGAGTCTGG-1",1
"AGATGCAAGACGTGCA-1",6
"AGATTATAGGACGTTT-1",6
"AGATTCAAGCGGGTCG-1",2
"AGATTCACAACCGATA-1",6
"AGCAAAGGCCGCTAGT-1",4
"AGCAACATATCTTATT-1",6
"AGCAACCGAAAGTAAT-1",6
"AGCACACGTTTAGACT-1",6
"AGCACCAGTACTCACG-1",1
"AGCACTACCGGCCTGT-1",6
"AGCACTACCTCACCAG-1",6
"AGCACTTAAGGACGCC-1",6
"AGCAGAAGGAGAAAGA-1",7
"AGCAGCCAGATGAATA-1",4
"AGCATATCAATATGCT-1",6
"AGCATCATTTCGAAAG-1",6
"AGCATCGTCGATAATT-1",1
"AGCCAAGCTTTGTGTC-1",7
"AGCCACAGGTTACCCG-1",4
"AGCCACTCCCGTGCTT-1",1
"AGCCCATACATGTAAG-1",6
"AGCCCGCAACAAGCAG-1",7
"AGCCCGGCATTAGAGG-1",6
"AGCCCGGTAGCCTGTA-1",7
"AGCCCTAAGCGAAGTT-1",1
"AGCCCTCCCTGGTGGC-1",6
"AGCCCTGTCGCACCGT-1",6
"AGCCCTTCTAATCCGA-1",1
"AGCCCTTGGACATCCC-1",6
"AGCCGTGGCTAAATGT-1",6
"AGCCTAATACCCACGT-1",6
"AGCCTTAAAGCGGAAG-1",1
"AGCGACAGGAACGGTC-1",6
"AGCGACATCCCATTCA-1",1
"AGCGACCAACGATATT-1",6
"AGCGAGACGTGAAGGC-1",6
"AGCGATGCGCCTAATA-1",6
"AGCGCATAATGAATCG-1",4
"AGCGCGGGTGCCAATG-1",1
"AGCGCTAGAGCGATGT-1",1
"AGCGCTTATGGGCAAG-1",2
"AGCGGACACTTCGTAG-1",7
"AGCGGCGGTTAGCGGT-1",6
"AGCGGGAAGGGTCCAT-1",1
"AGCGGGTCTGACACTC-1",7
"AGCGGTTGAGATGTAC-1",1
"AGCGGTTGCCGCTCTG-1",6
"AGCGTACGAGAGCTAG-1",1
"AGCGTAGCGCTAGACC-1",2
"AGCGTGGTATTCTACT-1",6
"AGCGTTCCGATTTAAA-1",1
"AGCTAACAAGCAATGT-1",4
"AGCTAAGTACGCAGGC-1",3
"AGCTAGAAGCAGAAGT-1",1
"AGCTATTTAATCCAAC-1",6
"AGCTCCATATATGTTC-1",6
"AGCTCCTTCGCACATC-1",6
"AGCTCGTTGATGGAAA-1",2
"AGCTCTAGACGTTCCA-1",6
"AGCTCTTCCCAGTGCA-1",1
"AGCTCTTCGTAACCTT-1",1
"AGCTCTTTACTCAGTT-1",6
"AGCTGAAGTAAACCAA-1",1
"AGCTGCATTTGAGGTG-1",2
"AGCTGCTGTGCCGAAT-1",2
"AGCTGTAACCTCAATC-1",6
"AGCTTATAGAGACCTG-1",5
"AGCTTCAATACTTTGA-1",1
"AGCTTGATCTTAACTT-1",6
"AGGAACGAACGACTTC-1",6
"AGGAAGCTGTCCGCCG-1",3
"AGGACAGTCGAATCCC-1",6
"AGGACATCGCACGTCG-1",1
"AGGACGACCCATTAGA-1",6
"AGGACGCTCGATGTTG-1",2
"AGGAGACATCCACAGT-1",2
"AGGAGGCCTTCGCGCG-1",6
"AGGATAAAGTCGGGAT-1",6
"AGGATATAGGGATTTA-1",6
"AGGATCACGCGATCTG-1",6
"AGGATTGCTTACGACA-1",1
"AGGCACGTGACTGTCC-1",6
"AGGCAGATGCGTAAAC-1",1
"AGGCAGGGAGCGTACT-1",3
"AGGCATTGTCGTAGGG-1",6
"AGGCCACCCGTTATGA-1",6
"AGGCCCATTGTACAGG-1",1
"AGGCCCTAGAACGCCA-1",6
"AGGCCTGAGAATCTCG-1",4
"AGGCGATAACTGGCGT-1",6
"AGGCGGTTTGTCCCGC-1",6
"AGGCGTCTATGGACGG-1",2
"AGGCTATGGTTAGCTT-1",6
"AGGCTTCCCGAAGAAG-1",6
"AGGCTTGCTAGACACC-1",1
"AGGGAAACGAGGTACT-1",1
"AGGGACCGGCTGCGTT-1",1
"AGGGACTCTACGCGAC-1",4
"AGGGAGACATACTTCG-1",1
"AGGGCAGCGGCGTGGT-1",1
"AGGGCGAGCAGCTGAT-1",6
"AGGGCGTGATCGGCTA-1",1
"AGGGCTGCAGTTACAG-1",6
"AGGGTCAGAGCACTCG-1",7
"AGGGTCAGTAACCCTA-1",2
"AGGGTCGATGCGAACT-1",1
"AGGGTGCCGTTCTTTA-1",4
"AGGGTGCTCTCGAGGG-1",1
"AGGGTGGATAGTGCAT-1",1
"AGGGTGTGCTACACGC-1",2
"AGGGTTCAGACGGTCC-1",7
"AGGGTTCCCTTTGGTT-1",1
"AGGGTTTAGTTCGGGA-1",6
"AGGTAACCTCCTATTC-1",1
"AGGTACGATATTGCCA-1",1
"AGGTAGATCGAGATAT-1",3
"AGGTAGGTACAAAGCT-1",6
"AGGTATAATTGATAGT-1",1
"AGGTATGCGGACATTA-1",1
"AGGTCAGGTGAGAGTG-1",6
"AGGTCGCCACTTCGGT-1",1
"AGGTCGCCTCCCAACA-1",6
"AGGTCGCGGAGTTACT-1",1
"AGGTGGTGACCTTCGC-1",7
"AGGTGTATCGCCATGA-1",6
"AGGTTACACCATGCCG-1",1
"AGGTTGAGGCACGCTT-1",1
"AGGTTTCACACACCTT-1",6
"AGTAACGTTCATCCTG-1",1
"AGTAATGTCTTGCCGC-1",1
"AGTACATCATTTATCA-1",5
"AGTACCTTCGAGTGCT-1",2
"AGTACGGCCCGTATCG-1",1
"AGTACGGGCACCTGGC-1",1
"AGTACGTGGCCTGTCT-1",1
"AGTACTCTTATGCCCA-1",6
"AGTAGCGTGAACGAAC-1",1
"AGTAGCTAGACGCCGA-1",2
"AGTAGGAAGGAAGTTG-1",1
"AGTAGGTAACATACAT-1",1
"AGTATAATACTAGGCA-1",1
"AGTATACACAGCGACA-1",7
"AGTATCCATAATAACG-1",1
"AGTATGCTGGAGACCA-1",6
"AGTATTTGGCACGACC-1",4
"AGTCAAATGATGTGAT-1",4
"AGTCAACACCACCATC-1",6
"AGTCAAGATGACACTT-1",6
"AGTCACTAGCTCTCGA-1",6
"AGTCACTCCGCCTCAT-1",2
"AGTCAGCCACCGCCTG-1",1
"AGTCCAGCGGGTACGT-1",6
"AGTCCATTGGCTGATG-1",6
"AGTCCCGCCTTTAATT-1",1
"AGTCGACGGTCTCAAG-1",1
"AGTCGGCCCAAACGAC-1",6
"AGTCGGCTCAACTTTA-1",6
"AGTCGGTTGCGTGAGA-1",1
"AGTCGTATAAAGCAGA-1",4
"AGTCGTCGACCACCAA-1",4
"AGTCGTGGGCATTACG-1",6
"AGTCTAAAGTATACTC-1",5
"AGTCTCACAAGACTAC-1",6
"AGTCTGGACATCCTTG-1",1
"AGTCTTCTCCTCAAAT-1",1
"AGTCTTTAAAGTGTCC-1",7
"AGTGAACAAACTTCTC-1",6
"AGTGACCTACTTTACG-1",6
"AGTGACTGTGACACAA-1",6
"AGTGAGACTTCCAGTA-1",1
"AGTGAGCCTCGCCGCC-1",1
"AGTGAGGGTTTCTGAC-1",1
"AGTGATAACCTGCGCG-1",6
"AGTGATATGAGTAGTT-1",6
"AGTGATTCAAGCAGGA-1",1
"AGTGCACGCTTAAGAA-1",6
"AGTGCGTAGCTCGTAA-1",6
"AGTGCTAAACACAGCA-1",6
"AGTGCTTGCACGAATA-1",6
"AGTGGCGGCAATTTGA-1",1
"AGTGGCGTCTGAAGGT-1",4
"AGTGGCTCCGTCGGCC-1",6
"AGTGGTGTTACCCGTG-1",1
"AGTGTATTGCGCATTG-1",1
"AGTGTGCTAAGATCGC-1",1
"AGTGTGGTCTATTGTG-1",1
"AGTTAAACACTTGCGA-1",6
"AGTTAAGCGGTCCCGG-1",1
"AGTTAAGTCAACCGCT-1",6
"AGTTACCCTTAAGACT-1",1
"AGTTACCGCACATGGT-1",1
"AGTTACTCTATCGTGG-1",1
"AGTTATTGAAAGGTAA-1",5
"AGTTCACCGGTTGGAC-1",6
"AGTTCCTACAGAATTA-1",6
"AGTTCCTATTTATGTT-1",6
"AGTTCTGCGTTGTATC-1",1
"AGTTGACATCGGCTGG-1",1
"AGTTGACGGTCCTTGC-1",3
"AGTTGCTGACTGATAT-1",1
"AGTTTATGTAAAGACA-1",2
"AGTTTCGCAGGTCGGA-1",1
"AGTTTGCACCTGCCTC-1",4
"AGTTTGGCACGGGTTG-1",6
"AGTTTGGCCAGACCTA-1",6
"ATAAACGGACCCGTAA-1",6
"ATAAACGTTGCACCAC-1",6
"ATAAAGGCTCGGTCGT-1",6
"ATAAAGGTCAAGTACG-1",1
"ATAAATATTAGCAGCT-1",6
"ATAACGCCGGAGGGTC-1",1
"ATAACGGAGTCCAACG-1",1
"ATAACGTTACCTCCAC-1",1
"ATAAGCAAACACCGAG-1",5
"ATAAGGTGGAGAACAT-1",6
"ATAAGTACCCGATTGT-1",2
"ATAAGTAGGATTCAGA-1",2
"ATAAGTAGGGCGACTC-1",1
"ATAAGTTACCGCGACG-1",6
"ATAATACCGTTAGCCG-1",1
"ATAATAGCTGTTGAAT-1",5
"ATAATAGTGTAGGGAC-1",1
"ATAATCTTGGAGAACC-1",7
"ATAATTAGCTAAGTAG-1",3
"ATACAGGCCCTCCAAT-1",4
"ATACCACGGGCAACTT-1",6
"ATACCAGCAAATTGCT-1",1
"ATACCAGGCTAATAGA-1",1
"ATACCAGGTGAGCGAT-1",1
"ATACCGTCATCCATAA-1",5
"ATACCTAACCAAGAAA-1",4
"ATACGAAGGCTTTCCA-1",6
"ATACGACAGATGGGTA-1",6
"ATACGCCGGCGAAACC-1",6
"ATACGGAACGTCGTTT-1",6
"ATACGGGTTTCGATTG-1",1
"ATACGGTGAAGATGCA-1",6
"ATACGTACTTAGCCAC-1",4
"ATACGTCCACTCCTGT-1",6
"ATACGTTATGCACGGA-1",3
"ATACTACCCGTACCAC-1",6
"ATACTAGCATGACCCT-1",1
"ATACTCTCGCCACTCT-1",1
"ATACTGCCTTACACCG-1",4
"ATACTTGTTCTCGAGC-1",6
"ATAGACAACGGGACCT-1",1
"ATAGACGAAGAGAAAG-1",6
"ATAGAGTACTGGGACA-1",1
"ATAGAGTTATCAACTT-1",1
"ATAGCAACTAGGGAAG-1",4
"ATAGCCTCAGTACCCA-1",1
"ATAGCTGCTCTTGTTA-1",1
"ATAGGAATCTAAGCTT-1",1
"ATAGGCGGCTATAGAA-1",6
"ATAGGCTAGCTTCGCA-1",1
"ATAGGGATATCCTTGA-1",1
"ATAGGTTGGGCAGATG-1",1
"ATAGTCTTTGACGTGC-1",1
"ATAGTGAAGCGTTCTC-1",6
"ATAGTTCCACCCACTC-1",6
"ATATAAAGCGCTCGTG-1",4
"ATATAAATGTAGCTGC-1",4
"ATATAACACGGGCGCA-1",4
"ATATACGCTCGTGACG-1",6
"ATATAGAGTATTGGTC-1",6
"ATATCAACCTACAGAG-1",2
"ATATCGGTAGGGAGAT-1",6
"ATATCGTGCCAGACCC-1",6
"ATATCGTTCCTCGAAC-1",6
"ATATCTCCCTCGTTAA-1",1
"ATATCTTAGGGCCTTC-1",1
"ATATGTCTCCCTAGCC-1",1
"ATATGTGCACAAACCA-1",5
"ATATTCAGTTAAACCT-1",6
"ATATTCCACATAGTGA-1",6
"ATATTCCCACAGGTCA-1",1
"ATATTGCTGTCAAAGT-1",1
"ATATTGGAGAGGCCTT-1",6
"ATATTTAACCCTCAAG-1",6
"ATCAAACACTGTTCCA-1",6
"ATCAAACGAAGGTTTG-1",6
"ATCAAGATCCCAGGAC-1",6
"ATCAATCTGGGCTGCA-1",6
"ATCAATGCCGTGGCTG-1",6
"ATCACATTAGAATATC-1",1
"ATCACGTGCTAATTAA-1",6
"ATCACTTCATCCTCGC-1",1
"ATCAGACGGCACGCCG-1",6
"ATCAGCCTCATGCTGC-1",4
"ATCAGCTCGTCCACTA-1",6
"ATCAGGTCGCCATTGC-1",1
"ATCAGTAGGCAGGGAT-1",1
"ATCATAGCCCTATGTA-1",6
"ATCATCCAATATTTGT-1",6
"ATCATCTGCCCAGTGT-1",2
"ATCCAACGCAGTCATA-1",1
"ATCCAATGGAGGGTCC-1",6
"ATCCACATCGACAGAA-1",7
"ATCCACGCTAAATGTT-1",1
"ATCCACTTTCAGACTA-1",5
"ATCCAGAGCAACAACC-1",2
"ATCCAGGATTCGTGAA-1",6
"ATCCCATCCACAGCGC-1",6
"ATCCTACCTAAGCTCT-1",6
"ATCCTGAATCGCTGCG-1",6
"ATCCTGCGTGGAATGG-1",6
"ATCCTGCTGCAGATAG-1",1
"ATCGACCCAATACAGA-1",6
"ATCGACTCTTTCCGTT-1",1
"ATCGCACGATTGTTCA-1",1
"ATCGCACGCCGGGAGA-1",1
"ATCGCCAGTCAACATT-1",6
"ATCGCTGCGTGCAGCA-1",2
"ATCGCTTTACGTCTCA-1",2
"ATCGGAGACAGACGGC-1",6
"ATCGGCAAGCAGTCCA-1",1
"ATCGGTTACCTAGTAA-1",1
"ATCGTATTCCGAGAAC-1",2
"ATCGTGGAAAGTCTGG-1",6
"ATCGTTAGCTAGCGGA-1",6
"ATCGTTCACTTTCGCC-1",2
"ATCTAATATCCTACGG-1",4
"ATCTAGCTTGTGAGGG-1",7
"ATCTCATAAACCTACC-1",6
"ATCTCCCACGGAATAT-1",6
"ATCTCCCTGCAATCTA-1",1
"ATCTCGTGAGCGAAAC-1",6
"ATCTGACATGGAAGGA-1",7
"ATCTGATAGTGTCTTA-1",2
"ATCTGCACCTCTGCGA-1",1
"ATCTGCTGTTATCGCC-1",7
"ATCTGGGCTGTTCTTG-1",4
"ATCTGGTTAAGACTGT-1",1
"ATCTGTAATTGTACCC-1",1
"ATCTTATCGCACACCC-1",6
"ATCTTGACCTGCAACG-1",6
"ATCTTGACTTGTCCAA-1",2
"ATCTTTCGTATAACCA-1",2
"ATGAAGCCAAGGAGCC-1",6
"ATGAAGTGGACCCAGC-1",2
"ATGACGCCGGCTCTAA-1",1
"ATGACGCGTTCTATCC-1",6
"ATGACTATCAGCTGTG-1",3
"ATGACTATGCGACATT-1",6
"ATGAGGAGTGTTAATC-1",6
"ATGAGGGCAGCGGCTA-1",2
"ATGATCGGGAATAGAC-1",1
"ATGATGCAATGGTACA-1",6
"ATGCACCTTCCTTAAT-1",2
"ATGCACGCGCTGTTCA-1",6
"ATGCACTACCGCATTG-1",1
"ATGCATGATCCAGGAT-1",1
"ATGCATTCCGTGATGG-1",1
"ATGCCAATCGCTCTGC-1",2
"ATGCCATTTGCGACCA-1",6
"ATGCCGGTCTTGCATA-1",1
"ATGCCGGTTGATGGGA-1",1
"ATGCGACAATTGGTCC-1",1
"ATGCGACAGTCCCATT-1",6
"ATGCGAGTCCCACCAC-1",6
"ATGCTCAGTGTTGCAT-1",1
"ATGCTCTGGCGCGGTA-1",4
"ATGCTTAGGAGTTGAT-1",6
"ATGGAAATTTAAGGAG-1",1
"ATGGAACAGAATAAAC-1",5
"ATGGAACCTTTGCACA-1",1
"ATGGAGCAGGCCGTGA-1",6
"ATGGATCCGGCGTCCG-1",1
"ATGGATTGACCAAACG-1",6
"ATGGCAGCATTACGAT-1",6
"ATGGCAGCCGAGAAAC-1",6
"ATGGCTGGAAATGGCC-1",2
"ATGGGAACGGAAGCGG-1",2
"ATGGGACCTGCTGAAC-1",4
"ATGGGCCTCGGCCTCT-1",6
"ATGGGTGTATACCTCC-1",6
"ATGGTCGCGTGGTTTC-1",6
"ATGGTGCTCAAAGCCA-1",1
"ATGGTTACGAAACATG-1",5
"ATGTAAGGCTGCTCTT-1",1
"ATGTACATGCGGTGAG-1",6
"ATGTACGATGACGTCG-1",7
"ATGTAGCGCGCGTAGG-1",3
"ATGTCATTTCCCATTG-1",2
"ATGTGAAAGCCTAATG-1",6
"ATGTGCATCCGACGCA-1",6
"ATGTGGACATCTTGAT-1",6
"ATGTGTAGTTTAGTCA-1",5
"ATGTTACGAGCAATAC-1",1
"ATGTTCCTGCCCACCT-1",1
"ATGTTCGTCGACCCAC-1",6
"ATGTTGATTAGAGACT-1",4
"ATGTTGTAGTCTGTTT-1",7
"ATGTTTGTAAGATCAT-1",5
"ATTAAACATGCGGACC-1",6
"ATTAACACCTGAGATA-1",5
"ATTAATACTACGCGGG-1",1
"ATTAATGAACCAGTCG-1",1
"ATTAATTCGGTCACTC-1",1
"ATTACAACTACCGGCC-1",1
"ATTACATGTCAGTCTT-1",6
"ATTACCACACTGCCTG-1",6
"ATTACGCGCTGGCAGG-1",6
"ATTACTAGCCTCTTGC-1",1
"ATTACTTACTGGGCAT-1",5
"ATTAGATTCCTCAGCA-1",5
"ATTAGATTGATAGCGG-1",1
"ATTAGGCGATGCTTTC-1",6
"ATTATACTTTGCTCGT-1",1
"ATTATAGCTACTTTAC-1",5
"ATTATCGGAATGTACG-1",3
"ATTATCTCGACAGATC-1",1
"ATTATGAGACCCAATT-1",6
"ATTATGCCATAGGGAG-1",1
"ATTATGCTCAGTATTG-1",2
"ATTATTATGTCCGTCA-1",4
"ATTATTCAGAGTCACT-1",4
"ATTCAAAGTACCTGTT-1",1
"ATTCAACCATTTAAGG-1",6
"ATTCACTGATGTTGGA-1",4
"ATTCAGATGAATCCCT-1",2
"ATTCAGGACCTATTTC-1",1
"ATTCAGGATCGCCTCT-1",1
"ATTCAGTAGCAGGGTC-1",6
"ATTCATATACTGTCCA-1",6
"ATTCATCGTTGAGGCA-1",4
"ATTCCCACATAAACAA-1",6
"ATTCCTAAGACGTGGA-1",2
"ATTCCTCCGCCAGTGC-1",6
"ATTCCTTCCAGGCGGT-1",1
"ATTCGACGCCGGGCCT-1",6
"ATTCGCAGAGGACACT-1",2
"ATTCGCGCCTTGAGAG-1",6
"ATTCGTGCTATCTCTT-1",6
"ATTCTCGTCTCTTTAG-1",1
"ATTCTGAGTATGAACT-1",5
"ATTCTTCGTACTTATG-1",6
"ATTGAAGATCTTAGTG-1",6
"ATTGACCGGCGATGAC-1",2
"ATTGACGTAACTCGGT-1",2
"ATTGATAGCAACGAGA-1",5
"ATTGATCACCACATTT-1",6
"ATTGATGAGTCCTAAC-1",1
"ATTGCCTATTAGACCG-1",6
"ATTGCCTTTATGTTTG-1",4
"ATTGCGATCAGTAACT-1",6
"ATTGCTGCTCCTCCAT-1",6
"ATTGGATTACAGCGTA-1",6
"ATTGGGAATATCTTGG-1",1
"ATTGGGAGTTCTGTAA-1",5
"ATTGGTAGGATCCGCT-1",5
"ATTGTACAACTCGGCT-1",2
"ATTGTCGCAATACCTT-1",1
"ATTGTGACTTCGCTGC-1",2
"ATTGTTCAACGATCCG-1",6
"ATTTAACTCGTATTAC-1",1
"ATTTACAGTTTACTGG-1",6
"ATTTACTAAGTCCATT-1",5
"ATTTCATTATTTCGCG-1",2
"ATTTCCGGGTTCTGCG-1",4
"ATTTGCGCGAGTAGCT-1",6
"ATTTGTCTTGGGAGCT-1",6
"ATTTGTTCCAGGGCTC-1",1
"CAAACCAGGTCTGCAT-1",1
"CAAACGAGTATCGCAG-1",6
"CAAACGGTCGCACTTT-1",6
"CAAACGTGGTCTTGCG-1",2
"CAAACTACGATAGAGA-1",1
"CAAACTATTGAGCTTC-1",1
"CAAACTCGCGACGCCG-1",6
"CAAAGATTATTGGGCC-1",6
"CAAAGGTCATCTGAAA-1",1
"CAAAGGTTAAATTCAG-1",5
"CAAAGTCAGGTTAGCT-1",1
"CAAATCTCTCACAAGG-1",6
"CAAATGTCCTTCCGTG-1",6
"CAAATTGGATTATGCC-1",5
"CAAATTGTCAGCAAGC-1",1
"CAACACATCTCCTGCC-1",1
"CAACAGAATAACGCTA-1",5
"CAACATGGCCTGATAA-1",1
"CAACCAGTGGCCTACC-1",6
"CAACCTACCGAGCAGT-1",6
"CAACCTGAACCTGCCA-1",2
"CAACGACCCGTTTACA-1",1
"CAACGGTTCTTGATAC-1",1
"CAACGTGGTGGAGTCT-1",6
"CAACTATATCGAATGC-1",1
"CAACTCCAACGTTTAG-1",2
"CAACTCCGTAACTTGC-1",2
"CAACTCCTTGATCCCG-1",1
"CAACTGAGGGTATGAC-1",2
"CAACTGCTCATCCGAT-1",3
"CAACTTGTAGTGGGCA-1",1
"CAAGAAACCCTAAACT-1",2
"CAAGAGGGCGGAGTAC-1",6
"CAAGATATTATAACGT-1",6
"CAAGCAACGTCGGAGT-1",6
"CAAGCACCAAATGCCT-1",1
"CAAGCGGCACATAATT-1",4
"CAAGGATCGCATGTTC-1",6
"CAAGGCCAGTGGTGCA-1",2
"CAAGGTCCTATAGGCT-1",1
"CAAGTAAGTGATAGAC-1",7
"CAAGTGAACTTTGGTT-1",1
"CAAGTGTGGTTGCAAA-1",1
"CAATAAACCTTGGCCC-1",1
"CAATACGAGAGTCTGA-1",1
"CAATACGCTCTGAGGC-1",6
"CAATATGTAGATTTAC-1",5
"CAATATTCTTGACCTA-1",4
"CAATCCATTATCCGTT-1",5
"CAATCCCTATACCAGC-1",2
"CAATCCTGCCGTGGAG-1",1
"CAATGACCCTTAATTT-1",6
"CAATGAGGTTCGACTA-1",2
"CAATGCGAGAAGTATC-1",6
"CAATGGAATCTACATA-1",1
"CAATGGATCTCTACCA-1",1
"CAATGGTCGGCCTGGG-1",1
"CAATGTGCCAACCCTT-1",1
"CAATTAAGGGTGATGA-1",1
"CAATTTCGTATAAGGG-1",6
"CACAAGAAAGATATTA-1",5
"CACAAGCTAAGAAAGG-1",6
"CACAATGAGCTGCTAT-1",6
"CACACACGCTAACGAG-1",6
"CACACAGCTTGCGCTC-1",1
"CACACAGGGATAGATT-1",6
"CACACGCGCTGTCTTA-1",1
"CACACGTTTCAATGGG-1",2
"CACACTTGTATTGCGA-1",5
"CACAGAGACGAGGACG-1",1
"CACAGCACCCACGGCA-1",6
"CACAGCTAGGGAGTGA-1",1
"CACAGGGCCATATAGT-1",6
"CACAGGGCCGTTGTCA-1",3
"CACAGTCCCGCTTCGC-1",6
"CACAGTTCGCTTCCCA-1",6
"CACATATTAGCAGGAT-1",6
"CACATCGTGCACGCGC-1",7
"CACATCTCACCGACGA-1",4
"CACATGATTCAGCAAC-1",6
"CACATGTTTGGACATG-1",1
"CACATTCTTTCGATGG-1",1
"CACATTTCTTGTCAGA-1",6
"CACCACGCCACACAGA-1",6
"CACCAGTCAGCATGCA-1",6
"CACCATCGGAGGAGAC-1",1
"CACCATGATCGCAAAG-1",2
"CACCCAAATCTTATGT-1",1
"CACCCACACGTCACCC-1",1
"CACCCACGAGGCAATT-1",1
"CACCCGGTTTGTGACT-1",6
"CACCCTAACAAGATCT-1",4
"CACCCTTGGTGAGACC-1",6
"CACCCTTTCCTCGCTC-1",1
"CACCGATACACCGAGC-1",1
"CACCGCCAGAAGGTTT-1",6
"CACCGCCGACCAGCGA-1",1
"CACCGCGTCCACTCTA-1",2
"CACCGGAGATATCTCC-1",1
"CACCGGTAGAGACATT-1",6
"CACCGTATCCCATCCG-1",6
"CACCGTTAGGGATCAC-1",4
"CACCGTTGCGCGATAT-1",6
"CACCTAATAGAGTCGT-1",1
"CACCTAATCAGTTTAC-1",1
"CACCTCGATGGTGGAC-1",1
"CACCTCTACGAGTGTG-1",2
"CACCTTGCGAAACTCG-1",1
"CACCTTGGCGCCTTTG-1",1
"CACGAAAGTTAGTCCC-1",6
"CACGACCACAGACTTT-1",2
"CACGACGTAATAGTAA-1",6
"CACGACTAAAGTTCTG-1",5
"CACGCACAGCGCAGCT-1",1
"CACGCAGCGAGGCTTT-1",6
"CACGCGGAACTGTTGC-1",6
"CACGGCGCGCCAAAGG-1",1
"CACGGGATTGAGGGTT-1",1
"CACGTCAATCAATGGA-1",6
"CACGTCGGCAACCTCT-1",6
"CACGTCTATGATGTGG-1",5
"CACGTTCGTGCTCTAG-1",6
"CACGTTTCGTACACAC-1",6
"CACTAAAGTTGCCTAT-1",6
"CACTACGGGAGCTGCC-1",6
"CACTACTCAGTTCTGT-1",1
"CACTCAAGAGCTATGG-1",6
"CACTCAGCTCTTGAGG-1",1
"CACTCCTATGTAAGAT-1",6
"CACTCCTCTCGGTCGG-1",1
"CACTCGAGCTGAACAA-1",6
"CACTCGGTTAGGAGGA-1",6
"CACTCTCAAGCATCGA-1",7
"CACTCTTCTGCTAGCC-1",6
"CACTGACGATTGTGGA-1",7
"CACTGTCCAAGTGAGA-1",1
"CACTTAATCAGACGGA-1",6
"CACTTCGCCACAGGCT-1",1
"CACTTCGTCTTATCTC-1",1
"CAGAACTTAGCCCTCT-1",6
"CAGAATAACACACGGA-1",6
"CAGAATATTCGTTATC-1",6
"CAGACACCGATCGCTG-1",4
"CAGACCTGTAAGTGTT-1",1
"CAGACGAACCTGATAC-1",4
"CAGAGACGGTCACCCA-1",4
"CAGAGCATGAGCTTGC-1",1
"CAGAGGCGATGCATGA-1",4
"CAGAGTGATTTAACGT-1",5
"CAGATAATGGGCGGGT-1",6
"CAGATACTAACATAGT-1",1
"CAGATATGAAGATGAC-1",6
"CAGATCATTTAAAGTC-1",5
"CAGATCCTGGTTTGAA-1",6
"CAGCAGCCCGTTCCTT-1",1
"CAGCAGTCCAGACTAT-1",6
"CAGCAGTCTGTGCTGC-1",3
"CAGCCCTCACAGGCAG-1",1
"CAGCCGGGCCCTCTAT-1",1
"CAGCCTCCTGCAGAGG-1",1
"CAGCCTCTCCTCAAGA-1",1
"CAGCGATTCCCTTCAA-1",4
"CAGCTCACTGAGACAT-1",6
"CAGCTCGACAAGTTAA-1",1
"CAGCTCGTGCTTGTGT-1",1
"CAGCTGGCGTAACCGT-1",6
"CAGCTTAGTAGGTAGC-1",6
"CAGGAAGACTTTATAT-1",5
"CAGGATATATCGTTGT-1",1
"CAGGCAGTCTTACCAG-1",3
"CAGGCCGTTTGGGTGT-1",1
"CAGGCGCACGGTGGTC-1",6
"CAGGCGCCATGCTAGG-1",6
"CAGGGAGATAGGCCAG-1",6
"CAGGTTTAGTACTACA-1",5
"CAGTAACTATTTATTG-1",5
"CAGTAATCCCTCCCAG-1",1
"CAGTACATTCTCTAAA-1",5
"CAGTACCAGTTTACGT-1",6
"CAGTAGATGATGTCCG-1",2
"CAGTAGCCCACGCGGT-1",1
"CAGTAGCGAGGTAGTA-1",2
"CAGTCCAACGCCTTCT-1",1
"CAGTCGAGGATGCAAT-1",2
"CAGTCTCTCGGCTAAT-1",1
"CAGTCTGTATACTGGG-1",6
"CAGTGAATAAATGACT-1",5
"CAGTGGTTGCACATGA-1",1
"CAGTGTCCGCAGAATG-1",1
"CAGTGTCGGCTGGCCC-1",6
"CAGTTCAAATTGACAC-1",6
"CAGTTCCGCGGGTCGA-1",6
"CAGTTCGAGGACCCGA-1",7
"CATAACGGACAGTCGT-1",6
"CATAAGAAGCTTGGCT-1",4
"CATAAGCTCTCCGTCT-1",6
"CATAATGAGCGGGCGA-1",1
"CATACAAAGCCGAACC-1",1
"CATACACGGTTCCCAC-1",3
"CATACCCGTACCCAGT-1",6
"CATACGAACTAGCTGG-1",4
"CATACGGCGTCTGGGC-1",6
"CATACGGGTGCATGAT-1",2
"CATACTATGTAATTGT-1",6
"CATACTTAGGCAATAC-1",1
"CATACTTCTTTCTCCG-1",7
"CATAGCCGCCCGGGAT-1",1
"CATAGCGTTGCCCACC-1",4
"CATAGTACATTGAGAG-1",1
"CATAGTAGCATAGTAG-1",6
"CATAGTCAAATACATA-1",4
"CATAGTCCACAAGAAC-1",6
"CATATACTACTGATAA-1",5
"CATATAGGTACAGTCA-1",6
"CATATGTCAGGCTACG-1",6
"CATATTATTTGCCCTA-1",1
"CATCAAACTGGCGCCC-1",2
"CATCAACACCTACTAA-1",2
"CATCATCTACCCGGAC-1",1
"CATCATTACCCTGAGG-1",6
"CATCCAATATAGTTTG-1",6
"CATCCGCAGGCCCGAA-1",1
"CATCCTCTCAAAGATC-1",6
"CATCGCCCGCGGCCAA-1",1
"CATCGGACGGGTTAAT-1",6
"CATCGTCCGGTTACTA-1",1
"CATCTACCCGAGAACG-1",1
"CATCTAGTGAAGGGAA-1",6
"CATCTATCCCGTGTCT-1",1
"CATCTGCAGGATCATT-1",1
"CATCTTACACCACCTC-1",1
"CATGAACCGACATTTG-1",1
"CATGAACCTCTTATCA-1",2
"CATGACTTCGCTGAAT-1",1
"CATGAGATGCACTCTC-1",4
"CATGATGCACAATTCT-1",1
"CATGATGGAAGTTAGC-1",6
"CATGCACGTGTTACTG-1",1
"CATGCATGGAGACCCT-1",6
"CATGCCAACTCGCAAA-1",6
"CATGCGACCAGTTTAA-1",1
"CATGCGTTAGACAGAA-1",1
"CATGCTGGCTCCAATT-1",1
"CATGGAAATGGGACCA-1",1
"CATGGATTGTCTTCCG-1",6
"CATGGCAGGAAGATCG-1",1
"CATGGCTCCCTATGTC-1",2
"CATGGGTATGCCTTAT-1",4
"CATGGGTCGGGTGTGG-1",1
"CATGGTAAGTAGCGTT-1",6
"CATGGTCTAGATACCG-1",6
"CATGTAAGAGACATTT-1",6
"CATGTAGGAGCGCCAA-1",2
"CATGTCTCATTTATGG-1",6
"CATTACATAGATTGTG-1",2
"CATTACGTCGGCCCGT-1",1
"CATTATCCCATTAACG-1",6
"CATTATGCTTGTTGTG-1",1
"CATTCACTGACAGCTA-1",1
"CATTCAGGTCAGTGCG-1",2
"CATTCCCATTCCGTCG-1",1
"CATTCCCTAAGTACAA-1",1
"CATTGATGAACACGCC-1",2
"CATTGCAAAGCATAAT-1",5
"CATTGCGAAATGGGCG-1",6
"CATTGCGGGTCAATTC-1",2
"CATTGTGTGCTAGATC-1",1
"CATTTAGCGGACCATG-1",1
"CATTTATCGTTCAAGA-1",1
"CATTTCTAGCAGACTA-1",1
"CATTTGAGTGGTACGT-1",6
"CCAAACAGAACCCTCG-1",1
"CCAAAGTCCCGCTAAC-1",1
"CCAAATAACAAGATTC-1",6
"CCAAATCAAAGGGCAA-1",6
"CCAACCTTATGTAACT-1",7
"CCAACGATGCACTGAT-1",6
"CCAACGCTTGCCAGGG-1",2
"CCAACTTGATAGATCC-1",6
"CCAAGAAAGTGGGCGA-1",6
"CCAAGACTTCTGCGAA-1",1
"CCAAGCGTAACTCGTA-1",6
"CCAAGGAACAGAGAGG-1",1
"CCAAGTTTCTACAGAT-1",1
"CCAATAGATTTCATCT-1",6
"CCAATAGTGCCGTCGA-1",6
"CCAATCGGTAGATCGA-1",1
"CCAATGTCACAGCAAG-1",6
"CCAATTACGGGTCGAG-1",1
"CCAATTGAATGTTAAT-1",6
"CCACAATGTACGTCTT-1",1
"CCACACTGAGATATTA-1",6
"CCACAGCTGAAATCAT-1",1
"CCACAGTACCCATCCT-1",6
"CCACATACTGCACCCA-1",6
"CCACCAACTTTACTGT-1",6
"CCACCCAAGGAAAGTG-1",6
"CCACGAATTTAACCTC-1",1
"CCACGAGAAGAGAATC-1",1
"CCACGGAGCCATAAGA-1",6
"CCACGGTGCCCGGTAG-1",1
"CCACGTAAATTAGACT-1",2
"CCACTAAACTGAATCG-1",6
"CCACTATCCGGGTCAC-1",2
"CCACTGGTGGCTGGTT-1",6
"CCACTGTTTGGATTAA-1",6
"CCAGAAAGCAACTCAT-1",6
"CCAGAGACAAAGCCGG-1",1
"CCAGATAGTTGAGTGA-1",1
"CCAGATGTAAATGGGT-1",2
"CCAGCCTGGACCAATA-1",6
"CCAGCGGGATCACCAG-1",1
"CCAGCTACGCCTCATA-1",1
"CCAGCTCGAACGCATT-1",3
"CCAGCTGATGGTACTT-1",6
"CCAGCTTCCGCCCGCA-1",6
"CCAGGCTGGCGTCTGA-1",6
"CCAGGGACGTGGCCTC-1",6
"CCAGTAGTCTGATCCA-1",1
"CCAGTCAAATCTCTTA-1",6
"CCAGTCCATTATTCGA-1",1
"CCAGTCTAGACGGCGC-1",1
"CCAGTCTTGTCATAGA-1",3
"CCATAAACAACCCGAC-1",1
"CCATACCTTTACTTGT-1",1
"CCATACTCGCCTCTCC-1",6
"CCATAGGTTGGCGTGG-1",1
"CCATAGTCAGTAACCC-1",1
"CCATATGGAAACTATA-1",6
"CCATCATAAGAACAGG-1",5
"CCATCCATACCAAGTC-1",1
"CCATCGCAGTTAAACT-1",4
"CCATCTCACCAGTGAA-1",6
"CCATCTTGTTCACAAT-1",1
"CCATGCCCTAGATTTC-1",6
"CCATGCCTGTTTAGTA-1",6
"CCATGCTCTGCAGGAA-1",1
"CCATGGCCCTTGTACC-1",6
"CCATGTTCATCTATAT-1",6
"CCATTAGCGATAATCC-1",6
"CCATTCCCTGCCCACA-1",6
"CCATTGTTTCCTCCAT-1",2
"CCATTTCTACCTATTA-1",4
"CCCAAACATGCTGCTC-1",1
"CCCAACATACGTCGCG-1",6
"CCCAACCACACTAACA-1",1
"CCCAAGAATGCACGGT-1",2
"CCCAAGACAGAGTATG-1",1
"CCCAATGAGATTTGCA-1",3
"CCCAATTTCACAACTT-1",6
"CCCAGAGGAGGGCGTA-1",2
"CCCAGGTCTGAAGGCT-1",6
"CCCAGTAAACTTGGGA-1",6
"CCCAGTTAAGGCGCCG-1",1
"CCCATATAGGTCGATT-1",6
"CCCGAAGTTTCGCGAA-1",6
"CCCGACCATAGTCCGC-1",1
"CCCGAGTTTCTCCGTA-1",6
"CCCGCAGCGCGAACTA-1",6
"CCCGCAGGGCCCAAAG-1",1
"CCCGCCATGCTCCCGT-1",1
"CCCGCGCAATGCACCC-1",1
"CCCGCTAGAGGGTTAA-1",5
"CCCGGGTCGTTCAGGG-1",7
"CCCGGTGGAAGAACCT-1",1
"CCCGGTGTATCGGAAT-1",6
"CCCGTAAGTCTAGGCC-1",6
"CCCGTAGCTGGGAAGA-1",4
"CCCGTCAGCGTCTGAC-1",1
"CCCGTTTCGCAGATGT-1",6
"CCCTAGTGTCAGGTGT-1",1
"CCCTATGTAGAGCAGA-1",6
"CCCTCAAGCTCTTAGT-1",2
"CCCTCATTCTGGAATT-1",1
"CCCTCCTCGCTCGTAT-1",6
"CCCTCGGGAGCCTTGT-1",1
"CCCTGAAATGAGTTGA-1",6
"CCCTGACTAACAAATT-1",6
"CCCTGATGTAACTCGT-1",1
"CCCTGCCCAATCCGCT-1",6
"CCCTGCGCTACGCATA-1",6
"CCCTGGTATGGGCGGC-1",1
"CCCTTTAATGGAGTTC-1",6
"CCCTTTGACAGGTCTT-1",4
"CCGAAAGTGGTGAGCA-1",1
"CCGAACACTGGGCCTC-1",6
"CCGAACCTTCCCGGCC-1",6
"CCGAAGTATATTGTTC-1",6
"CCGACAAACACATGAG-1",1
"CCGACAAAGGGAGTGC-1",6
"CCGACAATAGGCCGCC-1",6
"CCGACGGGCATGAGGT-1",6
"CCGACGTAAACACAAC-1",1
"CCGACTCGCATAGTCT-1",1
"CCGAGAAGTCGCATAA-1",6
"CCGAGCTGTGCTTGTC-1",2
"CCGAGGGATGTTAGGC-1",1
"CCGATATGACGTAAGG-1",6
"CCGATCTCAACCTTAT-1",1
"CCGATCTTAAGAGGCT-1",5
"CCGATTCGAGGGACCC-1",6
"CCGATTGGTCAATGAA-1",2
"CCGCACAAAGACCAAC-1",6
"CCGCACACGAACGTGT-1",1
"CCGCACGTGACCTCGG-1",6
"CCGCATGTGGTACGAT-1",3
"CCGCCACCACAATCCA-1",1
"CCGCCGGAACTTCTCG-1",6
"CCGCCGGTCAACACAC-1",1
"CCGCCGTTGAGGATAA-1",6
"CCGCCTGCGAATTGGT-1",1
"CCGCCTTGCGATGTCG-1",1
"CCGCGATTTGGTAGGT-1",1
"CCGCGGAATGCGTCAC-1",4
"CCGCGGGTACGAAGAA-1",6
"CCGCGTAGGTAAGGGC-1",6
"CCGCTATCAGCACCAG-1",6
"CCGCTCTTCCGAACTA-1",4
"CCGCTGGTGCCATTCA-1",2
"CCGCTTACCTCACTCT-1",6
"CCGCTTCGCGGTTAAC-1",1
"CCGCTTGCTGACATGG-1",2
"CCGGAATGGTTTCAGT-1",1
"CCGGAGCGTACTTTCT-1",3
"CCGGCACGACCGTTTC-1",2
"CCGGCGCATATTGGAT-1",1
"CCGGCGTGAGACTCTG-1",6
"CCGGGACCCGCAGAGA-1",6
"CCGGGCGGTCTCGTCA-1",1
"CCGGGCTAAGAATTTC-1",6
"CCGGGCTGCTCCATAC-1",6
"CCGGGTTCGAGGTTAC-1",6
"CCGGTAATGGCTAGTC-1",2
"CCGGTGCGAGTGATAG-1",5
"CCGGTTTGTAATTGTG-1",6
"CCGTAAGTTGGTCCCA-1",1
"CCGTACCCAAGCGCCA-1",1
"CCGTAGGAAATCCCTG-1",4
"CCGTAGGGTTGTTTAC-1",6
"CCGTATCTCGTCGTAG-1",6
"CCGTATTAGCGCAGTT-1",2
"CCGTCAACCTCTGGCG-1",4
"CCGTGAGGCATTCATG-1",2
"CCGTGCCCATGACGGC-1",1
"CCGTGGAACGATCCAA-1",2
"CCGTGTTAAATTCCAT-1",6
"CCGTTACGTTAGAACA-1",1
"CCGTTCCGAATCTCGG-1",6
"CCTAAAGGCTGACGCT-1",1
"CCTAAATTAACGGTTC-1",6
"CCTAAATTGTATCCTA-1",6
"CCTAACCCAAACAAGT-1",6
"CCTAACTAAGGCTCTA-1",1
"CCTACAAGTCCGGAAT-1",1
"CCTACATTCACAGACG-1",6
"CCTACGCGACCTTACA-1",1
"CCTACGGCTCAGTCGA-1",1
"CCTACTCAACACGATT-1",6
"CCTACTGCGGCGGCCA-1",2
"CCTACTGCTTACACTT-1",6
"CCTAGGCGTAGCGATC-1",1
"CCTAGGTAAAGGTAGC-1",6
"CCTAGTTAGTCGCATG-1",1
"CCTATAATGAGTGCCC-1",4
"CCTATACCGTCCTGTC-1",3
"CCTATATCGTGTCACG-1",6
"CCTATATTTGTCCTGG-1",3
"CCTATCTATATCGGAA-1",1
"CCTATGAAGTGGTGCC-1",1
"CCTATGGCTCCTAGTG-1",6
"CCTATGGGTTACCGTC-1",6
"CCTATGGTCAAAGCTG-1",7
"CCTATGTCCACTCCAC-1",4
"CCTCACCAATCTTGAC-1",1
"CCTCACCTGAGGGAGC-1",1
"CCTCACCTTAGCATCG-1",1
"CCTCATGCAGCTACGA-1",1
"CCTCCCGACAATCCCT-1",1
"CCTCCGACAATTCAAG-1",6
"CCTCCTAGCTAGAGTC-1",4
"CCTCCTGAGCCCACAT-1",6
"CCTCCTGTTGTGTCGT-1",6
"CCTCGAAGTGGACGGG-1",1
"CCTCGACCCACTGCCT-1",1
"CCTCGCCAGCAAATTA-1",1
"CCTCGCGCGATATAGG-1",1
"CCTCGCGCTGTGCGAT-1",3
"CCTCGGACCGGGATAG-1",1
"CCTCGGATGCTACCTG-1",6
"CCTCGTTACGCCTGTT-1",1
"CCTCTAATCTGCCAAG-1",1
"CCTCTACAAGGATTGG-1",6
"CCTCTATCGATTAGCA-1",6
"CCTCTCTCCCATCTAG-1",1
"CCTCTGGCCTAGACGG-1",1
"CCTCTGTACTATTCTA-1",4
"CCTGAACGATATATTC-1",6
"CCTGAATATTTACATA-1",1
"CCTGACAAACTCGCGC-1",2
"CCTGACCACCGATGGT-1",6
"CCTGACGCAACCTTTA-1",1
"CCTGCCCGTTGTCTAG-1",6
"CCTGCGATAGAACTGT-1",1
"CCTGCGTTCTACGCTT-1",6
"CCTGCTATTTGAGAAG-1",6
"CCTGGAAACGTTCTGC-1",1
"CCTGGCTAGACCCGCC-1",6
"CCTGGTCGAATGTGGG-1",4
"CCTGTAAGACATGATA-1",6
"CCTGTACTCACGCCCA-1",6
"CCTGTCACCCGGGCTC-1",1
"CCTGTCCCTCACGTTA-1",1
"CCTGTCGCCCGTAAAT-1",6
"CCTGTGAAACCGTAAC-1",1
"CCTGTGCGGATTGTAA-1",1
"CCTGTTTGAAGACACG-1",6
"CCTTCAGTTAAAGTGA-1",3
"CCTTCGTATAGAATCC-1",3
"CCTTCTCAGCGTTCCT-1",6
"CCTTCTTGATCCAGTG-1",1
"CCTTGACCACTTTATT-1",6
"CCTTTAAGGGAGCACT-1",4
"CCTTTCAATGAAGAAA-1",1
"CGAAACATAGATGGCA-1",1
"CGAAACGCAATTCATG-1",6
"CGAACAGTATGGGCGT-1",6
"CGAACATAGTCAGAAA-1",5
"CGAACCCGCATGCGTC-1",6
"CGAACGCCCAGTGCCG-1",1
"CGAACGGCCGGACAAC-1",6
"CGAAGACGGTGAGTGC-1",2
"CGAAGCTATAAATTCA-1",2
"CGAAGGGTTTCAGATT-1",6
"CGAAGTTGCTCTGTGT-1",6
"CGAATCTGCTCGACGC-1",6
"CGAATGAAGTCATTGC-1",6
"CGAATGACGCATAATG-1",3
"CGAATTACATGGTGTT-1",2
"CGACAATTTGATCTAA-1",1
"CGACACCGCTTAAGGA-1",2
"CGACACGCTCCGACAG-1",6
"CGACACGGATGCCCAC-1",5
"CGACAGTTCGCGTTAT-1",6
"CGACATGCGATCTTCT-1",1
"CGACCCTTAACGCCGG-1",6
"CGACGCATCCGTACCT-1",6
"CGACTCAGGATGTTAT-1",1
"CGACTCGGTACACGGT-1",2
"CGACTTTGTATAGCCT-1",2
"CGAGACCCTAGAGTGT-1",6
"CGAGAGATGTGAACCT-1",1
"CGAGAGCGCGTAGATA-1",6
"CGAGAGCTTTCACTAC-1",4
"CGAGAGGGTAGCCGCG-1",6
"CGAGATGTTGCCTATA-1",1
"CGAGATTTCGCTCGGG-1",1
"CGAGCACTTCAAGTTT-1",6
"CGAGCGTTGATCAGCC-1",1
"CGAGCTGGGCTTTAGG-1",1
"CGAGGAGCTTCCATAT-1",2
"CGAGGATCGGGAACGA-1",2
"CGAGGCCAGGCATTGG-1",1
"CGAGGCTAAATATGGC-1",1
"CGAGGGACTGCGGTCG-1",6
"CGAGGGTATCCAGGTG-1",3
"CGAGTACTAAAGAGGA-1",6
"CGAGTGAAGGTACCAG-1",6
"CGAGTGCTATAGTTCG-1",1
"CGAGTTCTGTCCCACC-1",1
"CGAGTTTATCGGACTG-1",6
"CGATAACCAATTTGAG-1",2
"CGATAATACTCAGGTT-1",1
"CGATACCTCGCGGACA-1",6
"CGATAGCGATACAGTG-1",6
"CGATAGTCGTACTGCA-1",3
"CGATATTAGCCGCAGG-1",1
"CGATCATTAGAGGCAC-1",2
"CGATCCGACCCAGTGC-1",6
"CGATCCTCGCAACATA-1",7
"CGATCTGTTGGAGGAC-1",6
"CGATGGACCCTACGCC-1",2
"CGATGTTGTTATCTAC-1",6
"CGATTAAATATCTCCT-1",4
"CGATTCGCCTGGCTGC-1",4
"CGCAAACACGAGTTAC-1",6
"CGCAATCGATCATTAG-1",1
"CGCAATTACTTTCGGT-1",1
"CGCAATTAGGGTAATA-1",6
"CGCAATTCTACAATAA-1",6
"CGCACATGTCCACTAC-1",6
"CGCACGTCTGTTTATG-1",4
"CGCACGTGCGCTATCA-1",6
"CGCAGAAACATTTGCG-1",1
"CGCAGATCTTCACCCG-1",2
"CGCAGGCGATCCAAAC-1",6
"CGCATCATGGCTTCAG-1",1
"CGCATCCATCAGCCAG-1",1
"CGCATGCCGAATGCGT-1",4
"CGCATGGTGCGATGCT-1",6
"CGCATTAGCTAATAGG-1",6
"CGCCAAGAAGCCGAGT-1",1
"CGCCACAGGTCGCGAT-1",6
"CGCCACCCGCATTAAC-1",2
"CGCCATCCGATTATGA-1",1
"CGCCCAGCACGCCTAG-1",4
"CGCCCAGCGTTTCACG-1",4
"CGCCCGCTTCCGTACA-1",1
"CGCCCTAATTGTTCAA-1",6
"CGCCCTTACATCCACC-1",2
"CGCCCTTGAAGGCTGA-1",1
"CGCCGCCCATGCCTGT-1",6
"CGCCGGTGTCGCAGTA-1",2
"CGCCGTCTACCCATCG-1",6
"CGCCGTTCAGCATAGT-1",6
"CGCCTCCCTCCTCTAT-1",1
"CGCCTGGCCTACGTAA-1",6
"CGCCTTTAGCATGCTC-1",6
"CGCGAAGTGGCATACT-1",4
"CGCGACACTGCGCAGC-1",1
"CGCGACCGCGACAGAT-1",4
"CGCGAGAGGGACTTGT-1",1
"CGCGAGTCTGCCGGGT-1",6
"CGCGCAAATGTCCAGA-1",6
"CGCGCAAGGAACTACA-1",1
"CGCGCATGTTTGATTG-1",4
"CGCGCCCGACTTAATA-1",1
"CGCGGCAGTATTACGG-1",1
"CGCGGCTCAACTTGAA-1",6
"CGCGGGAATTAGGCAG-1",1
"CGCGGTAAGTCTAGCT-1",1
"CGCGGTACGGTATACA-1",6
"CGCGGTCACAAACCAA-1",2
"CGCGTACATTCTGGAA-1",2
"CGCGTCATATTAAACC-1",1
"CGCGTTCATGAAATAC-1",1
"CGCTACCGCCCTATGA-1",2
"CGCTACGGGACATTTA-1",6
"CGCTAGAGACCGCTGC-1",6
"CGCTATACCGCCCACT-1",1
"CGCTATCGTGGCTTTA-1",2
"CGCTATTCAATGTATG-1",1
"CGCTATTCTTAGGCTC-1",6
"CGCTCGACATAATGAT-1",1
"CGCTCTCCGTAGATTA-1",6
"CGCTGGTGACTACCCT-1",6
"CGCTGTGACGCCGCAC-1",6
"CGCTGTGTGGATGTTG-1",3
"CGCTTAGTATTGATAC-1",7
"CGCTTATTCCCGGTCG-1",1
"CGCTTCCACTGAAATC-1",1
"CGCTTCGGTCTAAGAC-1",6
"CGCTTGGACGGATAGA-1",6
"CGCTTTCATACCGGTG-1",1
"CGCTTTCTTGCATTCG-1",1
"CGGAAAGAATCAAACG-1",3
"CGGAAAGCAAATGTGC-1",2
"CGGAAATTTCACATCC-1",1
"CGGAACGTAAACATAG-1",6
"CGGAGCAATTTAATCG-1",4
"CGGAGCATGGCGATCC-1",6
"CGGAGCTTATAACACC-1",1
"CGGAGTTTGAGAGACA-1",6
"CGGATAAGCGGACATG-1",1
"CGGATCCTCAAGGACT-1",4
"CGGCAAACATCGTGCG-1",4
"CGGCAATAAGATCGCC-1",6
"CGGCACCGTTAGCGCC-1",1
"CGGCACTCAAGAAAGT-1",1
"CGGCAGGGTCGGGTTG-1",1
"CGGCCACGCACAAAGT-1",6
"CGGCCAGAGCGACCAT-1",7
"CGGCCCAACCTGTAGT-1",1
"CGGCCCAGGTATATCC-1",6
"CGGCGCCATCAATCCC-1",6
"CGGCTCTAAAGCTGCA-1",1
"CGGCTCTTCGTCGAAC-1",1
"CGGCTGAAGGTTACGC-1",2
"CGGCTGCAAGATTAAG-1",1
"CGGCTTTGTATGATAA-1",1
"CGGGAATATAGTATAC-1",6
"CGGGAATTTATGTAAA-1",6
"CGGGAGCTTCAGTGTA-1",6
"CGGGAGTATACCGCCG-1",1
"CGGGATCAATGTAAGA-1",6
"CGGGCAGCTAAACCGC-1",6
"CGGGCCATAGCCGCAC-1",1
"CGGGCCTTCTTTGTAA-1",6
"CGGGCGATGGATCACG-1",3
"CGGGCTACTTAAATTG-1",5
"CGGGTGTACCCATTTA-1",1
"CGGGTTCGGCACGTAT-1",2
"CGGGTTTGTTAGGGCT-1",6
"CGGTACTAGAATCAAA-1",6
"CGGTAGAGGTGCAGGT-1",1
"CGGTATAGGTATTAGC-1",2
"CGGTCAAGTGGGAACC-1",1
"CGGTCCATGAGACTCC-1",2
"CGGTCCGTCGCAAGCC-1",7
"CGGTCTATCAACCCGT-1",1
"CGGTGAAGACTAAAGT-1",6
"CGGTGCAGATAGAACG-1",6
"CGGTGCGCGTTGGTCC-1",1
"CGGTGGGCTCCAGCCT-1",2
"CGGTGTACTTGATCCC-1",1
"CGGTTATCCAACAGTG-1",1
"CGGTTCAAGTAGGTGT-1",1
"CGGTTCCGGCTTCTTG-1",6
"CGGTTGACCTGGCATA-1",6
"CGGTTGAGTATCCTTC-1",4
"CGGTTGGGTTCAAGTT-1",1
"CGGTTTATGAAGGAAC-1",2
"CGTAAACGCTTGAGTG-1",1
"CGTAACGGAACGATCA-1",2
"CGTAACTTCGACACTT-1",7
"CGTACCGAAAGTCTAG-1",1
"CGTACCTGATAGGCCT-1",1
"CGTAGAGAGTAATTAT-1",4
"CGTAGCGAATTGTCAG-1",1
"CGTAGCGCCGACGTTG-1",1
"CGTATTAAGAGATCTA-1",6
"CGTCAAATGGTCGCAG-1",2
"CGTCAAGGCTATAAAT-1",1
"CGTCACGTCCATTGGT-1",6
"CGTCAGCTATTTACTC-1",1
"CGTCAGTGCGCACAAG-1",1
"CGTCAGTTTATCGTCT-1",1
"CGTCATACCATATCCA-1",1
"CGTCGCATGTGAGCCA-1",7
"CGTCGCGGCGGGATTT-1",1
"CGTCGCTTGGTTATAC-1",6
"CGTCGGATAGTGTTGA-1",1
"CGTCGGGTCTAAGCGC-1",6
"CGTCGTCCTTCGCGAA-1",6
"CGTCTCTCGCCGAGGC-1",2
"CGTCTGGAAGGGCCCG-1",1
"CGTGAAGTTAATTCAC-1",6
"CGTGACATTGGGTCGT-1",1
"CGTGACCAGTCCTCTG-1",7
"CGTGCAGACTGGGACA-1",6
"CGTGCATTGTCGACGC-1",6
"CGTGCCCTCCCGAAGA-1",6
"CGTGCTGGCCTAGTCG-1",1
"CGTGCTTCTACCTAAA-1",4
"CGTGGAAGCCTCGTAC-1",1
"CGTGGCCGAATATCTA-1",6
"CGTGGTACCCAAAGGC-1",7
"CGTGTATGGGAGCTGA-1",6
"CGTGTCCCATTCGCGA-1",6
"CGTGTCTCGTTACGAC-1",4
"CGTGTGTTAAACCCTG-1",2
"CGTTAAACTAGTTAGG-1",6
"CGTTAATGTCCCGACG-1",6
"CGTTAGCTCACAACTG-1",1
"CGTTCAAGGAAACGGA-1",4
"CGTTCAGACCCGCGAA-1",3
"CGTTCATGGTGCGCGT-1",6
"CGTTCTTCGCACACCT-1",2
"CGTTGAATACCGCGCT-1",4
"CGTTGAGCGACCGTCG-1",6
"CGTTGAGTAATTGCGT-1",1
"CGTTGCCCGCGTGGGA-1",7
"CGTTGTAAACGTCAGG-1",1
"CGTTGTAAGATTGATT-1",2
"CGTTGTCGGCAATTGA-1",7
"CGTTGTTTCAATTCCC-1",6
"CGTTTAAGCGGAGCAC-1",1
"CGTTTACAAGGCAGCT-1",2
"CGTTTCACTTCGGGCG-1",1
"CGTTTCGCTCATTACA-1",6
"CGTTTGGTGTTGTGGG-1",6
"CGTTTGTGTAGAGGGT-1",6
"CTAAAGAATGCCTACT-1",6
"CTAAAGGGAAATAGGA-1",6
"CTAAAGTCCGAAGCTA-1",1
"CTAAATCCGGTGTACA-1",4
"CTAAATCCTATTCCGG-1",1
"CTAACCGCGCGCCCGT-1",1
"CTAACGAAACTTGCTG-1",1
"CTAACTGATAATCGCC-1",6
"CTAACTGGTCCGGTTC-1",6
"CTAAGGGAATGATTGG-1",6
"CTAAGTACAGGGCTAC-1",1
"CTAATTATGAAGCGTA-1",5
"CTAATTCGCACGCGCT-1",6
"CTAATTCTCAGATATT-1",1
"CTAATTTCAACAACAC-1",1
"CTACAAGAAATAACCC-1",6
"CTACACTCGCAGATGG-1",6
"CTACCCTAAGGTCATA-1",1
"CTACGAACTAGGTCGA-1",2
"CTACGACTAGCTATAA-1",6
"CTACGATCCTATCCTA-1",7
"CTACGCACGGAGTACC-1",6
"CTACGCCATTTCCGAT-1",1
"CTACGTGTTGCCACCA-1",2
"CTACTATCATAGGTTT-1",6
"CTACTATCTTTCAGAG-1",1
"CTACTCAAGGTATAGT-1",3
"CTACTCTAGGCCCGGC-1",6
"CTACTGCCACCTGACC-1",1
"CTAGACATATATGTAG-1",5
"CTAGACTGCATTTCGT-1",1
"CTAGATAAACTCCTCG-1",5
"CTAGATGTGAGTGTAA-1",6
"CTAGATTTACGACGGC-1",6
"CTAGCATAGTATAATG-1",6
"CTAGCCACAGGCGAGC-1",6
"CTAGCCGATGTTATGA-1",5
"CTAGCGCCAATCCTAC-1",1
"CTAGCTTAATGGTCCC-1",1
"CTAGGCGCCCTATCAG-1",6
"CTAGGCGGCAGAGAAT-1",2
"CTAGGGATAGGGACAA-1",4
"CTAGGTCTGAAGGAAT-1",6
"CTAGGTTCGGACGTGA-1",3
"CTAGTAGAAAGGGATT-1",4
"CTAGTATTCGGAATTA-1",5
"CTAGTCACGTCTTAAG-1",6
"CTAGTGAAGGACAGGA-1",6
"CTAGTTACAACCCGGT-1",4
"CTAGTTGGGCCCGGTA-1",1
"CTATAAGAGCCAATCG-1",1
"CTATAGGCGTTGATGT-1",3
"CTATATCCAGCCTGGC-1",4
"CTATCGACGAAATACA-1",6
"CTATCGCGTAGAGAAC-1",6
"CTATCGGGTCTCAACA-1",6
"CTATGCCCGAATGCAA-1",7
"CTATGGGAAGCGGAAT-1",6
"CTATGTCACTAGCCCA-1",6
"CTATGTCTATTGAAAC-1",1
"CTATGTGAGTCACGGC-1",6
"CTATTCATGTGTCCCA-1",6
"CTATTGTGTTTGGTCA-1",5
"CTATTTGGTTACGGAT-1",6
"CTCAAACCACTGCCCG-1",7
"CTCAACTAACCCGGAT-1",4
"CTCAAGACATTAGCGC-1",2
"CTCACACGCAAGCCTA-1",2
"CTCACATTTACTAAAT-1",3
"CTCACCAGTACAAGTG-1",1
"CTCACCGATCCAAACT-1",1
"CTCACTGTGATACTTA-1",7
"CTCACTTGGCTGGTAA-1",6
"CTCAGCAGACTGCCGA-1",2
"CTCAGGACTCACCTGT-1",1
"CTCAGTCACGACAAAT-1",2
"CTCATGGCTCACAATC-1",1
"CTCATGGTAATTTGCG-1",6
"CTCATTCGTGAACATC-1",2
"CTCATTGCTCTAACAA-1",4
"CTCATTTGATGGGCGG-1",1
"CTCCCAATGAGTCGCG-1",6
"CTCCCTCCTTTCGATC-1",6
"CTCCGAGTAAATCCGC-1",2
"CTCCGCCCACATGAGG-1",6
"CTCCGGCCTAATATGC-1",1
"CTCCGGCTTGTAGACA-1",1
"CTCCTAAGTTATGTCT-1",1
"CTCCTCCAGCTCACAC-1",3
"CTCCTGTTCAAGGCAG-1",6
"CTCCTTTACGCAAGTC-1",2
"CTCGAATGGAACGTAT-1",6
"CTCGAGACATACGATA-1",6
"CTCGAGATCCAAAGCA-1",1
"CTCGAGGTCGAACAGT-1",6
"CTCGATATTTGCGAGC-1",1
"CTCGCACCTATATAGT-1",1
"CTCGCATTGCATAGCC-1",6
"CTCGCCGAATGTAGGG-1",3
"CTCGGGATAACACCTA-1",5
"CTCGGGTTCTCTGGCC-1",6
"CTCGGTACCACTGCTC-1",6
"CTCGGTCCGTAGCCTG-1",1
"CTCGGTTGTCGGCCCT-1",6
"CTCGTCGAGGGCTCAT-1",6
"CTCGTTTCTAATGTTT-1",5
"CTCTAATGCATTGATC-1",1
"CTCTACACTGGCGATT-1",6
"CTCTAGCCCTCGGAAA-1",4
"CTCTATTTGGCTGCAG-1",6
"CTCTCACAATCGATGA-1",1
"CTCTCGATGTGCGCCT-1",1
"CTCTCGCTGTACTATG-1",1
"CTCTCTAACTGCCTAG-1",6
"CTCTGCGAAGCAAGCA-1",1
"CTCTGGACGCCTGGTG-1",6
"CTCTGTTTGAGGATTC-1",1
"CTCTTCTATTGACTGG-1",6
"CTCTTCTGGAAGTTAG-1",7
"CTCTTGTCCCGCTTGG-1",6
"CTGAAACGGCCCTCAG-1",2
"CTGAAAGAGATCCGAC-1",1
"CTGAATCCGAGACCTC-1",6
"CTGAATTTATTGCCAG-1",5
"CTGACATAGAAATAGA-1",6
"CTGACTGCGCAGCTCG-1",1
"CTGAGAAAGTTCGGCG-1",6
"CTGAGCAAGTAACAAG-1",1
"CTGAGCGAGACTTATT-1",1
"CTGATAGTGTATCTCA-1",1
"CTGCAAGCACGTTCCG-1",6
"CTGCACAACTACATAT-1",6
"CTGCACCTAGTCCACA-1",2
"CTGCACCTGGAACCGC-1",1
"CTGCACTCCAGTACAG-1",4
"CTGCAGAGAATCAGAG-1",6
"CTGCCAAGGTTGGAAG-1",1
"CTGCCATGCATCACAT-1",6
"CTGCCCACGAAGCGTT-1",6
"CTGCCTAGCCACCAAG-1",1
"CTGCCTCATATGCAAC-1",1
"CTGCCTTTAATACCTT-1",6
"CTGCCTTTCTAGTAAA-1",4
"CTGCGGGTGAAATGTT-1",6
"CTGCGGTAGTCACGTG-1",2
"CTGCGTTACGATATAA-1",1
"CTGCTGAGGCCACGAA-1",6
"CTGCTGTCTAACGAGC-1",6
"CTGCTTGGCGATAGCT-1",4
"CTGCTTTATGTCCGCG-1",2
"CTGGAAATGGATGCTT-1",6
"CTGGAAGACACGGTGG-1",6
"CTGGACGCAGTCCGGC-1",6
"CTGGATTTACACTTGA-1",4
"CTGGCATCCGAATGAG-1",6
"CTGGCGACATAAGTCC-1",2
"CTGGCGCACAGGTCTG-1",1
"CTGGCGGGAATAAGTA-1",1
"CTGGCTCCTGCGGGAT-1",2
"CTGGCTGATTCATCCT-1",6
"CTGGCTGCTAACGTAA-1",2
"CTGGCTGGTTGTCAGT-1",4
"CTGGGATAAATAATGG-1",6
"CTGGGATACGCTACCC-1",1
"CTGGGCACTAGTCGGA-1",1
"CTGGGCCTGCTATATC-1",6
"CTGGGCGGCCAAATGT-1",1
"CTGGGCTATCCTTTGG-1",1
"CTGGGTAGGCAGTTAA-1",6
"CTGGGTTGAGTTAAAG-1",6
"CTGGTAAAGTGTGGGC-1",6
"CTGGTAACACATAGAA-1",6
"CTGGTAACGAGCTCTT-1",1
"CTGGTCATTCCAATCC-1",1
"CTGGTCCTAACTTGGC-1",1
"CTGGTGAATGGGCCTA-1",6
"CTGGTTCAACGCATCA-1",2
"CTGGTTTCGAGCAAGA-1",6
"CTGTACTTCTTAGCAT-1",6
"CTGTAGCCATCTCACT-1",3
"CTGTAGTGAGGATCGA-1",3
"CTGTATGGTGTAGAAA-1",1
"CTGTCAAATGGCTCGG-1",1
"CTGTCACGCCAGGCGC-1",2
"CTGTGCAGGGTAGGTC-1",6
"CTGTGGTCGGGAGATA-1",6
"CTGTTACCCAATCTAG-1",6
"CTGTTCACTGCCTGTG-1",1
"CTGTTCATCTCACGGG-1",1
"CTGTTGGCTCTTCTGA-1",1
"CTGTTGTTCAGTCGTA-1",6
"CTTAAATAAGACCCAT-1",1
"CTTAACTTCGAAGTAC-1",1
"CTTACACGGTATTCCA-1",6
"CTTACACTGGGAAATA-1",1
"CTTAGCCCGGATAGTG-1",6
"CTTAGCCTTCCACATG-1",1
"CTTAGGTATAGACCAG-1",6
"CTTAGTAGGCCTACAG-1",1
"CTTAGTGTAGTAGCAT-1",4
"CTTAGTTGAGGAATCG-1",4
"CTTATAGATGGCTGTT-1",6
"CTTATGCGCTCAGGGC-1",6
"CTTATGTTGACTACCA-1",1
"CTTCAACTCCACTTGG-1",4
"CTTCAGTGGTCGCCTA-1",6
"CTTCATAGCTCAAGAA-1",1
"CTTCATTGTCAGTGGA-1",1
"CTTCCGCTCCGTGAAG-1",4
"CTTCCTGCATATTTAC-1",5
"CTTCGATTGCGCAAGC-1",4
"CTTCGGCCAATTGTTT-1",6
"CTTCGTAGATAGGTGA-1",6
"CTTCTATGTTGAAGTA-1",6
"CTTCTATTAATGCTAG-1",6
"CTTCTGGGCGTACCTA-1",3
"CTTCTTACGTCGTATA-1",1
"CTTGACCCGAAAGATA-1",1
"CTTGAGGTTATCCCGA-1",1
"CTTGAGTTAGGGTAAT-1",6
"CTTGCAACCGCCTCCT-1",6
"CTTGCCCAGGCTCTAC-1",6
"CTTGGCCAAGCTGGGA-1",7
"CTTGTACTTGTTGACT-1",1
"CTTGTCAACATTCGAG-1",6
"CTTGTCGTACGTGTCA-1",1
"CTTGTGAGGACAGCGG-1",1
"CTTGTGAGTCTTTGAC-1",1
"CTTGTGCTCACCGATT-1",1
"CTTGTTGCTGAGTCAA-1",6
"CTTGTTTATGTAGCCA-1",1
"CTTTAACTTTCAAAGG-1",1
"CTTTAATATTGGTCGA-1",6
"CTTTACCGAATAGTAG-1",6
"CTTTAGGAACACTGTT-1",6
"CTTTAGTGCTATTATT-1",6
"CTTTCTGTGCGGGCTT-1",4
"CTTTGAAACATATTCC-1",2
"CTTTGCATCGCTCTTG-1",6
"CTTTGCTGTCATGGAT-1",6
"CTTTGGCAGACAGAGT-1",1
"CTTTGGCGCTTTATAC-1",6
"CTTTGGCTTTAGTAAA-1",6
"CTTTGGGATTGTTGCA-1",3
"GAAACAGATGACCACC-1",6
"GAAACAGCCATGCAGT-1",1
"GAAACATAGGAAACAG-1",6
"GAAACCATGGTGCGCT-1",1
"GAAACCGAATTACCTT-1",6
"GAAACCTATACAAATG-1",7
"GAAACTCGTGCGATGC-1",6
"GAAACTCTAATGAAGG-1",1
"GAAAGAACAGCGTTAT-1",6
"GAAAGCAGTGCACTTT-1",3
"GAAAGCCCTTTGGACC-1",6
"GAAAGTGACTAACTGC-1",1
"GAAATACCTGCTGGCT-1",1
"GAAATACTAAACGTTT-1",1
"GAAATATCACCATCAG-1",6
"GAAATATGCTTGAATG-1",2
"GAAATCGCGCGCAACT-1",1
"GAAATCTGACCAAGTT-1",2
"GAAATGGCGGTGTTAG-1",6
"GAAATGGGATGTAAAC-1",1
"GAAATTAGCACGGATA-1",1
"GAAATTCACATCGCTG-1",1
"GAAATTGTCTCTATAA-1",6
"GAACAACTGGGATGAA-1",4
"GAACACACATCAACCA-1",6
"GAACAGATTACTAAAT-1",4
"GAACATTAGTATGTTA-1",5
"GAACCATCTGGGAGAC-1",5
"GAACCCTCTGTGTTCT-1",3
"GAACCTCGACCTACAC-1",6
"GAACCTTTAACGATCC-1",3
"GAACGACCGAATGATA-1",1
"GAACGATAAGTTAAAG-1",5
"GAACGCGGGTCACACG-1",6
"GAACGGTGTAAAGCAG-1",5
"GAACGTCTCATGGTCG-1",1
"GAACGTTAGGAAGACG-1",6
"GAACTGTGGAGAGACA-1",7
"GAACTTAGCGCCCGGT-1",1
"GAACTTGTGCACGGGA-1",2
"GAAGAAACGATATTGT-1",6
"GAAGAACGGTGCAGGT-1",1
"GAAGACTTCAATGCCG-1",2
"GAAGCCACTGATTATG-1",7
"GAAGCCGGGTAAGCTC-1",2
"GAAGCCTGCACATTCC-1",3
"GAAGCGTGAGGAATTT-1",6
"GAAGCTCGGACCCGTC-1",6
"GAAGCTTGCTGACCGC-1",6
"GAAGGAGTCGAGTGCG-1",7
"GAAGGCTACCATTGTT-1",2
"GAAGTCAGTTGCACTA-1",4
"GAAGTCTCCCTAGCGA-1",1
"GAAGTGATTTATCGTG-1",6
"GAAGTGCTGGATAGCT-1",6
"GAAGTTTCCACTCAAT-1",6
"GAATAGACGCGACCCA-1",1
"GAATAGCATTTAGGGT-1",1
"GAATAGCCCTGCGGTC-1",2
"GAATAGTGCTCGATTA-1",3
"GAATATTCGGAGTCCC-1",1
"GAATCGACATGGTCAC-1",6
"GAATCGCCGGACACGG-1",1
"GAATCTATACTCGGAC-1",1
"GAATCTGAACATTCTC-1",6
"GAATGAAGGTCTTCAG-1",2
"GAATGCCGAAATGACC-1",1
"GAATGCGAATCGGTTC-1",7
"GAATGTATGGCAGGTC-1",1
"GAATGTGGTCCGGATT-1",6
"GAATGTTGGGTAATCT-1",1
"GAATTATAGTGAAAGG-1",6
"GAATTATGCAACCTAC-1",2
"GAATTCACCCGGGTGT-1",6
"GAATTTCTCGCTGCAG-1",6
"GACAAACATATGCAGG-1",6
"GACAACGACCATTGAA-1",1
"GACAACGCAGCTTACG-1",1
"GACAAGAGATGAGATT-1",6
"GACACAAGGGAAGAAA-1",1
"GACACGAGTTAGAGGA-1",1
"GACACTGAGTTCAGTG-1",6
"GACACTGGAACCCGAT-1",6
"GACAGATTTCTGGCTC-1",6
"GACAGCCAGACCTGAC-1",6
"GACAGGCACACACTAT-1",4
"GACATACTGTCGCAGA-1",1
"GACATCCGTCGAACTG-1",7
"GACATCGATTTATAAC-1",4
"GACCAAACGTTGACTG-1",6
"GACCAGAGCCCTGTAG-1",6
"GACCAGGTCATTCATA-1",1
"GACCCAATTATGATAC-1",6
"GACCCGTCGCCGGCTA-1",1
"GACCGACGTGAAAGCA-1",6
"GACCGACTGAAGCGTC-1",6
"GACCGATTAAATATGT-1",6
"GACCGCGTCTGACGTG-1",6
"GACCGTCAGGTCGTGA-1",1
"GACCGTGCTGACGGTG-1",6
"GACCTTCCACGTCTAC-1",7
"GACGACGATCCGCGTT-1",6
"GACGAGGCTAATAAAC-1",6
"GACGCCGTAAAGGCTA-1",4
"GACGCCTGTTGCAGGG-1",1
"GACGCTTGCTTCTAAA-1",6
"GACGGACCGCGTTCCT-1",1
"GACGGGTTGGCCCGTA-1",3
"GACGGTCAATAGAAGC-1",1
"GACGTGAGACTCCATG-1",1
"GACGTGTAGGGATTAT-1",1
"GACGTTCGTAAATACA-1",2
"GACTAACACAGCACCT-1",1
"GACTAAGATCATGCAC-1",1
"GACTAAGTAGGCTCAC-1",6
"GACTACAAAGCGGTGG-1",6
"GACTACAATTGCTCGT-1",1
"GACTAGGCCGTTAGGT-1",7
"GACTCACCCACGTGAG-1",1
"GACTCCCAGAATAAGG-1",2
"GACTCCTTCCAATTGA-1",6
"GACTCGCGGGAATGAC-1",1
"GACTCGGTCGGCGGAT-1",2
"GACTGATTGGTCACAA-1",1
"GACTGCAAATCGAGCT-1",3
"GACTGCACCAGCCCAG-1",6
"GACTGCGGCACGTGTA-1",6
"GACTGCTGGTGAGAAA-1",7
"GACTGGGCGCCGCAAC-1",1
"GAGAATCTCACGATCA-1",6
"GAGACCCTGCAACGCC-1",2
"GAGACTGATGGGTAGA-1",1
"GAGACTTCGCGACCGA-1",4
"GAGAGCGCAGTCCCTG-1",2
"GAGAGGGCGCGAGGTT-1",6
"GAGAGGTGCATTCTGG-1",6
"GAGATCTGCTTGGCAT-1",6
"GAGATCTGTCACTCCG-1",1
"GAGATCTTCCATGACA-1",6
"GAGATGACAATCCTTA-1",2
"GAGATGGCTTTAATCA-1",7
"GAGATGGGAGTCGACA-1",6
"GAGCACCTGTGTCCAG-1",4
"GAGCACGGCGCCTCTT-1",1
"GAGCATCAACAACTTG-1",4
"GAGCATCATCCCTGGG-1",1
"GAGCCACGGTAGTAGG-1",1
"GAGCCAGCTACCTGTG-1",6
"GAGCCGAGCGTTTATT-1",2
"GAGCGAGGGAGTACCG-1",1
"GAGCGCAAATACTCCG-1",6
"GAGCGCGCACGAGTAG-1",6
"GAGCGCTGTTAGGTAA-1",6
"GAGCGGAATGCGGTGT-1",7
"GAGCTAAGGGCATATC-1",1
"GAGCTCTCGGACCTAA-1",1
"GAGCTGTCGTCTCGGA-1",2
"GAGGAATGGAGAGGTT-1",6
"GAGGATAAACAGTGCT-1",6
"GAGGCATTTGCAGCAG-1",2
"GAGGCCCGACTCCGCA-1",6
"GAGGCCTGTTGATACA-1",6
"GAGGCTATCAAAGTCG-1",6
"GAGGGAGTCAGATCGC-1",3
"GAGGGCATCGCGTATC-1",1
"GAGGGCCGGCAGAGTC-1",2
"GAGGGCGCAGCTCTGC-1",1
"GAGGGTAGTAACAAAG-1",4
"GAGGTACATCCATCTT-1",1
"GAGGTACGCGTGTCCC-1",7
"GAGGTCCCAAAGATCT-1",1
"GAGGTCTTAGTGGGTC-1",2
"GAGTAAACCGGAAAGT-1",6
"GAGTAAGGCCACGGGA-1",6
"GAGTACGGGTATACAA-1",1
"GAGTAGATACTAGTTG-1",7
"GAGTATCAAAGTTACA-1",6
"GAGTATGCCCGCCTTG-1",6
"GAGTATGCGCGTGCAT-1",7
"GAGTCAGACCAGAATC-1",4
"GAGTCCGCTTACCGGA-1",6
"GAGTCGACAGACCCTC-1",1
"GAGTGCACGGACAACA-1",2
"GAGTGTCAACCAGAAA-1",4
"GAGTGTGCGGTACCCA-1",6
"GAGTTGATGGCAATTT-1",6
"GATAAATCGGTGGATG-1",1
"GATAACTCGCACTGTG-1",6
"GATAAGGCAGATGCAA-1",1
"GATACGATGGGAGTCA-1",6
"GATAGGTAACGTTGAC-1",6
"GATAGGTGTCCCGGGC-1",1
"GATAGTGCGAGTAAGT-1",7
"GATATCAGTATGTATC-1",5
"GATATCTCATGCAATA-1",1
"GATATGAGACACTAAC-1",6
"GATATGCGGTAGCCAA-1",1
"GATATGGATTACGCGG-1",6
"GATATTGAGATTGGCG-1",1
"GATATTTCCTACATGG-1",5
"GATCAACATAAAGGGA-1",7
"GATCATTCCAAACATT-1",6
"GATCCCTTTATACTGC-1",6
"GATCCGAATATAAGTG-1",1
"GATCCGGGAATTAACA-1",6
"GATCCTAAATCGGGAC-1",1
"GATCCTCGACACTGGC-1",6
"GATCCTCTTGCGCTTA-1",1
"GATCGACACTATCTGA-1",6
"GATCGCGGGCTCTCCA-1",1
"GATCGCTACCCGATTT-1",6
"GATCGCTATATCTCAG-1",6
"GATCGCTGTGGTGCGT-1",6
"GATCGGATAGAACCAT-1",6
"GATCGGCGATAAGTCG-1",1
"GATCGGTGGCCATAAC-1",1
"GATCGTGACTGATATC-1",6
"GATCTCGACGCTGTGG-1",6
"GATCTGCTATCTAAGG-1",3
"GATCTTAGTGAACGTG-1",2
"GATCTTCATTGTCCTC-1",1
"GATCTTGGAGGGCATA-1",6
"GATCTTTGCAGGGTAT-1",6
"GATCTTTGCTCAAAGA-1",2
"GATGACAAGTAGGGCA-1",6
"GATGACGATGATCGCG-1",2
"GATGAGGAACCTTCGG-1",7
"GATGCCAGCAGAAGGC-1",1
"GATGCCTTCTGCGGCA-1",6
"GATGCGAATGGTATTA-1",1
"GATGCGTCCTGCATTC-1",6
"GATGCTACAAGCGCCT-1",6
"GATGCTGTATTTCATC-1",1
"GATGGCGCACACATTA-1",1
"GATGGTGAAATAACCC-1",5
"GATGGTGCCCTAGGCA-1",1
"GATGTAACGAACCACC-1",6
"GATGTCCGGATCACAT-1",2
"GATGTCGGTCAACTGC-1",1
"GATGTGTTGTCACAAG-1",1
"GATGTTCAATCCACGA-1",6
"GATGTTTGTGCGAGAT-1",1
"GATTAACCGAAAGCCC-1",6
"GATTAATCCTGGCTCA-1",1
"GATTACTGAATTTGGG-1",6
"GATTCCCTTGTCGCAG-1",6
"GATTCCGCGTTTCCGT-1",1
"GATTCCTATACGGCGC-1",6
"GATTCGACGGTTCACG-1",6
"GATTGACACTCTGCTC-1",1
"GATTGCTCCAGTTGCA-1",6
"GATTGGGAAAGGTTGT-1",7
"GATTTAGTGCGTACTG-1",2
"GCAAACCCTACATTAT-1",6
"GCAAACCTTGGCCATA-1",4
"GCAAACGTCGCCAGGT-1",6
"GCAAAGGGCGTTAGCC-1",6
"GCAAATATTACGCTTT-1",6
"GCAACACACTAGAACT-1",6
"GCAACAGCAGTATGCG-1",6
"GCAACCACCAGACCGG-1",1
"GCAACCACGGCCGCGT-1",6
"GCAACCCAAGTTGTTT-1",6
"GCAACGGCTAGTTATG-1",1
"GCAAGAATTCCTTGGC-1",6
"GCAAGATGTGTTCGCG-1",6
"GCAAGTGCACAGAGAA-1",6
"GCAAGTGTAAAGCATG-1",7
"GCAATTAGTCGCACCG-1",2
"GCACAAACCCTAGATG-1",6
"GCACAAACGAGGCGTG-1",6
"GCACAACCTCGGGCGT-1",6
"GCACAAGTGGATCATA-1",1
"GCACAAGTGTCGGAAG-1",1
"GCACACACTGGTAGCC-1",6
"GCACACGCCCATGGTC-1",6
"GCACGCCTACTTAGAT-1",4
"GCACGTGGTTTACTTA-1",6
"GCACTAGTCGCGCTAT-1",1
"GCACTGCCTACCTTTA-1",7
"GCACTGTGCAAATGTA-1",1
"GCAGAAACGTAATCCA-1",2
"GCAGAAGGTAATCTCC-1",6
"GCAGACCCAGCACGTA-1",6
"GCAGATCCATAAGACT-1",6
"GCAGATCCTCGCAAAT-1",1
"GCAGATTAGGGATATC-1",6
"GCAGCACACAGCCCAG-1",6
"GCAGCCTATATCACAT-1",2
"GCAGCGGTGGGCATTA-1",1
"GCAGCTATGGACAGGT-1",1
"GCAGGAACTTAGATCT-1",4
"GCAGGACTATAGAATA-1",6
"GCAGGTAGAGTATGGT-1",1
"GCAGTGCGGGCGGATG-1",6
"GCAGTGTGGCTATAGG-1",4
"GCAGTTCGATCCGAGC-1",6
"GCATAAATTGAACGCC-1",5
"GCATACGAGGTCTTTA-1",6
"GCATAGAGCACTCAGG-1",6
"GCATCCCTAACTTTGA-1",6
"GCATCGGCCGTGTAGG-1",2
"GCATGAGGGACGCGGC-1",1
"GCATGCTAATAACGAT-1",4
"GCATTCAAGGCAACGC-1",1
"GCATTCGAAATGAACA-1",1
"GCATTGTAATTCATAT-1",1
"GCATTTCCAAGGCTCC-1",2
"GCCAACCATTTCCGGA-1",2
"GCCAAGAATACTTCTG-1",6
"GCCAATAGGGCATCTC-1",6
"GCCACAATTTAAGGAC-1",6
"GCCACTCAGAGCGCGA-1",6
"GCCACTCCTTACGGTA-1",6
"GCCAGGAGTAACCGAT-1",1
"GCCAGGCGTTCGCATG-1",1
"GCCATATTGCACACAG-1",1
"GCCATCGAGCTGCGTG-1",4
"GCCATCGATGCTGCAT-1",1
"GCCATTAGCCTCAAAC-1",6
"GCCCACCAAGGCTGTC-1",1
"GCCCACTGGTCCACAA-1",2
"GCCCAGATGCTGGAGA-1",2
"GCCCAGTTGGTATGCC-1",1
"GCCCATGGGTGCAATG-1",2
"GCCCGACTTCTTCCCG-1",6
"GCCCGAGAGTCTAAAT-1",6
"GCCCGATCTGTGGTCG-1",4
"GCCCGCGCGTAAACGG-1",6
"GCCCGCGCGTTTGACA-1",6
"GCCCGTAATACCTTCT-1",1
"GCCCTAGCCGTCGCGA-1",6
"GCCCTGAGGATGGGCT-1",7
"GCCGAAATTCCTACGT-1",1
"GCCGACCCACGACTGC-1",4
"GCCGATTGGCCAAGCT-1",6
"GCCGCACTCCGTTTCA-1",6
"GCCGCATTAGTCCGGC-1",6
"GCCGCTAGATACGCAG-1",6
"GCCGCTTGTGAGAAAC-1",6
"GCCGGAAACACATCTT-1",2
"GCCGGGTTAGGGTCGC-1",6
"GCCGTCGGTTTCGGGC-1",4
"GCCGTGGAAGAAATGT-1",1
"GCCTACGTTCTGTGCA-1",3
"GCCTAGCGATCTGACC-1",1
"GCCTATAGTGTCAGGG-1",1
"GCCTATGCTGGGCCTT-1",2
"GCCTATTCCGATATAG-1",6
"GCCTATTTGCTACACA-1",1
"GCCTCATCTGGAAATA-1",6
"GCCTCCGACAATTCAC-1",6
"GCCTCTATACATAGCA-1",4
"GCCTGCTACACTGAGA-1",1
"GCCTTCAGCCCTACCG-1",1
"GCCTTGTATATGCAGT-1",1
"GCCTTTGTCAGTGGAC-1",6
"GCGAAACGATCGGGAG-1",6
"GCGAAACTTAACTGGA-1",6
"GCGAAGAATCTGACGG-1",4
"GCGAAGCCATACCCGT-1",6
"GCGACATGTAAACATC-1",1
"GCGACCCAACCATCTG-1",4
"GCGACGATAGTTGTAC-1",6
"GCGAGAAACGGGAGTT-1",1
"GCGAGAGGCCATGTAA-1",2
"GCGAGAGTTGCGTCCA-1",2
"GCGAGCGCATGCTCCC-1",1
"GCGAGGCCCGAGCAGA-1",6
"GCGAGTTCTGCAAAGA-1",1
"GCGATGTCTGTGCTTG-1",1
"GCGATTCTGGAAGCAG-1",1
"GCGATTGTTAACGTTA-1",6
"GCGCAAATATATTCAA-1",6
"GCGCAAGAGCGCGCTG-1",1
"GCGCATCCAGTCAGCA-1",1
"GCGCCGTTCCACGATA-1",6
"GCGCCTCCCACTCCGA-1",6
"GCGCGATGGGTCAAGT-1",1
"GCGCGGTCTAGTAACT-1",7
"GCGCGTCATTGGTACA-1",6
"GCGCTAAGTATGCATG-1",2
"GCGCTAATTGAATAGA-1",6
"GCGCTATGCCGAGGCA-1",6
"GCGCTCGATCACCTGT-1",1
"GCGCTGATCCAGACTC-1",1
"GCGCTGCTTTGCATTT-1",1
"GCGCTTAAATAATTGG-1",6
"GCGGACCGCGTTGTGG-1",6
"GCGGAGAAACTTCGCA-1",4
"GCGGAGAGGGAGAACG-1",6
"GCGGCAAAGTATTGCC-1",6
"GCGGCTCTGACGTACC-1",6
"GCGGGAACCAGGCCCT-1",6
"GCGGGCATTACGATGC-1",1
"GCGGGCGAGCCTTACC-1",4
"GCGGTAACCCAAATGA-1",2
"GCGGTCCCTAGACGCA-1",1
"GCGGTGAACTGCGCTC-1",1
"GCGGTGCGGAGCATCG-1",2
"GCGGTTCCCTATCATG-1",6
"GCGTAAATGGCCATAA-1",6
"GCGTCCCTAAGACATA-1",7
"GCGTCGAAATGTCGGT-1",1
"GCGTCGCCAGGGTGAT-1",4
"GCGTCTCTGCATTGGG-1",6
"GCGTGGTACTGGGTTA-1",1
"GCGTGTATGTCGTATT-1",1
"GCGTTATATTTGGAAC-1",1
"GCGTTCGGAGACCGGG-1",2
"GCTAAACCTGAGGTGA-1",1
"GCTAACTGAAGTCTGA-1",6
"GCTAAGTAAAGGCGAT-1",1
"GCTAAGTAGTTTCTCT-1",1
"GCTAATACCGAATGCC-1",1
"GCTACAATCGAGGATA-1",6
"GCTACAGTACGGACCG-1",6
"GCTACGACTTATTGGG-1",6
"GCTACTATAGTAGAGT-1",6
"GCTAGACCGTCTACTG-1",1
"GCTAGAGTAGAGATGT-1",6
"GCTAGCACCTGGGCCA-1",1
"GCTAGCAGGGAGTGGG-1",1
"GCTAGCGATAGGTCTT-1",6
"GCTAGCTTGAATAGCT-1",6
"GCTAGGCACCACGGAG-1",6
"GCTAGTAGAGCTTGTA-1",6
"GCTAGTTTCATTGAGG-1",1
"GCTATACGTCTCGGAC-1",6
"GCTATCATACTCATGG-1",6
"GCTATCGCGGCGCAAC-1",1
"GCTCAACCTCTTAGAG-1",1
"GCTCAATCCGTTTATT-1",6
"GCTCAATGTAATACCG-1",3
"GCTCATTACTGCATGT-1",1
"GCTCCATGAGTGCAGA-1",6
"GCTCCATGCAAAGCAA-1",7
"GCTCCCAGTCGGTCCA-1",1
"GCTCCGCTCGCTTCAG-1",1
"GCTCCGGACGTTGATA-1",2
"GCTCCTGACATACTGG-1",4
"GCTCGACCGAACTGAA-1",6
"GCTCGCGGTTCCGCTC-1",1
"GCTCGCTCATGTCCAA-1",6
"GCTCGGAATTTAAAGC-1",1
"GCTCTAAACCCTGACG-1",6
"GCTCTATGTTACGTGC-1",6
"GCTCTCGGGTACCGAA-1",1
"GCTCTTTCCGCTAGTG-1",7
"GCTGAACTCTCCAGGG-1",1
"GCTGAATCTTCCAATC-1",6
"GCTGAGCAACGGTTCT-1",2
"GCTGAGGCGTGAGTAT-1",6
"GCTGCACGGTTTCTTA-1",6
"GCTGCGCCTCCCACGT-1",2
"GCTGCTAAGTAGTCGA-1",3
"GCTGCTACTGCGTAGC-1",6
"GCTGCTCTCCGGACAC-1",6
"GCTGGACCCAAAGTGG-1",2
"GCTGGCAGGTGCCGTG-1",2
"GCTGGCATATTCACCT-1",1
"GCTGGCGGCGCATGCT-1",4
"GCTGGTGACTCGTAGT-1",2
"GCTGGTTTAGGCCATA-1",6
"GCTGTATTACTGGCCC-1",6
"GCTGTCTGTGATCGAC-1",1
"GCTGTTGCTACCGAAC-1",6
"GCTTAATGTAACTAAC-1",6
"GCTTACGTAGTTAGTA-1",1
"GCTTAGGGAAGCGGTA-1",2
"GCTTATGAAGCAGGAA-1",1
"GCTTCAGTGGGATTAC-1",1
"GCTTCCGTCCCTAGAC-1",1
"GCTTCGACGTTCAATC-1",4
"GCTTGATGATAATCAG-1",1
"GCTTGCAGCACAATTG-1",2
"GCTTGGATCGATTAGG-1",1
"GCTTTCAGAGGAGGTG-1",1
"GCTTTCTATCTCAACT-1",5
"GCTTTGCTGCCGGGTA-1",2
"GGAAACCTTGTTGAAT-1",2
"GGAAACTAAATGGGCC-1",6
"GGAAAGTGCCCATGCC-1",1
"GGAACCCGAACAAGAA-1",1
"GGAACCGTGTAAATTG-1",6
"GGAACCTTGACTCTGC-1",6
"GGAACGGCCTGCAGCC-1",1
"GGAACTTTGGCGATTA-1",6
"GGAAGATAAGACTGTA-1",5
"GGAAGCTCGCTTACAG-1",1
"GGAATAACCTCAAGAA-1",5
"GGAATGCGCTAGCGTG-1",1
"GGACAAGTTGCAGTGA-1",2
"GGACACAAGTTTACAC-1",6
"GGACCAACAGGATAAC-1",6
"GGACCTACGGTAACGT-1",2
"GGACCTCTAGGCCGCC-1",6
"GGACGGCTTGCGCAAC-1",1
"GGACGTCCATAGTTGG-1",2
"GGACTAAGTCAGGAGT-1",2
"GGACTCACAAATTAGG-1",6
"GGACTCGACAGCGCAT-1",7
"GGACTCGTGAGTGGTC-1",7
"GGACTCTTCCGGTTGA-1",6
"GGAGAAGTCATTGGCA-1",6
"GGAGACCAATGTGCTT-1",2
"GGAGACCATCTACATA-1",6
"GGAGACGACACCTTTG-1",6
"GGAGCAACATTTCAAG-1",6
"GGAGCACCAAGAACTA-1",1
"GGAGCGAGGCCTACTT-1",7
"GGAGGATTGAAAGGAG-1",1
"GGAGGCCGAAGTCGTC-1",1
"GGAGGCGAAGAACCGC-1",6
"GGAGGGCTTGGTTGGC-1",6
"GGAGGGTCAAGTAAGA-1",6
"GGAGTGCCGCCCTGGA-1",1
"GGATACTCATGAATTG-1",1
"GGATCAAAGGACGAGG-1",1
"GGATCATCCCGTACGC-1",1
"GGATCCGGAATATACT-1",1
"GGATCTTACTGCCCTT-1",4
"GGATCTTGACTCAACC-1",6
"GGATGAAGATCGCTGA-1",6
"GGATGACGCGAGTTTA-1",6
"GGATGCTGGCGTTCCT-1",6
"GGATGTCCTTACCGCA-1",1
"GGATTAAGCTAAGGTC-1",1
"GGATTCAGTACGGTGG-1",6
"GGATTCCGCTATACCC-1",1
"GGATTGCTGTGACTCC-1",4
"GGATTTCACTTCTATA-1",1
"GGCAAAGGCGCCAATA-1",6
"GGCAAATTACTTTACT-1",6
"GGCAAGCCAGGGATAG-1",2
"GGCAAGCCCATAGTGG-1",7
"GGCAAGGCGAAATAGC-1",6
"GGCAATAGTCAATGAG-1",6
"GGCACTCAGCCGACCC-1",6
"GGCACTCCACTGGGCA-1",6
"GGCAGCAAACCTATGC-1",6
"GGCAGCGGTAATCCTA-1",1
"GGCATACAGGTAGCGG-1",6
"GGCATATCGGTTCTGC-1",1
"GGCATCAACGAGCACG-1",1
"GGCCACACGAAAGCCT-1",2
"GGCCCAATCTAGAGGG-1",1
"GGCCCAGTTATCAGCA-1",2
"GGCCCGGAGCATGTCT-1",2
"GGCCCGTATACCATGC-1",2
"GGCCCTCACCCACTTA-1",6
"GGCCGAGACTCTGGTG-1",4
"GGCCGGCGTCTGCTAT-1",7
"GGCCGTTTGGGTTTCA-1",3
"GGCCTGCTTCTCCCGA-1",6
"GGCCTTTGCAACTGGC-1",6
"GGCGAAATCTAACTTG-1",6
"GGCGAACCGTTCTGAT-1",2
"GGCGAGCGAAACGGCA-1",6
"GGCGCAGGACATCTTC-1",6
"GGCGCATGAATTGATG-1",6
"GGCGCGGAGATCTTTC-1",4
"GGCGCGTTCGAGTTTA-1",6
"GGCGCTCCTCATCAAT-1",1
"GGCGCTTCATTCCCTG-1",7
"GGCGGAGTAATATTAG-1",6
"GGCGGGCTCTAAGAGT-1",6
"GGCGGTAGGATCATTG-1",1
"GGCGGTTTGCCGGTGC-1",1
"GGCGTACCCTATATAA-1",5
"GGCGTAGGGAAAGCTG-1",4
"GGCGTCCTATCCGCTG-1",6
"GGCTAAAGGGCGGGTC-1",1
"GGCTAATGATTGAAAT-1",5
"GGCTACTATACACTCC-1",7
"GGCTATTAAGTTGTAT-1",6
"GGCTCCTCCACCTGTT-1",4
"GGCTCGCGTTGAGGTA-1",1
"GGCTCGTGCCACCAGC-1",1
"GGCTCTGCTCCAACGC-1",1
"GGCTGAAATAGCAAAG-1",6
"GGCTGAGCATCGTAAG-1",2
"GGCTGGCTAGCTTAAA-1",1
"GGCTTGGCTCTCACCT-1",2
"GGCTTTCAATAAGGGT-1",3
"GGGAACGGGAGGTTAG-1",6
"GGGAACGGTTTCAGAT-1",4
"GGGAAGACGGTCTGTC-1",3
"GGGAAGGGCTTTCTCA-1",4
"GGGAATGAGCCCTCAC-1",2
"GGGAATTCTGTCCAGT-1",2
"GGGACAGAGTTACTCC-1",6
"GGGACCCGTATATCTT-1",3
"GGGACTGCATAGATAG-1",6
"GGGAGAACTCACAGTA-1",6
"GGGAGCGACCGTAGTG-1",3
"GGGAGGATGCCCGAAA-1",6
"GGGAGTAATGGCTGGC-1",1
"GGGAGTTAATGAGGCG-1",1
"GGGATACGGTAATAAT-1",5
"GGGATGGTCGTAACCG-1",6
"GGGATTTACCGCACCT-1",6
"GGGCAACCGCACGTGC-1",6
"GGGCACGAATTGGCCG-1",2
"GGGCACGTAGTACTGT-1",3
"GGGCAGAGCAATCGTT-1",7
"GGGCAGTCAACGCCAA-1",7
"GGGCCCGTCTTAAACA-1",6
"GGGCCCTACGAAAGGG-1",6
"GGGCCGGCCGAAGTAC-1",1
"GGGCCTAAATGGGCTA-1",6
"GGGCCTATACAACCGG-1",2
"GGGCCTATTTAAGTAT-1",5
"GGGCGAATTTCTCCAC-1",1
"GGGCGATATGTGTGAA-1",6
"GGGCGCAGCGTTACTC-1",2
"GGGCGGCAAATGAATT-1",6
"GGGCGGGTTCCCTACG-1",6
"GGGCGGTCCTATTGTC-1",1
"GGGCGTACATTTATAT-1",6
"GGGCGTCACCACGTAA-1",6
"GGGCGTCCACTGGCTC-1",1
"GGGCGTGGTTTCCCAG-1",4
"GGGCGTTTACATTCAT-1",6
"GGGCTATGATCGATGG-1",4
"GGGCTCATCGAACCCA-1",1
"GGGCTGCCTAGGGCGA-1",6
"GGGCTGGTTAGTCGCG-1",6
"GGGTAATGCTGTGTTT-1",1
"GGGTACCCACGGTCCT-1",1
"GGGTACTTCATGAACT-1",6
"GGGTATGTATGCACTT-1",6
"GGGTATTCTAGCAAAC-1",6
"GGGTCACCGTGACGGT-1",6
"GGGTCACGTGCTTATG-1",2
"GGGTCACTGAGTAGTG-1",2
"GGGTCAGGAGCTAGAT-1",7
"GGGTCATGCGTACCAT-1",1
"GGGTCGTGGCAAGTGT-1",2
"GGGTCTATCGCTTTCC-1",6
"GGGTGACACCTTAACT-1",6
"GGGTGCATATGAAAGC-1",2
"GGGTGGTCCAGCCTGT-1",1
"GGGTGTTTCAGCTATG-1",1
"GGGTTAACATTTGAGT-1",4
"GGGTTCAGACGAACAA-1",1
"GGGTTTAGGATAGGAT-1",1
"GGTAAATGTGCGTTAC-1",1
"GGTAACCGGGAGGATA-1",6
"GGTAACTATGTATCTG-1",1
"GGTACAAACATGCTAT-1",6
"GGTACACCAGATTTAT-1",2
"GGTACATCTGGGACGA-1",1
"GGTACCATTAAGACGG-1",1
"GGTACTAAGTGCTTTG-1",6
"GGTAGAAGACCGCCTG-1",4
"GGTAGACCGTTGGGCG-1",4
"GGTAGTGCTCGCACCA-1",1
"GGTATAGTGACACATA-1",1
"GGTATTGCCGAGTTTA-1",6
"GGTCAAGACTACTTCG-1",6
"GGTCAGTGGGTCCCAC-1",6
"GGTCATTGTAGTCATA-1",5
"GGTCCCATAACATAGA-1",2
"GGTCCTTCATACGACT-1",1
"GGTCGGATAAACGGCG-1",1
"GGTCGGCCAGGAGCTT-1",6
"GGTCGGTAATTAGACA-1",1
"GGTCGGTCGTCCACAG-1",4
"GGTCGTAAGCTCGCAC-1",6
"GGTCTCCAAGTAGTGC-1",6
"GGTCTCCGTCCAGGTT-1",4
"GGTCTCTGAATGGACT-1",6
"GGTCTGAGAATCTGGA-1",1
"GGTCTTGAGCGCTCTT-1",7
"GGTGAAACCGGGAATG-1",1
"GGTGAACGGGCTAGCC-1",1
"GGTGAAGTACAGGGAT-1",6
"GGTGAGATGCAGATAA-1",6
"GGTGATAAGGAGCAGT-1",6
"GGTGATGAAGGAAGTG-1",2
"GGTGATTTCATCTTGT-1",1
"GGTGCAGAGCCTATCG-1",2
"GGTGCATAAATGATTA-1",7
"GGTGCGGATAAGTGGC-1",1
"GGTGCTGATCACAAAG-1",1
"GGTGCTGGTACACATT-1",6
"GGTGGACCACGTGTTA-1",1
"GGTGGACTGCTCTGGC-1",6
"GGTGGAGGTTGATACG-1",1
"GGTGTAAATCGATTGT-1",7
"GGTGTTCTGTTTCTAC-1",1
"GGTGTTGGGCGTCTTA-1",6
"GGTTACCACCCTCGGG-1",6
"GGTTACCCGACACTTT-1",2
"GGTTAGCTATATGTCT-1",6
"GGTTAGGCTTGGAGAA-1",6
"GGTTAGTTACGGCGCC-1",6
"GGTTCCACCCGCTTCT-1",1
"GGTTCCCTAGTGTCTC-1",2
"GGTTCGATGCTGAGTT-1",1
"GGTTCGGATTATACTA-1",1
"GGTTCTACTCGTCTGA-1",1
"GGTTGTGCTCTTGTCC-1",1
"GGTTGTGTAGCCTGGC-1",1
"GGTTTAATTACCATCG-1",7
"GGTTTAATTGAGCAGG-1",2
"GGTTTACAATCTCAAT-1",1
"GGTTTAGCCTTTCTTG-1",6
"GGTTTCAATCGGTCAG-1",1
"GGTTTGACAAGAAGCT-1",2
"GGTTTGAGTGCTGGAA-1",1
"GGTTTGCGAACACGTA-1",2
"GGTTTGTGACCTGAGG-1",6
"GTAACAACTGACCTTG-1",2
"GTAACATCAGCTCATC-1",2
"GTAACATCTAAGATAA-1",6
"GTAACTGCCCAAGGAG-1",7
"GTAACTTGCGGCAGTC-1",1
"GTAAGCGGGCAGTCAG-1",1
"GTAAGGATTTGTCGGA-1",1
"GTAAGTAACAGTCTGG-1",6
"GTAAGTAGGGTATACC-1",6
"GTAAGTCCACACTCTA-1",1
"GTAATAAAGGGCTCCC-1",1
"GTAATCTGATTCTTCG-1",4
"GTACACTTACCTGAAG-1",6
"GTACAGAGGCAAGGGT-1",1
"GTACGACGGCGCTGCG-1",1
"GTACGAGATTGCGACA-1",1
"GTACGCTTCATTGCAC-1",6
"GTACGTCACGTATTAA-1",1
"GTACGTTTGCCCGTCA-1",6
"GTACTAAGATTTGGAG-1",6
"GTACTCCCTTATCGCT-1",6
"GTACTCCTGGGTATGC-1",2
"GTACTGAGGTCGTAAC-1",1
"GTACTGCATGAAGCGT-1",1
"GTACTGGAGTTAGACC-1",1
"GTACTTGGGCACTTCT-1",6
"GTAGAAACGGGTGGAG-1",1
"GTAGACAACCGATGAA-1",1
"GTAGACACGCCTGACT-1",3
"GTAGACGTCGTTACAT-1",1
"GTAGAGGGAGACAAGT-1",6
"GTAGCCAAACATGGGA-1",6
"GTAGCGCTGTTGTAGT-1",1
"GTAGCGGCTATACACT-1",6
"GTAGCTAGTAAGCGCG-1",6
"GTAGCTCCGGGAGGCT-1",7
"GTAGCTTCCTCTTGTT-1",1
"GTAGGTGATCCGTGTA-1",1
"GTAGTCGCGGGAATCA-1",6
"GTAGTCTACGATATTG-1",3
"GTAGTTAGACAATATA-1",5
"GTAGTTCGAAGGCGAA-1",7
"GTAGTTTAAGCACACG-1",6
"GTATAATCTCCCGGAT-1",1
"GTATAGGACTCAGTAG-1",1
"GTATAGTGGCCCATGT-1",1
"GTATATGTTACGGCGG-1",2
"GTATCAAACGTTAGCT-1",6
"GTATCAGCTTGGGTTC-1",1
"GTATCCTTTGGTAACC-1",4
"GTATCGGGACGAGCTG-1",1
"GTATCTCAGTCTTGAC-1",6
"GTATCTTTCATAACCA-1",6
"GTATGAAATTTCACTC-1",6
"GTATGACGTGGGAAAC-1",1
"GTATGTGGGTCTAGTT-1",1
"GTATTAAGGCGTCTAA-1",1
"GTATTAGGGTTCGCGT-1",1
"GTATTCTGAGAAACGA-1",6
"GTATTCTTACCGTGCT-1",1
"GTATTTAATGGCATAA-1",6
"GTCAAAGAAGTGGTGT-1",6
"GTCAAAGTTTACATAG-1",5
"GTCAACCAGGCCTATA-1",4
"GTCAAGCGGACTCGGG-1",1
"GTCAATTGTACTGAAG-1",1
"GTCACAAAGTTTCCAA-1",1
"GTCACCTGTCTATGTC-1",2
"GTCACTCTCCAAATCT-1",6
"GTCAGAATAGTCTATG-1",6
"GTCAGTTGTGCTCGTT-1",1
"GTCAGTTTGGTAGTCG-1",6
"GTCATGCACCTCCGTT-1",6
"GTCATGCGCGAGGGCT-1",4
"GTCATGGACATGACTA-1",1
"GTCATTAGAGCGAACG-1",6
"GTCATTGCATTGACCC-1",6
"GTCCAATATTTAGCCT-1",7
"GTCCACGTCGCATTCG-1",6
"GTCCAGGCACGTGTGC-1",7
"GTCCATTACTGCTACG-1",1
"GTCCCAACGTAAAGTA-1",1
"GTCCCGCGACGTTATG-1",4
"GTCCGAGAGCAATCAT-1",1
"GTCCGGACCTGAAATT-1",6
"GTCCGGCTGAATTGCG-1",6
"GTCCGGGTTCACATTA-1",7
"GTCCTACAGGCGGCTC-1",1
"GTCCTACGAATAGTCT-1",6
"GTCCTATTGTTGTGGT-1",2
"GTCCTTCTACAACCCA-1",2
"GTCCTTCTAGTGGGTT-1",1
"GTCCTTTAATGACTTC-1",5
"GTCGAATTTGGGCGCT-1",4
"GTCGATAGGTGACTTT-1",2
"GTCGCCGTTGTGTGTT-1",3
"GTCGCGTAACCCGTTG-1",6
"GTCGGAAGGATACCAG-1",2
"GTCGGATATCTCAGAC-1",1
"GTCGGATGTAGCGCGC-1",1
"GTCGGGAAGCAGAAAC-1",3
"GTCGTACCATCTCGGG-1",6
"GTCGTACCTACGATTG-1",6
"GTCGTATTGGCGTACA-1",1
"GTCGTCAATTATAAGG-1",1
"GTCGTCTGGTTGGCTA-1",2
"GTCGTGTCTGGTCATC-1",3
"GTCGTTATTCGCTTAT-1",6
"GTCTAAGATGCCCAGC-1",2
"GTCTACTCAATTACAA-1",6
"GTCTAGTGAGCCGCTT-1",4
"GTCTATCTGAGTTTCT-1",6
"GTCTATTGCATGCTCG-1",6
"GTCTATTGGTTCCGGT-1",6
"GTCTCAAGGCCCGGCT-1",3
"GTCTCCTGCCAGTATG-1",6
"GTCTCGACTAAGTTTG-1",2
"GTCTCGATCTGCTTTC-1",1
"GTCTGGGCGGTCGAGA-1",6
"GTCTTAGTACAGCCGG-1",1
"GTCTTCCTCACCTAAG-1",2
"GTCTTGAGGAGCAGTG-1",1
"GTCTTGTAGCTATTCA-1",1
"GTGAAACGGCGCCACC-1",1
"GTGAAACGTGCTCCAC-1",1
"GTGAACTCCCATTCGA-1",1
"GTGAAGATTTCAAGTG-1",2
"GTGAAGCCGTATAGTC-1",2
"GTGAAGTCACGACTCG-1",6
"GTGACAGCTTCCCACT-1",3
"GTGACCGCACACTACG-1",1
"GTGACCTAAAGAATAA-1",5
"GTGACGAGGGTGACCC-1",1
"GTGACGCAGGTTTCAT-1",7
"GTGACTTCAGTAGTGC-1",6
"GTGAGATAACCTTATA-1",7
"GTGAGCGTGCTGCACT-1",6
"GTGAGGACACTTAAGG-1",6
"GTGAGGAGCGGTTGAG-1",1
"GTGAGTCTAAGACGGA-1",1
"GTGAGTGGTACAACGC-1",4
"GTGATCAAGCGTGCAC-1",6
"GTGATCACTAACGCCT-1",6
"GTGATCATAGATCTGC-1",6
"GTGATCCTTGTCATGA-1",4
"GTGATGCACAACATCT-1",2
"GTGATTCGCCGCTCAA-1",6
"GTGCAACAAATGTGGC-1",1
"GTGCACCAGCTTCAAC-1",7
"GTGCACGAAAGTGACT-1",1
"GTGCAGCGTAGAGTAG-1",6
"GTGCCATCACACGGTG-1",6
"GTGCCCGTTCGGATTC-1",6
"GTGCCGCTTCAAAGGT-1",6
"GTGCCTAGCTATGCTT-1",1
"GTGCCTCAGTGTACGG-1",1
"GTGCCTGAGACCAAAC-1",6
"GTGCGAAATCGAACAC-1",6
"GTGCGACAGGGAGTGT-1",1
"GTGCGCAGCTTGCTCC-1",1
"GTGCGGGTCTCCAAAT-1",1
"GTGCGTGTATATGAGC-1",1
"GTGCTCAAGTACTGTC-1",6
"GTGCTGCAGATAAGGA-1",6
"GTGCTTACATCAGCGC-1",1
"GTGGAACCTACATGCG-1",1
"GTGGACCAACCCGATT-1",6
"GTGGACGCATTTGTCC-1",3
"GTGGACGTGCTGAGAC-1",1
"GTGGAGCATGTCGGCC-1",2
"GTGGAGCGTTTACCGA-1",6
"GTGGAGTCGGCGGTTG-1",1
"GTGGCAAACAGCGGCA-1",6
"GTGGCGGTCCCAGCGT-1",6
"GTGGCGTGCACCAGAG-1",1
"GTGGGAAGACTGAATC-1",6
"GTGGGCTTAGACACAC-1",6
"GTGGTATAGTCTGCCG-1",4
"GTGGTCAGCGAAGTAT-1",1
"GTGGTGGCCAAGTGAA-1",6
"GTGGTTACTTCTTTCG-1",1
"GTGGTTTCCGCCTTTC-1",6
"GTGTACCTTGGCTACG-1",1
"GTGTATATCAGCGGGC-1",4
"GTGTCAGTGTACGTGG-1",7
"GTGTCCGATAAGGCAT-1",6
"GTGTCGTATAGCGTTC-1",6
"GTGTCGTATTCACCTT-1",5
"GTGTGAATAACTTAGG-1",1
"GTGTTACTATGCGTCC-1",6
"GTTAAAGTAGGACTGG-1",6
"GTTAACATCACTTAAA-1",4
"GTTAACTATGTTGTCA-1",1
"GTTAAGGGTGCGATGT-1",3
"GTTAAGTTAGAGTGGG-1",1
"GTTAATGTCTATCTTA-1",6
"GTTACAATTGGTGACG-1",6
"GTTACCTACAACTTGC-1",6
"GTTACGGCCCGACTGC-1",1
"GTTACTTTGGGCCTAG-1",6
"GTTAGAGTGTGCCGCT-1",1
"GTTAGCCCATGACATC-1",7
"GTTAGCCGTAAATCAA-1",1
"GTTAGGCTACCCGTTT-1",6
"GTTATAATACGGTGAA-1",6
"GTTATATCAGGAGCCA-1",2
"GTTATATTATCTCCCT-1",6
"GTTATCACCTTCTGAA-1",5
"GTTATTAAATACGACC-1",5
"GTTATTAACGTGGGAG-1",6
"GTTCAAATCAGATGTC-1",2
"GTTCAATCTATGTCAA-1",5
"GTTCACAGGAGTCTAG-1",6
"GTTCATCGTTTGGCTG-1",1
"GTTCCAAGACAGCGAC-1",1
"GTTCCAGTCTGACCAT-1",1
"GTTCCCGTAAACATAT-1",6
"GTTCCGTCCGCCTGCA-1",3
"GTTCGCCATAAGTGCC-1",6
"GTTCGCTGAGACGTCT-1",6
"GTTCGGAGCACTCAAC-1",6
"GTTCGGATCGGGAACA-1",1
"GTTCGGGCGTACCATT-1",1
"GTTCGTCTAAAGAACT-1",6
"GTTCTTCCCTCGATGT-1",1
"GTTGAACCGGTTCCAT-1",6
"GTTGAGTCCCGCCGGT-1",6
"GTTGCACGGAGTTTCG-1",1
"GTTGCGCTAACATTAC-1",1
"GTTGCGGACGGTCAGG-1",6
"GTTGGACCGCATCAGG-1",2
"GTTGGATTCAGTGGCT-1",1
"GTTGGATTGAGAACAC-1",1
"GTTGGATTTGCGTTGG-1",6
"GTTGGTCATGCTATCC-1",4
"GTTGTCGTGTTAGTTG-1",1
"GTTGTTACATTGCGCT-1",2
"GTTGTTGCAAGATGGC-1",6
"GTTTACGTTCCATCTG-1",6
"GTTTATGGGATTTAGA-1",5
"GTTTCAAACGAGTTGT-1",6
"GTTTCATATCGTCGCT-1",6
"GTTTCCTGGAGGGTGA-1",6
"GTTTCTGCAGTCTCCC-1",6
"GTTTGACCAAATCCTA-1",6
"GTTTGGCCCAAGTTAT-1",6
"GTTTGGCCGCTCAGCG-1",1
"GTTTGGCGTCAGGCAC-1",6
"GTTTGGGCTTGTGAGC-1",6
"GTTTGGGTTTCGCCCG-1",4
"GTTTGGTAGGGTCAAC-1",4
"GTTTGGTGATCGGTGC-1",7
"TAAACCCAGGAGGGCA-1",6
"TAAACGTCGTCAATGA-1",1
"TAAAGACAACCCTTTA-1",1
"TAAAGAGCCCGAAACC-1",1
"TAAAGCGGTATTTCCA-1",7
"TAAAGCGTTAGGAGAA-1",1
"TAAAGCTGCAATAGGG-1",1
"TAAATCTTTACACCTC-1",2
"TAAATGAATCCGTTTC-1",6
"TAAATGCCGTCTCATG-1",2
"TAACAAAGGGAGAAGC-1",6
"TAACAATATTTGTTGC-1",6
"TAACAGCGTTTGTGCT-1",3
"TAACATACAATGTGGG-1",6
"TAACATACACGCGATC-1",6
"TAACCGCCCGCAGTGC-1",1
"TAACCTACCGTCCGAG-1",1
"TAACCTAGGGAGTCCA-1",6
"TAACGCTTTGAGAGCG-1",6
"TAACTATCGAAGGTCC-1",1
"TAACTATTACGCCAAA-1",1
"TAACTCATCCGCGCGG-1",6
"TAACTCCATGGAGGCT-1",1
"TAAGAGGGACAGGGAC-1",6
"TAAGCAGGCGACACGC-1",6
"TAAGCCCTTACGACCA-1",2
"TAAGCGCGAATCAAAT-1",6
"TAAGGAACTTGTGGGA-1",1
"TAAGGCAACATAAGAT-1",1
"TAAGGCATAACATCAA-1",3
"TAAGGCCCGTCACCCT-1",3
"TAAGGCTGAATCCCTC-1",6
"TAAGGGCCTGTCCGAT-1",6
"TAAGGGCTGGGAGAGG-1",6
"TAAGTAAATGTGCCGC-1",2
"TAAGTAACATCTTGAC-1",6
"TAAGTCGCCGAGTATC-1",6
"TAAGTTGCGACGTAGG-1",6
"TAATAAACAAGGAGAT-1",5
"TAATACACAGTAGTAT-1",1
"TAATACTAGAACAGAC-1",7
"TAATAGAACAGAGTTA-1",6
"TAATAGGTCACCAGAA-1",6
"TAATAGTGACGACCAG-1",1
"TAATATTGAAATTCGC-1",1
"TAATCAACCAAATGGG-1",6
"TAATCAGGAATGCTGC-1",6
"TAATCGATCCGTACGT-1",1
"TAATGAAAGACCCTTG-1",6
"TAATTACGTCAGTAGA-1",6
"TAATTAGATGGATATG-1",1
"TAATTAGGACATCCGT-1",1
"TAATTGGAATCGGGAA-1",5
"TACAAATTGCGGAGGT-1",1
"TACAACGCACAACTCA-1",6
"TACAAGCTGTTCACTG-1",1
"TACAAGTCTCGTGCAT-1",6
"TACACCGTCGTTAGTC-1",2
"TACAGAAACGGTGGGC-1",4
"TACATAGGCATACACC-1",6
"TACATCCCTATCCCTG-1",6
"TACATCTTGTTTCTTG-1",5
"TACATGACCTTATCCG-1",2
"TACATGCCGGAATTGT-1",6
"TACATTTCTAACGTGC-1",6
"TACCAAATAGCCCAGA-1",7
"TACCAATAAAGTACCA-1",6
"TACCAGAAGTAGGTTC-1",4
"TACCAGCTAGGTTTAA-1",1
"TACCAGGAATCCCGTC-1",7
"TACCGAATAATTGTAA-1",4
"TACCGCGGACTTGCAG-1",1
"TACCGGCTCACTGCCC-1",6
"TACCGGTCGTTTCCAT-1",6
"TACCGTAGGTTAACTA-1",3
"TACCGTGCCTCGGACC-1",6
"TACCTACTCCCAGTAT-1",7
"TACCTCACGCTTGTAC-1",1
"TACCTCAGTTGTCTGT-1",7
"TACCTCCACACCAATG-1",6
"TACCTGCTGCACTGTG-1",1
"TACCTTAAGATTTCCC-1",6
"TACGAACACGACTTCA-1",6
"TACGACGCTTGCTGCG-1",6
"TACGACTGCCTCTTAG-1",6
"TACGAGAACTTCACGT-1",6
"TACGATCCAAGCCACT-1",2
"TACGATGTTGATCATC-1",6
"TACGCAGTTCTTTCCT-1",6
"TACGCCATATTCTAAT-1",6
"TACGCCGAGGGTACCC-1",6
"TACGCCTCCATTCCGA-1",4
"TACGCTATAGAAACCT-1",1
"TACGCTCGGTATTGGA-1",6
"TACGCTGCTGTGTTAA-1",6
"TACGGAAGCCAAACCA-1",7
"TACGGCATGGACGCTA-1",6
"TACGGGATGCTAGCAG-1",1
"TACGTAAAGCGGAGTG-1",6
"TACGTACTAGTGCTGA-1",3
"TACGTGCACTATGCTG-1",6
"TACGTGGGCCCAGGGC-1",3
"TACGTTTACCGGCAAT-1",6
"TACTATGGTTCCTCAG-1",3
"TACTCCTCTAGTTGAC-1",7
"TACTCGGCACGCCGGG-1",6
"TACTCTCCGAACAAAT-1",5
"TACTCTTACTTTACTG-1",6
"TACTCTTTCGTCTTCA-1",3
"TACTGAACAGATTTAG-1",3
"TACTGCAATCAATTAC-1",5
"TACTGGACAGCTCGGC-1",6
"TACTGTTTCTCTGGTA-1",1
"TACTTAAACATGTACA-1",6
"TACTTGTTAGTAGTCC-1",6
"TACTTTACTGAGCCGG-1",1
"TACTTTCCGCACGCCA-1",6
"TAGAAACCACTAAGTA-1",5
"TAGAAAGGTGGCGCTA-1",1
"TAGAAATTCACGTATA-1",6
"TAGAATAGCCGATGAA-1",6
"TAGAATTAAGGGCAAC-1",5
"TAGACGAAACGCCAAT-1",3
"TAGACGCCCGTACCGG-1",1
"TAGACTACCTAGCGTT-1",1
"TAGAGATCATGCAACT-1",6
"TAGAGCTACGAAGAAC-1",1
"TAGAGGTTCTACTTGT-1",6
"TAGAGTCTAAGCGAAC-1",6
"TAGATATGGACTGGAA-1",6
"TAGATCCGAAGTCGCA-1",1
"TAGATGGTTCCTTACT-1",6
"TAGATTCAAAGTGCGG-1",7
"TAGATTCCTGGTTATT-1",6
"TAGCAACCTGTCACAA-1",1
"TAGCAGTAAATACGCG-1",5
"TAGCAGTATGACTAAA-1",6
"TAGCCATTTCAAAGTC-1",6
"TAGCCGGCGGTCAGCG-1",1
"TAGCGTCCCTCGATTG-1",1
"TAGCGTCCGGTGTGGT-1",6
"TAGCGTTGGGTCTTAC-1",6
"TAGCTAAGTCCGGGAG-1",6
"TAGCTAGAAGGCATGA-1",4
"TAGCTAGTGATGATGG-1",3
"TAGCTCAGATCCTAGT-1",5
"TAGCTCGCCTGATAAC-1",6
"TAGCTGATGTGAAGCG-1",6
"TAGGAACAGCCTCCAG-1",1
"TAGGCATGTTACGCCA-1",1
"TAGGCCTATATAGTCT-1",6
"TAGGCGATGAGGTCTC-1",4
"TAGGCGGCTGCAAAGA-1",6
"TAGGCTAAAGTGGCAC-1",6
"TAGGGAGCTTGGGATG-1",1
"TAGGGTGTTTCAAGAG-1",1
"TAGGTCCAAGTAAGGA-1",6
"TAGGTCGCCGGAACTG-1",1
"TAGGTGACGATAACCT-1",4
"TAGGTGAGCCCTACTC-1",6
"TAGGTGCTCGCCTAGC-1",6
"TAGGTGTTCCACAGAT-1",7
"TAGGTTCGAGTTCGTC-1",6
"TAGTACCACAACTTTC-1",6
"TAGTACCTTAGTGGTC-1",1
"TAGTAGCTTATACCAG-1",7
"TAGTCCCGGAGACCAC-1",7
"TAGTCCGCAGAGAATG-1",6
"TAGTCCGTATGCATAA-1",1
"TAGTCGATCACGGGTT-1",6
"TAGTCTAACAACGAGA-1",6
"TAGTCTGTGACGTTGC-1",1
"TAGTCTTTCCGAATTG-1",6
"TAGTGAGAAGTGGTTG-1",1
"TAGTGCCCTCCAGAGT-1",6
"TAGTGGAACTCATACA-1",6
"TAGTGTCAGAAACGGC-1",1
"TAGTTAAGATAGGATA-1",5
"TAGTTTATTCTTGCTT-1",1
"TATAAATCCACAAGCT-1",1
"TATAAGTGAGGATAGC-1",1
"TATACACAGACGCCTT-1",4
"TATACACGCAAAGTAT-1",1
"TATACCGAGTGCCACA-1",6
"TATACGCGTCATCACT-1",3
"TATACTCATGCGGCAA-1",1
"TATAGAGTCGCTTGAA-1",3
"TATAGATGGTCGCAGT-1",1
"TATAGCGCACGTTATC-1",6
"TATAGGGTACTCATGA-1",6
"TATATAGGGCTTTACG-1",4
"TATATATCGAGAAATG-1",6
"TATATCATTGATCAGT-1",2
"TATATCCCTGGGAGGA-1",1
"TATATGCTGGGTTGCC-1",2
"TATATTACAAATGTCG-1",2
"TATATTCGCGTCGATA-1",6
"TATCAAAGGTCTGTAA-1",5
"TATCACAGCACGGGCA-1",1
"TATCACCATGTAAAGT-1",5
"TATCACCCAACCGACC-1",2
"TATCACTTCGAGTAAC-1",2
"TATCAGTGGCGTAGTC-1",6
"TATCCAATTGGTTATC-1",4
"TATCCATATCATGCGA-1",6
"TATCCATCTCGGTTAG-1",6
"TATCCGCACCGTCGGG-1",3
"TATCCTATCAACTGGT-1",4
"TATCCTGCATGGGAAT-1",1
"TATCGATCTATGCATA-1",1
"TATCGATGATTAAACG-1",6
"TATCTACAGAGGTAAT-1",6
"TATCTACCACAGCGGG-1",6
"TATCTAGCCTAAAGGA-1",6
"TATCTGAGCCGATATT-1",6
"TATCTTGCAATACAAC-1",6
"TATGAAGAATTAAGGT-1",6
"TATGAAGACAGGTGCG-1",6
"TATGATAAATCTAACG-1",5
"TATGATCCGGCACGCC-1",1
"TATGATCTTCTCTTTA-1",6
"TATGCTCCCTACTTAC-1",1
"TATGGAGTTTCTCGTT-1",1
"TATGGATGTGCTACGC-1",6
"TATGGCCCGGCCTCGC-1",6
"TATGGCTAGGCTAATT-1",1
"TATGGGACCGAGCAGG-1",6
"TATGGGTACGTATCGT-1",6
"TATGGTCTGAGTAACA-1",6
"TATGGTTAGTGGGAGA-1",1
"TATGTAAAGTGCTTAA-1",7
"TATGTCAAGACCGACT-1",1
"TATGTCTCATTGTGCC-1",1
"TATTAACACCAAAGCA-1",6
"TATTAACCTGACCGCG-1",4
"TATTACCATCCTGCTT-1",1
"TATTATGTTTGCCTGC-1",6
"TATTCAATTCTAATCC-1",6
"TATTCCACTCAGCTCG-1",6
"TATTCCGAGCTGTTAT-1",6
"TATTCCGGCAGTCCTA-1",1
"TATTCCTCCGCCCACT-1",6
"TATTCGTGCCAGAATA-1",6
"TATTGACATTTCTGCC-1",2
"TATTTAGTCTAGATCG-1",1
"TATTTATACCGAGTAG-1",1
"TATTTGATTTGCACAG-1",6
"TATTTGTTACCCTTTA-1",6
"TCAAACAACCGCGTCG-1",6
"TCAAACAATTAGGACA-1",5
"TCAAACTTAGATTGTT-1",6
"TCAAATTGTTGTGCCG-1",3
"TCAAATTTGAGACTCA-1",3
"TCAACAAAGATAATTC-1",4
"TCAACACATTGGGTAA-1",1
"TCAACATAGCGCCCTA-1",4
"TCAACATCGACCGAGA-1",6
"TCAACCATGTTCGGGC-1",6
"TCAACGAGGAGACAAA-1",6
"TCAACGCAGGAAATAA-1",6
"TCAACGCGACCGGCAG-1",6
"TCAACTAACGTATAAC-1",6
"TCAACTGCAGAGTCAG-1",6
"TCAAGAAATACTAGCT-1",5
"TCAAGCGCGGACGGTA-1",6
"TCAAGCTGCCTTGAAA-1",2
"TCAAGGTTACTACACC-1",6
"TCAATACAATTGCTGC-1",2
"TCAATACGCCGTCATG-1",3
"TCACAAACCGAGGTAC-1",6
"TCACAGATCCTCAAAC-1",1
"TCACAGCAAACTCGAA-1",4
"TCACAGGAGAATAAGA-1",4
"TCACAGGGAATCGCAA-1",6
"TCACAGGTTATTGGGC-1",6
"TCACATCTTATCTGAT-1",6
"TCACCCTCTTAAGATT-1",6
"TCACCGCTCGGCACTC-1",1
"TCACGATGTCCGTGGA-1",6
"TCACGCATTGTAGATC-1",6
"TCACGGCCCAAGAGAG-1",4
"TCACGGTCATCGCACA-1",1
"TCACGTGCCCGATTCA-1",6
"TCACTACGACCAATGC-1",1
"TCACTCGTGCAACGGC-1",1
"TCACTCTTCGTCTGTC-1",1
"TCAGAACCTCCACAGG-1",1
"TCAGACGCTATAGAAG-1",6
"TCAGATGGAGACGTAG-1",2
"TCAGCAAATGCATCTC-1",6
"TCAGCAGTAGGCCCTG-1",3
"TCAGCCAATCCGTAAA-1",6
"TCAGGGCGACTTCCTT-1",2
"TCAGGGCGCAAACTCG-1",1
"TCAGGGTGCACGAAAC-1",1
"TCAGGGTGTAACGTAA-1",1
"TCAGGTTCTTTGAGAA-1",6
"TCAGTACTGACCCGCG-1",6
"TCAGTAGGGACTATAA-1",6
"TCAGTGTATACGTCAT-1",4
"TCAGTTACGGAATGAT-1",5
"TCATACTTACAGATCC-1",1
"TCATATGAGCTTTGTT-1",3
"TCATCACTCGAGCTCG-1",1
"TCATCCCAGAGGGTGG-1",1
"TCATCCTCAGCTGCTT-1",4
"TCATCGATGGTCCCAA-1",6
"TCATGCAGGTTCTCAT-1",1
"TCATTCGTATAATTTG-1",5
"TCATTTAAGTCTCCGA-1",1
"TCATTTAGAAGTGTGA-1",6
"TCCAACTCAGCTATCT-1",4
"TCCAACTTTAAATTCT-1",6
"TCCAAGCCTAGACACA-1",7
"TCCAATAAAGGCTACC-1",7
"TCCACAATGGTTTACG-1",6
"TCCACATCGTATATTG-1",7
"TCCACCTCTAGCCTTT-1",4
"TCCACTTTATCTAGGT-1",1
"TCCAGAGCACCGGTTC-1",6
"TCCAGATGTACGCCAA-1",2
"TCCAGCGCTATAAGCG-1",6
"TCCAGGCGAGTACGGT-1",6
"TCCAGGGTATATACGA-1",3
"TCCATCAATACTAATC-1",6
"TCCATTAGTTGGATAG-1",1
"TCCATTCCCACTAGAG-1",2
"TCCATTGTGACCTCGT-1",1
"TCCCAAACAGACAACG-1",2
"TCCCAAAGACGAAGGA-1",1
"TCCCAAAGCCCTAAAT-1",6
"TCCCACGGAGGGAGCT-1",1
"TCCCACTCTCTTCCGG-1",1
"TCCCAGCACACGACAT-1",6
"TCCCAGCTTTAGTCTG-1",6
"TCCCAGGCTTAGCTAA-1",6
"TCCCGCCTATGTGCGT-1",1
"TCCCGCGTACTCCTGG-1",1
"TCCCGGGTGTGCTGCT-1",1
"TCCCGGTCAGGAATTT-1",1
"TCCCGTCAGTCCCGCA-1",1
"TCCCGTCGCGTCATAG-1",1
"TCCCGTGTGCAATTTG-1",6
"TCCCTAGATCAATAGG-1",5
"TCCCTCTTCTCAAGGG-1",6
"TCCCTGGCGTATTAAC-1",6
"TCCCTGGCTCGCTGGA-1",6
"TCCCTTAGATTACTCG-1",1
"TCCGAACGTTGCCGCT-1",6
"TCCGAACTTGGCTTAC-1",6
"TCCGAAGTAGTCACCA-1",2
"TCCGAATGGTCCTGAG-1",2
"TCCGAGAAGGCTAAGC-1",1
"TCCGATAATTGCCATA-1",1
"TCCGATGACTGAGCTC-1",1
"TCCGATGGTGCGACAT-1",1
"TCCGATTACATTGCCG-1",6
"TCCGCCTGTCTACAAG-1",4
"TCCGCGGCAGCATCTG-1",1
"TCCGCGGCCCAATGAA-1",6
"TCCGCTGTCATCCCGG-1",6
"TCCGCTTATCCCATTA-1",6
"TCCGGAGGAAGGGCTG-1",2
"TCCGGCCTAGCGTACA-1",1
"TCCGGCCTGCATCGAT-1",1
"TCCGGGCTTGACGGGA-1",6
"TCCGGTTCGTCCGGTC-1",4
"TCCGTAACCACAATCC-1",1
"TCCGTTAAGCTAATAT-1",6
"TCCGTTTAGCCTTGAA-1",1
"TCCTAAAGATTCAGAC-1",3
"TCCTAAATTGGGAAGC-1",4
"TCCTAACCGTCGGGCA-1",7
"TCCTACATCCACGGCC-1",6
"TCCTAGCAAAGAAGCT-1",6
"TCCTATCATAGGTAAC-1",2
"TCCTCCTAAGACATTC-1",6
"TCCTCGGGCTGGGCTT-1",6
"TCCTCTACGAGATGGC-1",6
"TCCTCTCCAGTTGTCC-1",6
"TCCTCTGGCCCATTAG-1",2
"TCCTGCCAACTGGAGA-1",2
"TCCTGCGTTGATACTC-1",6
"TCCTGGCGCTGCCTGG-1",2
"TCCTTACGACGGTCCG-1",6
"TCCTTCAGTGGTCGAA-1",1
"TCCTTGTCCTTTAATT-1",3
"TCCTTTAAATCCGCTT-1",4
"TCCTTTCTTACGCTTA-1",6
"TCGAAATTTAGGACCA-1",6
"TCGAAGAACCGAGCAC-1",6
"TCGAATATCCCGCAGG-1",4
"TCGACAACTGAACCCG-1",6
"TCGAGACCAACACCGT-1",6
"TCGAGCCAGGCAGGCC-1",4
"TCGAGGGCAACAGACG-1",6
"TCGATAGGCTAGTCGC-1",1
"TCGCAAAGATGCATTT-1",6
"TCGCACCAGGAGGCAG-1",6
"TCGCATAAAGGGCGCA-1",6
"TCGCATCCCTAAGTGT-1",1
"TCGCATTCAATGACTT-1",1
"TCGCCCAACTGACTCC-1",1
"TCGCCGAAGTTGCGTC-1",6
"TCGCCGACATATTCGC-1",3
"TCGCCGGATGGGCAAG-1",2
"TCGCCGGTCGATCCGT-1",1
"TCGCGTAGCAGTGTCC-1",7
"TCGCGTCCAGAAGGTC-1",6
"TCGCTAAACCGCTATC-1",1
"TCGCTACTGGCTTTGA-1",7
"TCGCTCGATATATTCC-1",1
"TCGCTCGGCACCAGCG-1",2
"TCGCTGCCAATGCTGT-1",7
"TCGCTGGGCGGATTGT-1",1
"TCGCTGTGCGTAAATC-1",1
"TCGCTTAATTACGAAG-1",5
"TCGCTTTAAACGTTTG-1",1
"TCGGAATGACCATCAA-1",1
"TCGGAATGCGCTCTGA-1",6
"TCGGACGCCCAGCCCA-1",1
"TCGGAGAGTATCGGGA-1",6
"TCGGAGTACATGAGTA-1",6
"TCGGCGAACCCAAACC-1",6
"TCGGCGGTATTAGATT-1",2
"TCGGCGTACTGCACAA-1",6
"TCGGCTAACTTCCCTT-1",2
"TCGGCTTGTATCGACG-1",6
"TCGGGAACGTGCCTAG-1",1
"TCGGGAGACAGCGTAC-1",4
"TCGGGATTCAAACATA-1",6
"TCGGGCCGTCGTGGTA-1",1
"TCGGGTGAAACTGCTA-1",1
"TCGGTCCCGACAATAG-1",6
"TCGGTCCCTGACTCCA-1",2
"TCGGTGACCGCTCCGG-1",2
"TCGGTTAGCCATGTAG-1",2
"TCGTAAGACGACATTG-1",1
"TCGTAAGCTCCGAGGA-1",1
"TCGTACCGACGTCAAG-1",7
"TCGTATAGTGCAATTA-1",1
"TCGTATCACCAAGCTA-1",1
"TCGTATTACCCATTGC-1",6
"TCGTATTTCGTCCGGA-1",2
"TCGTCAAGTACGCGCA-1",4
"TCGTCACACTGTTAGC-1",6
"TCGTCCGCTGGCGTCT-1",6
"TCGTCCGGGTACACTC-1",2
"TCGTCTTAGGCGTTAA-1",6
"TCGTGTACTATGGATG-1",7
"TCGTGTATTGGTCACG-1",3
"TCGTGTCACGCTGACA-1",1
"TCGTGTTCGACCACAA-1",1
"TCGTTAGGAGTCCCTA-1",4
"TCGTTCGTTATTATGT-1",1
"TCGTTGACAGGGTCCC-1",2
"TCGTTGCTATCCGGTC-1",6
"TCGTTGGCTCGTCAAT-1",1
"TCTAAAGAACAGTCTC-1",6
"TCTAACTGTATGTAAA-1",1
"TCTAATACTGCCTCAG-1",6
"TCTACACGTTCATGCA-1",1
"TCTACCCAATAGAGAG-1",6
"TCTACCGTCCACAAGC-1",1
"TCTACGGGCTCAGTTG-1",2
"TCTAGCAATCTCCGCC-1",6
"TCTAGCATCTTCGATG-1",1
"TCTAGCATGCCCAGAA-1",6
"TCTAGGTGGCGACGCT-1",1
"TCTAGTGATATCGTGG-1",6
"TCTAGTTATCAGAAGA-1",6
"TCTATAGGTGGGTAAT-1",6
"TCTATCATGCAGTTAC-1",1
"TCTATCGGTCGCAACA-1",1
"TCTATGCTATAACGAC-1",4
"TCTATTACGCTGGCGA-1",1
"TCTATTACTAGAGGAT-1",6
"TCTCATGAGATAGGGT-1",6
"TCTCCAACGTAGGTTA-1",1
"TCTCCACAAGTTGAAT-1",4
"TCTCCCTGGGCAGCGT-1",6
"TCTCGAACGAGGTCAC-1",1
"TCTCGACGTATCGCCG-1",1
"TCTCGAGGAGGTTCGC-1",6
"TCTCGGCTCCAGGACT-1",1
"TCTCTAATAGCTGGTA-1",6
"TCTCTCGCCGCACATA-1",6
"TCTCTTACCGCGAACC-1",3
"TCTGAACCGGTCGGCT-1",1
"TCTGAACTCGTACCCG-1",6
"TCTGAAGCACGTGGTC-1",6
"TCTGAATTCCGTACAA-1",1
"TCTGACGGGCTAACCC-1",2
"TCTGACTGTAATGGTT-1",1
"TCTGAGCAATTGACTG-1",6
"TCTGATCGGGTGCTAG-1",2
"TCTGATGTATTCTGTC-1",6
"TCTGATTGGAAATGGA-1",2
"TCTGCAGATTCGAGTC-1",1
"TCTGCATACCTTGCTT-1",4
"TCTGCCAGAAACTGCA-1",6
"TCTGCGAATCGTTCGC-1",2
"TCTGCGTCCGGTTTCT-1",1
"TCTGCTTAGAACAAGC-1",6
"TCTGGCCGTTCAAGTT-1",2
"TCTGGGAACCTTTGAA-1",6
"TCTGGGTAGCGCTCAT-1",6
"TCTGTCATACAAGAGC-1",1
"TCTGTGACTGACCGTT-1",1
"TCTGTGATGGAGGTTG-1",1
"TCTGTGCCATCATAGT-1",1
"TCTGTTACCCAGCATA-1",6
"TCTTACAGAGGTACCG-1",1
"TCTTACCGGAACTCGT-1",1
"TCTTACGGCATCCGAC-1",6
"TCTTACTTATGCCTCT-1",6
"TCTTAGAGCTCCAATT-1",1
"TCTTAGAGTGAACTCT-1",6
"TCTTCCCATGGGCACA-1",1
"TCTTCGAATAGACGTT-1",6
"TCTTCGATACCAATAA-1",6
"TCTTCGCGGTGAGAGG-1",6
"TCTTCTATAACCCGCC-1",6
"TCTTGATGCGTAGCGA-1",6
"TCTTGCTCCCGATACT-1",7
"TCTTGGTAACACCAAA-1",1
"TCTTGGTCAATGATAC-1",6
"TCTTTAAGACTATGAA-1",1
"TCTTTAGAGTCTAACA-1",6
"TCTTTAGCAGGCGAAC-1",2
"TCTTTCCTTCGAGATA-1",6
"TCTTTCTCTTAAGGAG-1",1
"TGAAACTTATGCAAGC-1",1
"TGAAAGGACCTGACTC-1",1
"TGAACAAGCAGGGACT-1",4
"TGAACTGCTATGACTT-1",1
"TGAAGAGCGGTCCTAG-1",1
"TGAAGTAGCTTACGGA-1",2
"TGAATACCGACGCGTA-1",3
"TGAATATGCTATAAAC-1",5
"TGAATGAGATACAGCA-1",5
"TGAATGAGTGTTTCCC-1",3
"TGAATGTCAGCCGGCC-1",6
"TGACACTTCTCTTTGC-1",1
"TGACAGGACAAGTCCA-1",4
"TGACATCGAGCGGACC-1",1
"TGACATGTAACGTGAC-1",3
"TGACCAAATCTTAAAC-1",3
"TGACCAGCTTCAAAGT-1",2
"TGACCCACGTTAGACA-1",6
"TGACCCAGCATTCCCG-1",5
"TGACGAATATTTCCCT-1",6
"TGACGATGCACTAGAA-1",1
"TGACTATAATCCTTTC-1",6
"TGACTCCGAATCATAC-1",6
"TGAGAATGCTTTACCG-1",1
"TGAGAGATTTACCACG-1",6
"TGAGATCAAATACTCA-1",5
"TGAGATTAGGCCCTAA-1",1
"TGAGCCATACAGTCTC-1",6
"TGAGCGGAAAGTGTTC-1",4
"TGAGCTTTAATGACGC-1",1
"TGAGGAGTGCCAGCTT-1",3
"TGAGGCATGTACTGTG-1",6
"TGAGTAAATTAGCGTA-1",6
"TGAGTGCCTCTTAAAT-1",6
"TGAGTGGTCCGTGACG-1",1
"TGAGTTAAAGACATTC-1",6
"TGATACATTTAGCCGT-1",4
"TGATAGCGGGATTCTA-1",1
"TGATCACCACACTGAC-1",7
"TGATCAGGGAACTGCT-1",6
"TGATCCCAGCATTAGT-1",1
"TGATCGGTTTGACCCT-1",6
"TGATCTACGCTGATCT-1",1
"TGATCTCCGGCGCCAG-1",6
"TGATGCTCACGTAGTC-1",2
"TGATGGCTGTTTCTGA-1",1
"TGATGTCAATTAAGTG-1",6
"TGATTATGGCACGCAG-1",2
"TGATTCAGGTCCCGCG-1",6
"TGATTCCCGGTTACCT-1",7
"TGATTCGTCTATCACT-1",6
"TGATTCTGTCGCCGGT-1",6
"TGATTTATTAGCTGTG-1",6
"TGATTTCCTCCTGACG-1",1
"TGCAAAGTTCGTCTGT-1",6
"TGCAACCCATCTGCGG-1",4
"TGCAAGAATGACGTAA-1",6
"TGCAATCTAACACGGT-1",4
"TGCAATTTGGGCACGG-1",1
"TGCACAGTGAAGTTAT-1",2
"TGCACGAGTCGGCAGC-1",1
"TGCACTATGTGAGTGC-1",1
"TGCAGAACTATATCGT-1",6
"TGCAGAGTACCGAGCA-1",6
"TGCAGATCGTCCTAGG-1",6
"TGCAGCTACGTACTTC-1",1
"TGCAGGATCGGCAAAG-1",1
"TGCAGTGAGGCTCGGG-1",2
"TGCAGTGGTAGGGAAC-1",6
"TGCAGTTTCCTCCCAT-1",6
"TGCATATGTCTGTCAC-1",1
"TGCATCTCCGGATCTT-1",2
"TGCATGGATCGGATCT-1",1
"TGCATGGCAGTCTTGC-1",1
"TGCATGTGACCCATAG-1",7
"TGCATGTGGTAATCTA-1",1
"TGCCAAAGTCAGACTT-1",6
"TGCCAATGGGTACTCT-1",4
"TGCCACCTGGCGAAAC-1",1
"TGCCAGTACGTGGAGA-1",6
"TGCCATGGCTTATAAG-1",1
"TGCCATTACTAAAGAA-1",5
"TGCCCGTACCGTTAAA-1",6
"TGCCGAAAGCGTATTC-1",2
"TGCCGGATGTACGAGC-1",4
"TGCCGTGGATCGTCCT-1",3
"TGCCTAATTGAAGATT-1",6
"TGCCTGACATCGGTCA-1",1
"TGCCTGATCAAACGAT-1",1
"TGCCTTGGCCAGGCAA-1",6
"TGCGAATATGGGATTT-1",6
"TGCGACACCCTAGTGC-1",6
"TGCGACGGCCGAACGT-1",4
"TGCGAGAATATTACCC-1",6
"TGCGAGATGGCGGCCA-1",2
"TGCGAGCCCTTCCGCG-1",1
"TGCGATGCTAATGGCT-1",1
"TGCGCAAAGCATTTGG-1",6
"TGCGCGATTAACGGAG-1",6
"TGCGGACTTGACTCCG-1",7
"TGCGGAGTAAAGGTGC-1",1
"TGCGGCATAGTTCAAC-1",1
"TGCGGGTATTGGGATC-1",1
"TGCGGTCTACGAGTAA-1",1
"TGCGGTGAAATTTCAT-1",1
"TGCGTAAGAACCTGAT-1",6
"TGCGTACGGCTAATTG-1",6
"TGCGTCATGACTGAGC-1",6
"TGCGTGATTGGGTGTC-1",1
"TGCGTTTGTTGACACT-1",6
"TGCTAAGTGTCTATTT-1",6
"TGCTATACAAACGGAC-1",1
"TGCTCACACAACAACC-1",1
"TGCTCCACAGTTCTTA-1",6
"TGCTCGGCGAAACCCA-1",3
"TGCTCGGTGGGTCACC-1",7
"TGCTCTGCCGGTTCAC-1",2
"TGCTCTTGAGAGTTTG-1",7
"TGCTGCGTCAGAGTTA-1",2
"TGCTGGTTGGACAATT-1",6
"TGCTGTTGAAGAACTC-1",6
"TGCTTAGAGAGAATGC-1",6
"TGCTTCCCAAGCAGTA-1",3
"TGGAAACGGAGTGAAC-1",2
"TGGAACCACTGACACA-1",1
"TGGAAGAAGGGAACGT-1",6
"TGGAAGACGAACACCA-1",1
"TGGAAGGATAAAGATG-1",1
"TGGAATATCCTTGACC-1",5
"TGGAATTAGACGCTTT-1",1
"TGGACACCGTTGCTTG-1",1
"TGGACCAATCTAAGAT-1",3
"TGGACCACGGCGTTGA-1",1
"TGGACGCAATCCAGCC-1",6
"TGGACTGTTCGCTCAA-1",6
"TGGAGCTAAAGTTCCC-1",1
"TGGAGTGATGCGATGA-1",6
"TGGATAGAGTAACAGA-1",5
"TGGCAAACTAAATTAC-1",6
"TGGCAACTCGCGCGCC-1",1
"TGGCAAGCACAAGTCG-1",7
"TGGCAATGGGACGGCG-1",6
"TGGCACGAGCTCGAGT-1",2
"TGGCAGATTACGATCA-1",6
"TGGCAGCAGTAATAGT-1",6
"TGGCATGAAGTTTGGG-1",6
"TGGCCAAACTGAAGTA-1",1
"TGGCCAATTTGGTACT-1",6
"TGGCCGTATATTGACC-1",6
"TGGCGACTGCTCCAAA-1",4
"TGGCGATCAAGTTATG-1",4
"TGGCGGTGTGCGATTG-1",1
"TGGCTACACTCTACCT-1",4
"TGGCTATGTGACATAC-1",6
"TGGCTCTTGTCGCGTA-1",6
"TGGCTTGTACAAGCTT-1",2
"TGGCTTTGGGTAGACA-1",1
"TGGGAAATGCCTTTCC-1",1
"TGGGATGCACTCATTC-1",1
"TGGGCAATAGTTGGGT-1",6
"TGGGCACAAACAGAAC-1",1
"TGGGCACGTTCTATGG-1",2
"TGGGCAGGCCACCGCA-1",6
"TGGGCCACAAGAGCGC-1",1
"TGGGCCCATACTAATT-1",6
"TGGGCGATACAATAAG-1",7
"TGGGTAAGGTTCCCGC-1",1
"TGGGTGCACAAGCCAT-1",4
"TGGGTGGGATGTCATT-1",5
"TGGGTTCCCGGACGGA-1",1
"TGGTAAGCAGGATTGA-1",6
"TGGTAGAATATATGGG-1",6
"TGGTATCGCATCCCAA-1",1
"TGGTATCGGTCTGTAT-1",2
"TGGTCCCACGCTACGG-1",4
"TGGTCGTGCAAGGCAA-1",6
"TGGTCGTTTGATAGAT-1",5
"TGGTCTAGCTTACATG-1",1
"TGGTCTGTTGGGCGTA-1",6
"TGGTGATCGTATTTGT-1",1
"TGGTTAAGGGCGCTGG-1",2
"TGGTTATGCTTGCGGT-1",2
"TGGTTCAACGGGTAAT-1",6
"TGGTTCGTAGCAAAGG-1",1
"TGGTTGGAGGATCCTG-1",1
"TGGTTTAAACGTGGGT-1",5
"TGTAACTTGTCAACCT-1",1
"TGTAATGACCACAATA-1",6
"TGTAATGCCTTCGGAC-1",1
"TGTACCTACACGAGGG-1",4
"TGTACGAACAAATCCG-1",6
"TGTACGCTATCAGCTT-1",2
"TGTACTGTGCCAAAGT-1",1
"TGTAGCCATCCCATTC-1",6
"TGTAGGAGAAATTTCC-1",1
"TGTAGTGATCTATAAT-1",6
"TGTATAACAGATCCTG-1",1
"TGTATCAGACTGAAGC-1",5
"TGTATCCTTATTCCAT-1",1
"TGTATGGCGCAGACAG-1",6
"TGTATTTACCTAATGC-1",5
"TGTCATTTGTTGGGAA-1",2
"TGTCCACGGCTCAACT-1",6
"TGTCCCGACATAGCAC-1",6
"TGTCCGTGGCGCCTTT-1",6
"TGTCCTAAGTCACCGC-1",6
"TGTCGGCATGGTGGAA-1",1
"TGTCGTTATCACATAT-1",6
"TGTCTACAGTTTCTGT-1",1
"TGTGACTACGCCAGTC-1",1
"TGTGAGACTAGCCCAA-1",3
"TGTGATTCCAGCGCTT-1",2
"TGTGCCGGTGCCGGAA-1",6
"TGTGCTTTACGTAAGA-1",6
"TGTGGACTATCTACGT-1",6
"TGTGGAGGAAGCTTAA-1",1
"TGTGGCAAAGCGTATG-1",1
"TGTGGCGGGCTTCTGG-1",7
"TGTGGCTCCCACCAAC-1",1
"TGTGGTAGGGTGCCTT-1",6
"TGTGGTTGCTAAAGCT-1",7
"TGTGTAGTAGCACGTG-1",6
"TGTGTCGCGAGTTGCA-1",6
"TGTGTTCGTATCCAAG-1",6
"TGTTATTGTATGTGGC-1",6
"TGTTCATAAATGTGCT-1",1
"TGTTCCGCTTCCATGA-1",6
"TGTTCGTATTGCGGTG-1",4
"TGTTCTCTACTCCCTA-1",2
"TGTTCTTCCATTGACT-1",6
"TGTTGATCACTGTTTA-1",2
"TGTTGCCGTCGTCCCA-1",6
"TGTTGTCAAGAAGTCT-1",1
"TGTTTAATACTTCATC-1",5
"TGTTTCGGTACTTCTC-1",1
"TGTTTGAGATCGTCAG-1",6
"TTAAACAGAGTCCCGC-1",1
"TTAAACCGGTAGCGAC-1",1
"TTAAACCTGGTTCCTT-1",1
"TTAAACTCGAATTCAT-1",1
"TTAACACCTCGAACAT-1",1
"TTAACCAACCCTCCCT-1",1
"TTAACGAACAAGCAGT-1",5
"TTAACGTCGCAAGACC-1",1
"TTAACTCACGCGTGGA-1",1
"TTAACTTCAGGTAGGA-1",6
"TTAAGACGAACGAACC-1",1
"TTAAGATAGGATTGAC-1",6
"TTAAGCCGACAACTTC-1",1
"TTAAGCGCCTGACCCA-1",6
"TTAAGGATACGGAGGT-1",1
"TTAAGGCCCGTACTTT-1",6
"TTAAGTATTGTTATCC-1",4
"TTAATCAGTACGTCAG-1",1
"TTAATGCGAGGTAACT-1",1
"TTAATGTAGACCAGGT-1",1
"TTAATTGCTTTGGGTG-1",3
"TTAATTTCAGACGCGG-1",1
"TTACAACTACGCATCC-1",1
"TTACACGATCTGCGAC-1",6
"TTACAGACCTAAATGA-1",1
"TTACATCGTGGCCTGG-1",1
"TTACATGCCACAACTA-1",1
"TTACCATTGATTACCC-1",6
"TTACCCATTGCCGGGT-1",1
"TTACCCTAACAGTCCT-1",1
"TTACCCTAGGGATTGG-1",7
"TTACCGCCTTAGGGAA-1",1
"TTACGGATGGTTCGAG-1",1
"TTACGTAGCGCGTGCT-1",2
"TTACGTATCTATGACA-1",6
"TTACTAAAGGACTTTA-1",6
"TTACTATCGGCTTCTC-1",6
"TTACTCCGGCCGGGAA-1",6
"TTACTCTGGTACGTAC-1",6
"TTACTGGGATATTTCA-1",6
"TTACTGTCTAGAGCTC-1",2
"TTACTGTTTCTCTACG-1",1
"TTAGAAGAACATGACT-1",4
"TTAGAATAAGGGTCGG-1",3
"TTAGACACGATCGTTG-1",1
"TTAGACGAGTCACCTC-1",6
"TTAGAGTTTAGAAGGA-1",6
"TTAGATAGGTCGATAC-1",1
"TTAGCAACATGGATGT-1",1
"TTAGCTAATACGATCT-1",5
"TTAGCTCTGTAATCCG-1",1
"TTAGCTGATTTGCCGT-1",1
"TTAGGTCATAACCGAC-1",3
"TTAGTAAACCTGCTCT-1",6
"TTAGTAGGGCGGCGGG-1",6
"TTAGTTATTCGTGGCA-1",6
"TTAGTTCAAGTGTTCG-1",2
"TTATAGATGCACATTA-1",1
"TTATAGGTAATTGTCT-1",3
"TTATAGTCCAAGGTGC-1",2
"TTATATACGCTGTCAC-1",6
"TTATATTTGGCAATCC-1",1
"TTATCCAATCGAACTC-1",6
"TTATCCGGGATCTATA-1",6
"TTATCCTCAAGGAATA-1",6
"TTATCGCCTGCGAAGC-1",6
"TTATCTGACATTAGGA-1",6
"TTATCTGTATCATAAC-1",1
"TTATGAATGAAAGGGA-1",6
"TTATGACAAACTGGAT-1",6
"TTATGATCTTAACGAA-1",1
"TTATGCGTCCCGGTCC-1",1
"TTATGTTTGCGATAGA-1",1
"TTATTAGAGCGTGTTC-1",6
"TTATTAGGGAAGCATC-1",1
"TTATTATCTGGAAGGC-1",6
"TTCAAAGTCTCTAGCC-1",6
"TTCAACGACCCGACCG-1",1
"TTCAAGCCGAGCTGAG-1",1
"TTCAATACTCTGAATC-1",6
"TTCAATTAGCCATAAT-1",5
"TTCACGAAAGGATCAC-1",6
"TTCACTCGAGCACCTA-1",4
"TTCACTTCCTAGAACG-1",7
"TTCAGAGTAACCTGAC-1",1
"TTCAGCCCTGGTCCAC-1",6
"TTCAGCTGGCGTGCCC-1",6
"TTCAGGCGTCAAAGCC-1",1
"TTCAGTTTGTGGCAGC-1",1
"TTCATAGCCTTGTAAC-1",2
"TTCATAGGGTGTCCAT-1",2
"TTCATGGCGCAACAGG-1",1
"TTCCAATCAGAGCTAG-1",1
"TTCCAATCTGGCTATC-1",6
"TTCCACACAGATTTGA-1",6
"TTCCACATTTCTCGTC-1",2
"TTCCAGACGAGATTTA-1",1
"TTCCATCATGCGGTGA-1",1
"TTCCATCGACAGCGTG-1",6
"TTCCCGACGCTTCACT-1",1
"TTCCCGGCGCCAATAG-1",6
"TTCCGCAGAGAAATAT-1",2
"TTCCGCGTGAGGCGAT-1",6
"TTCCGGCCTTGAGGCT-1",4
"TTCCGGCTCGACTTCT-1",1
"TTCCGGTATCTGTGTC-1",1
"TTCCGGTTACCCACTT-1",6
"TTCCTCGAGGGTGTCT-1",1
"TTCCTCGGACTAACCA-1",6
"TTCCTCTGCCCGAATA-1",6
"TTCCTTTCTGTGTTGC-1",1
"TTCGACAGAGCCCGTG-1",4
"TTCGACGGGAAGGGCG-1",1
"TTCGAGCCGGCGCTAC-1",2
"TTCGCACTCGCGTGCT-1",6
"TTCGCACTGTACGACA-1",3
"TTCGCATCCGGAAGCA-1",1
"TTCGCCGCTCGCGCTA-1",6
"TTCGCGCGCCATACGA-1",7
"TTCGCTAGGAAGTTGT-1",6
"TTCGCTATCTGACGTG-1",1
"TTCGGACTGATGCCTT-1",1
"TTCGGCAACCCGCTGA-1",1
"TTCGGCTAGAGATGGT-1",1
"TTCGGGACTAATCGCG-1",1
"TTCGGGCGCTAGTCTT-1",4
"TTCGGGTTGCCACGGG-1",6
"TTCGGTACTGTAGAGG-1",7
"TTCGGTGGAGACGCCC-1",6
"TTCGTAATCCCAGCGG-1",1
"TTCGTACTCCAGAACG-1",6
"TTCGTGGGCTGGAAGC-1",1
"TTCGTTCAACGAAGTT-1",1
"TTCTAACCGAAGCTTA-1",1
"TTCTACCTCAATCGGT-1",4
"TTCTACCTTTATGTTG-1",1
"TTCTACTTGCGAGGGC-1",1
"TTCTAGAAAGTCTTAT-1",3
"TTCTAGGCCAATTGTG-1",6
"TTCTATGCCTTTCGCA-1",2
"TTCTATTAAACGCAGC-1",7
"TTCTCTTACAGGTGAT-1",6
"TTCTGACCGGGCTCAA-1",6
"TTCTGCCGCGCCTAGA-1",6
"TTCTGCGAGCGCCCTT-1",1
"TTCTGCGGGTTAGCGG-1",6
"TTCTGCTAGACTCCAA-1",2
"TTCTGTTTCCTGTCGC-1",1
"TTCTTAGTGAACGGTG-1",1
"TTCTTAGTGGCTCAGA-1",1
"TTCTTATCCGCTGGGT-1",6
"TTCTTCCCTTTGATAT-1",5
"TTCTTCGCAATAGAGC-1",6
"TTCTTGAGCCGCGCTA-1",6
"TTCTTGCTAGCATCTC-1",1
"TTCTTGGACGATCTGC-1",6
"TTCTTGGAGTAATGAG-1",1
"TTCTTGTAACCTAATG-1",1
"TTCTTGTGTCCATCAG-1",1
"TTCTTTGGTCGCGACG-1",1
"TTGAAAGGTGTAAAGG-1",1
"TTGAACGAATCCTTTG-1",6
"TTGAACGACGTGCTGA-1",4
"TTGAAGAATTCCCAGG-1",6
"TTGAAGGATGGGCGCC-1",6
"TTGAATATGGACTTTC-1",1
"TTGAATCGTTGTATAA-1",6
"TTGAATTCACGTGAGG-1",6
"TTGACAGGAGCTCCCG-1",6
"TTGACATGAACGTGGA-1",6
"TTGACCAGGAACAACT-1",7
"TTGACCATGTTCTCCG-1",1
"TTGACCGTGTTAATGA-1",6
"TTGACGATTCAGCACG-1",1
"TTGACGCTCCATGAGC-1",6
"TTGACTACCATATGGT-1",6
"TTGACTATTGTCCGGC-1",6
"TTGAGAAGTTTAGCAT-1",6
"TTGAGAGTACTGCTAA-1",6
"TTGAGCAGCCCACGGT-1",1
"TTGAGCGCCACGTGAT-1",6
"TTGAGGCATTTAACTC-1",2
"TTGAGGGTCGAACGCG-1",2
"TTGAGTCCCGCTGCTG-1",1
"TTGATAGTCAATACAT-1",5
"TTGATCTAACTTTGTC-1",6
"TTGATGTGTAGTCCCG-1",1
"TTGATTAGCTGTTTCT-1",6
"TTGATTATGCAGATGA-1",1
"TTGCACAATTCAGAAA-1",6
"TTGCACGGAGCAGCAC-1",1
"TTGCAGGTCATGAAGT-1",1
"TTGCATGCTGATCACG-1",6
"TTGCCAAGCAGAACCC-1",1
"TTGCCATAGCCCGCTC-1",6
"TTGCCCTGATCACGGG-1",6
"TTGCCGCAGACCTACA-1",6
"TTGCCGCTTTCTAGTA-1",7
"TTGCCGGTGATCCCTC-1",6
"TTGCCTAATCCAAAGT-1",7
"TTGCGCTCTCTCGCTT-1",2
"TTGCGGCATCAGAAAG-1",4
"TTGCGGCGACTCATGC-1",2
"TTGCGTAGTTTGAGGA-1",6
"TTGCGTCGGCCAACCG-1",6
"TTGCGTGAACGCTTAG-1",2
"TTGCGTGTGTAGGCAT-1",7
"TTGCTAGCTACCAATC-1",1
"TTGCTCCCATACCGGA-1",1
"TTGCTGAAGGAACCAC-1",1
"TTGCTGATCATGTTCG-1",6
"TTGCTGCACCTATCCA-1",1
"TTGCTGGCCGGGCTTC-1",1
"TTGGAAGAATACAGTC-1",6
"TTGGACATGTGGCTTA-1",6
"TTGGACCATCTGGCAA-1",6
"TTGGACCTATAACAGT-1",6
"TTGGAGTCTCCCTTCT-1",2
"TTGGATATCGTCTACG-1",6
"TTGGATCGACTTCTGG-1",1
"TTGGATTGGGTACCAC-1",1
"TTGGCCATCTTGCGCT-1",1
"TTGGCCTAGAATTTCG-1",1
"TTGGCGATCCGAATAT-1",2
"TTGGCTCAATATGTGT-1",6
"TTGGCTCGCATGAGAC-1",6
"TTGGGAAGACGAGCCG-1",7
"TTGGGACACTGCCCGC-1",1
"TTGGGACGTAAGAGTT-1",6
"TTGGGCGGCGGTTGCC-1",1
"TTGGGTTTATTCAGCG-1",2
"TTGGTATGGCTTGTGT-1",2
"TTGGTCACACTCGTAA-1",6
"TTGGTGCGGTGTTGAA-1",2
"TTGGTTGCGGTGCGCG-1",6
"TTGTAACTTCATAGCG-1",2
"TTGTAAGGACCTAAGT-1",6
"TTGTAAGGCCAGTTGG-1",1
"TTGTAATCCGTACTCG-1",6
"TTGTATCACACAGAAT-1",1
"TTGTCGTTCAGTTACC-1",6
"TTGTGAACCTAATCCG-1",6
"TTGTGAGGCATGACGC-1",6
"TTGTGCAGCCACGTCA-1",4
"TTGTGGCCCTGACAGT-1",1
"TTGTGGTAGGAGGGAT-1",6
"TTGTGGTGGTACTAAG-1",6
"TTGTGTATGCCACCAA-1",4
"TTGTGTTTCCCGAAAG-1",4
"TTGTTAGCAAATTCGA-1",1
"TTGTTCAGTGTGCTAC-1",1
"TTGTTCTAGATACGCT-1",2
"TTGTTGTGTGTCAAGA-1",1
"TTGTTTCACATCCAGG-1",4
"TTGTTTCATTAGTCTA-1",4
"TTGTTTCCATACAACT-1",6
"TTGTTTGTGTAAATTC-1",1
